order_id,order_time,day_of_week,num_items,order_value,prep_time,restaurant_load,rider_assignment_delay,pickup_wait,distance_km,traffic_level,weather,area_type,rider_experience,peak_hour,actual_delivery_time,promised_eta,customer_zone,restaurant_zone,batch_delivery
ORD-1000,22:41,Thursday,3,516,11,Moderate,1,1,4.9,Moderate,Clear,Urban,Moderate,No,28,59,Z5,Z7,No
ORD-1001,11:12,Thursday,9,1832,20,Very High,4,2,1.5,Moderate,Hot,Urban,Moderate,No,33,42,Z7,Z7,No
ORD-1002,16:12,Sunday,2,294,6,Moderate,2,1,1.7,Moderate,Rain,Dense Urban,Experienced,No,21,32,Z1,Z7,No
ORD-1003,12:58,Wednesday,3,857,16,Moderate,4,3,4.6,Heavy,Clear,Urban,Moderate,Yes,43,43,Z5,Z2,No
ORD-1004,19:31,Wednesday,1,250,9,High,4,15,6.5,Severe,Hot,Suburban,Moderate,Yes,63,52,Z5,Z3,No
ORD-1005,19:10,Tuesday,2,409,10,High,3,3,1.7,Moderate,Hot,Urban,Moderate,Yes,25,32,Z5,Z1,No
ORD-1006,13:42,Thursday,2,349,18,High,2,8,3.5,Moderate,Clear,Urban,Moderate,Yes,45,42,Z7,Z6,Yes
ORD-1007,21:59,Thursday,1,206,11,Moderate,4,5,5.6,Heavy,Clear,Urban,New,Yes,54,44,Z3,Z4,No
ORD-1008,10:35,Saturday,2,235,11,Low,6,5,2.5,Heavy,Rain,Urban,New,No,37,35,Z5,Z3,No
ORD-1009,23:18,Wednesday,10,1919,17,Low,3,2,7.2,Heavy,Rain,Urban,Moderate,No,60,65,Z7,Z4,No
ORD-1010,19:25,Tuesday,4,1160,11,Moderate,3,1,2.0,Heavy,Clear,Suburban,Moderate,Yes,26,41,Z3,Z1,No
ORD-1011,15:12,Tuesday,3,912,15,Moderate,5,4,4.8,Low,Clear,Dense Urban,New,No,44,59,Z1,Z8,No
ORD-1012,13:15,Saturday,1,139,11,High,7,11,2.9,Heavy,Rain,Dense Urban,Experienced,Yes,49,36,Z4,Z1,No
ORD-1013,21:57,Tuesday,2,368,22,High,6,5,3.4,Heavy,Rain,Dense Urban,Experienced,Yes,51,44,Z2,Z3,No
ORD-1014,19:29,Tuesday,3,634,17,Moderate,4,3,1.2,Moderate,Clear,Urban,Moderate,Yes,31,25,Z2,Z2,No
ORD-1015,19:06,Saturday,3,511,12,Moderate,5,3,6.7,Heavy,Clear,Dense Urban,New,Yes,60,54,Z7,Z8,Yes
ORD-1016,14:03,Saturday,2,291,8,Moderate,6,7,10.1,Low,Clear,Suburban,Moderate,Yes,41,58,Z5,Z5,No
ORD-1017,19:03,Monday,1,130,10,High,2,2,1.6,Heavy,Hot,Urban,Experienced,Yes,24,24,Z6,Z4,No
ORD-1018,21:33,Monday,1,357,16,High,6,3,2.0,Moderate,Rain,Dense Urban,Moderate,Yes,49,48,Z7,Z8,No
ORD-1019,19:31,Wednesday,1,153,11,High,6,2,4.1,Heavy,Clear,Urban,New,Yes,40,36,Z1,Z5,Yes
ORD-1020,13:57,Wednesday,3,627,27,Very High,11,10,7.4,Low,Clear,Suburban,New,Yes,70,82,Z4,Z2,No
ORD-1021,12:11,Friday,7,1039,34,Very High,6,3,1.9,Moderate,Clear,Dense Urban,Experienced,Yes,56,35,Z3,Z7,Yes
ORD-1022,18:23,Tuesday,2,236,11,Low,3,9,2.3,Moderate,Rain,Dense Urban,Moderate,No,38,30,Z6,Z4,No
ORD-1023,12:04,Sunday,8,646,36,High,6,2,4.3,Heavy,Rain,Urban,Moderate,Yes,68,57,Z2,Z2,Yes
ORD-1024,13:09,Tuesday,1,269,8,Moderate,5,5,3.8,Low,Clear,Suburban,Experienced,Yes,29,33,Z1,Z3,No
ORD-1025,22:57,Sunday,3,469,14,High,1,2,2.0,Low,Clear,Urban,Moderate,No,25,36,Z4,Z8,No
ORD-1026,21:25,Wednesday,4,654,22,Very High,6,4,3.9,Moderate,Clear,Urban,Experienced,Yes,61,42,Z8,Z7,No
ORD-1027,12:08,Friday,4,1405,30,High,7,3,1.0,Heavy,Clear,Urban,Moderate,Yes,47,28,Z7,Z1,No
ORD-1028,21:55,Thursday,3,826,28,High,3,2,2.2,Heavy,Clear,Urban,Moderate,Yes,48,31,Z3,Z4,Yes
ORD-1029,19:11,Tuesday,1,132,10,Low,4,4,2.4,Severe,Rain,Urban,Experienced,Yes,35,33,Z3,Z7,Yes
ORD-1030,18:31,Monday,3,533,18,Moderate,2,5,2.2,Moderate,Rain,Dense Urban,Moderate,No,39,30,Z4,Z3,No
ORD-1031,13:24,Thursday,3,647,13,High,4,5,5.0,Heavy,Clear,Dense Urban,Moderate,Yes,44,45,Z2,Z5,No
ORD-1032,11:21,Thursday,2,524,11,High,6,2,2.7,Moderate,Clear,Suburban,Moderate,No,29,53,Z1,Z6,No
ORD-1033,14:13,Monday,1,224,9,Moderate,4,3,3.9,Heavy,Clear,Urban,Experienced,Yes,32,38,Z5,Z3,No
ORD-1034,21:33,Wednesday,3,636,15,High,1,2,1.8,Heavy,Rain,Dense Urban,New,Yes,32,34,Z8,Z7,No
ORD-1035,12:50,Monday,2,249,8,Moderate,2,5,1.6,Heavy,Hot,Dense Urban,New,Yes,26,35,Z8,Z3,No
ORD-1036,19:42,Monday,3,380,18,Very High,2,3,6.3,Moderate,Clear,Urban,Moderate,Yes,48,47,Z5,Z7,Yes
ORD-1037,13:32,Saturday,3,923,13,Moderate,8,3,2.8,Heavy,Clear,Dense Urban,Moderate,Yes,41,37,Z1,Z5,No
ORD-1038,14:56,Sunday,2,264,11,Moderate,2,5,3.5,Moderate,Clear,Urban,Experienced,No,30,32,Z5,Z5,No
ORD-1039,13:40,Tuesday,3,262,18,High,2,8,0.7,Heavy,Clear,Dense Urban,Experienced,Yes,36,27,Z4,Z1,No
ORD-1040,13:17,Thursday,5,253,27,High,5,2,4.8,Heavy,Clear,Dense Urban,Experienced,Yes,53,53,Z2,Z6,No
ORD-1041,12:10,Sunday,4,704,12,Low,5,7,2.5,Moderate,Clear,Dense Urban,Moderate,Yes,56,34,Z8,Z7,Yes
ORD-1042,21:44,Wednesday,7,1309,21,High,5,2,5.0,Heavy,Clear,Urban,Moderate,Yes,52,47,Z3,Z2,No
ORD-1043,16:15,Tuesday,3,648,11,Low,3,13,0.4,Low,Clear,Suburban,Moderate,No,32,26,Z5,Z3,No
ORD-1044,21:34,Saturday,2,443,14,High,2,5,5.7,Moderate,Clear,Urban,Experienced,Yes,41,48,Z4,Z1,No
ORD-1045,16:51,Tuesday,3,564,18,High,2,7,2.5,Low,Clear,Suburban,Experienced,No,45,31,Z3,Z1,No
ORD-1046,13:19,Thursday,4,471,30,Very High,1,9,4.9,Moderate,Hot,Dense Urban,Experienced,Yes,60,50,Z7,Z5,No
ORD-1047,21:17,Wednesday,2,335,11,Moderate,8,7,0.8,Low,Clear,Suburban,Moderate,Yes,32,26,Z4,Z3,No
ORD-1048,19:35,Thursday,2,280,19,High,3,3,4.3,Severe,Clear,Urban,Experienced,Yes,46,39,Z2,Z2,No
ORD-1049,22:01,Tuesday,2,230,16,High,10,6,1.6,Moderate,Clear,Dense Urban,Experienced,Yes,42,38,Z7,Z8,No
ORD-1050,19:21,Monday,5,958,17,Moderate,1,1,5.5,Moderate,Clear,Urban,Moderate,Yes,36,47,Z6,Z8,No
ORD-1051,18:35,Thursday,4,506,19,Moderate,1,5,0.7,Heavy,Clear,Urban,New,No,32,27,Z5,Z3,No
ORD-1052,13:12,Sunday,2,363,8,Moderate,3,5,4.0,Heavy,Cold,Urban,New,Yes,36,38,Z1,Z7,No
ORD-1053,19:25,Saturday,5,857,36,Very High,5,3,6.2,Moderate,Clear,Urban,New,Yes,65,48,Z3,Z3,No
ORD-1054,19:30,Sunday,4,608,30,High,4,10,3.2,Heavy,Clear,Dense Urban,New,Yes,64,39,Z4,Z2,No
ORD-1055,14:29,Wednesday,7,881,22,Moderate,2,5,0.9,Heavy,Cold,Dense Urban,Experienced,Yes,38,38,Z7,Z2,No
ORD-1056,19:48,Monday,3,411,17,Very High,1,3,2.1,Moderate,Clear,Urban,Moderate,Yes,31,34,Z1,Z7,No
ORD-1057,21:51,Tuesday,1,212,15,High,2,6,4.9,Heavy,Hot,Dense Urban,Experienced,Yes,49,43,Z3,Z4,Yes
ORD-1058,14:49,Wednesday,2,365,12,Moderate,45,4,3.5,Moderate,Rain,Suburban,Moderate,No,76,36,Z2,Z8,No
ORD-1059,23:40,Sunday,4,961,9,Low,4,9,3.0,Moderate,Clear,Urban,Moderate,No,34,39,Z1,Z3,No
ORD-1060,18:34,Sunday,2,751,10,Moderate,2,2,3.5,Moderate,Clear,Suburban,Moderate,No,27,37,Z2,Z6,No
ORD-1061,21:08,Tuesday,4,635,20,High,1,3,4.7,Heavy,Clear,Dense Urban,New,Yes,53,46,Z5,Z6,Yes
ORD-1062,21:34,Wednesday,3,391,13,Moderate,5,5,4.2,Severe,Clear,Dense Urban,New,Yes,50,49,Z6,Z3,No
ORD-1063,13:25,Thursday,3,533,9,Moderate,7,8,1.0,Moderate,Clear,Suburban,New,Yes,34,29,Z4,Z8,Yes
ORD-1064,21:21,Wednesday,2,242,15,Moderate,7,3,0.4,Heavy,Clear,Urban,Experienced,Yes,30,22,Z3,Z5,No
ORD-1065,13:19,Saturday,2,450,12,Moderate,6,8,3.4,Heavy,Clear,Dense Urban,Experienced,Yes,45,34,Z7,Z4,Yes
ORD-1066,18:02,Saturday,2,289,11,Moderate,7,2,3.5,Low,Hot,Dense Urban,Experienced,No,34,29,Z1,Z3,No
ORD-1067,14:04,Sunday,2,468,8,Moderate,6,5,2.2,Low,Clear,Suburban,Moderate,Yes,28,29,Z7,Z4,No
ORD-1068,23:09,Thursday,7,1048,17,High,4,6,5.4,Low,Clear,Dense Urban,Experienced,No,44,48,Z2,Z6,No
ORD-1069,11:41,Sunday,3,305,14,Moderate,3,4,5.1,Low,Clear,Suburban,Moderate,No,35,51,Z8,Z2,No
ORD-1070,18:07,Thursday,1,286,9,Moderate,2,5,3.5,Moderate,Clear,Urban,Experienced,No,29,31,Z1,Z2,No
ORD-1071,19:34,Tuesday,2,477,11,Very High,2,2,3.4,Moderate,Clear,Urban,Moderate,Yes,27,36,Z1,Z2,No
ORD-1072,13:30,Saturday,1,181,20,Very High,9,1,6.2,Moderate,Clear,Suburban,Moderate,Yes,49,52,Z3,Z5,No
ORD-1073,20:46,Saturday,2,378,7,High,1,2,2.6,Low,Clear,Suburban,Moderate,Yes,19,32,Z5,Z8,No
ORD-1074,13:09,Thursday,6,1031,14,Low,3,1,4.0,Heavy,Clear,Suburban,Experienced,Yes,32,43,Z7,Z1,No
ORD-1075,19:59,Friday,3,791,19,High,5,3,2.2,Severe,Clear,Dense Urban,Experienced,Yes,46,41,Z2,Z3,No
ORD-1076,09:18,Monday,2,200,7,Low,4,7,1.4,Moderate,Clear,Dense Urban,New,No,29,46,Z7,Z1,No
ORD-1077,22:56,Friday,4,539,14,Moderate,9,1,0.9,Moderate,Clear,Dense Urban,Experienced,No,32,30,Z8,Z8,No
ORD-1078,23:19,Monday,1,175,7,Low,8,2,1.8,Heavy,Clear,Dense Urban,Moderate,No,30,31,Z7,Z8,No
ORD-1079,11:45,Friday,2,520,13,Moderate,7,7,2.7,Heavy,Hot,Urban,Experienced,No,39,29,Z2,Z4,No
ORD-1080,14:12,Sunday,3,441,12,High,4,4,5.1,Moderate,Clear,Suburban,Experienced,Yes,34,46,Z6,Z6,No
ORD-1081,18:00,Monday,5,557,17,Moderate,5,4,4.6,Moderate,Clear,Dense Urban,Moderate,No,45,42,Z7,Z4,No
ORD-1082,20:10,Wednesday,7,778,22,High,10,2,2.9,Severe,Clear,Urban,Moderate,Yes,61,41,Z1,Z2,No
ORD-1083,12:06,Wednesday,2,292,11,High,4,3,5.0,Low,Clear,Urban,Experienced,Yes,31,44,Z4,Z6,No
ORD-1084,15:08,Monday,5,732,15,Low,5,3,7.3,Low,Clear,Suburban,Moderate,No,41,53,Z6,Z6,No
ORD-1085,22:22,Friday,3,358,20,High,4,8,5.7,Severe,Clear,Dense Urban,New,Yes,70,55,Z5,Z3,No
ORD-1086,21:11,Saturday,3,761,13,Moderate,2,9,1.0,Heavy,Rain,Dense Urban,Experienced,Yes,38,29,Z7,Z3,Yes
ORD-1087,23:00,Friday,5,1269,23,Low,1,10,2.1,Moderate,Clear,Urban,Moderate,No,57,33,Z5,Z8,No
ORD-1088,19:50,Monday,2,439,12,High,3,6,2.2,Moderate,Hot,Urban,New,Yes,47,36,Z2,Z7,No
ORD-1089,11:39,Tuesday,2,520,9,Low,1,3,2.5,Moderate,Clear,Suburban,Experienced,No,21,50,Z4,Z2,No
ORD-1090,11:02,Thursday,4,801,24,Very High,3,8,4.7,Moderate,Clear,Dense Urban,Experienced,No,54,44,Z8,Z5,No
ORD-1091,21:34,Saturday,7,643,27,High,6,7,0.6,Heavy,Clear,Urban,New,Yes,49,33,Z8,Z7,Yes
ORD-1092,20:25,Thursday,5,644,23,Moderate,4,5,2.7,Severe,Fog,Dense Urban,New,Yes,56,44,Z3,Z7,No
ORD-1093,21:40,Sunday,5,1329,10,Low,8,5,3.7,Moderate,Clear,Dense Urban,Moderate,Yes,38,45,Z3,Z8,No
ORD-1094,22:39,Friday,2,385,16,Moderate,1,2,0.6,Low,Clear,Urban,Moderate,No,27,24,Z5,Z8,Yes
ORD-1095,16:59,Sunday,3,610,11,Moderate,9,2,1.3,Moderate,Clear,Dense Urban,Experienced,No,35,26,Z1,Z8,Yes
ORD-1096,13:02,Saturday,2,315,20,High,1,2,1.1,Moderate,Clear,Urban,Experienced,Yes,29,27,Z5,Z5,No
ORD-1097,20:48,Tuesday,3,463,12,High,5,4,3.5,Heavy,Rain,Suburban,New,Yes,41,43,Z2,Z1,No
ORD-1098,12:47,Sunday,7,897,22,High,2,4,1.0,Heavy,Hot,Urban,Experienced,Yes,35,58,Z3,Z7,No
ORD-1099,13:53,Thursday,3,580,13,Low,6,6,5.0,Moderate,Hot,Urban,Experienced,Yes,41,43,Z1,Z1,No
ORD-1100,21:35,Sunday,6,611,12,Low,5,3,2.4,Low,Clear,Suburban,Moderate,Yes,28,40,Z8,Z3,No
ORD-1101,17:19,Thursday,4,667,16,Moderate,11,3,8.7,Low,Clear,Suburban,Moderate,No,48,52,Z6,Z3,No
ORD-1102,20:29,Saturday,2,257,6,Moderate,6,5,6.3,Heavy,Clear,Suburban,Moderate,Yes,47,51,Z5,Z3,No
ORD-1103,20:09,Saturday,4,408,11,Moderate,9,3,0.8,Heavy,Fog,Urban,New,Yes,31,33,Z6,Z3,No
ORD-1104,21:58,Wednesday,3,343,12,Low,2,4,5.0,Low,Clear,Suburban,Experienced,Yes,34,39,Z4,Z5,Yes
ORD-1105,19:56,Monday,5,1053,23,High,2,7,2.4,Moderate,Cold,Urban,Experienced,Yes,41,43,Z5,Z8,No
ORD-1106,21:48,Tuesday,4,673,35,Very High,6,3,4.0,Heavy,Clear,Dense Urban,New,Yes,67,47,Z2,Z3,No
ORD-1107,21:55,Thursday,2,306,15,High,1,4,3.3,Low,Clear,Urban,Experienced,Yes,31,34,Z5,Z8,No
ORD-1108,23:07,Sunday,3,618,17,Moderate,5,3,1.1,Heavy,Clear,Dense Urban,Moderate,No,35,25,Z5,Z5,No
ORD-1109,20:03,Friday,3,500,11,High,2,2,5.2,Moderate,Clear,Urban,Experienced,Yes,34,47,Z5,Z7,No
ORD-1110,13:13,Sunday,6,545,16,High,1,6,5.9,Moderate,Clear,Dense Urban,Experienced,Yes,47,53,Z7,Z8,Yes
ORD-1111,10:06,Sunday,1,221,55,Moderate,4,3,1.6,Heavy,Clear,Dense Urban,Experienced,No,73,48,Z7,Z4,No
ORD-1112,12:54,Sunday,1,218,8,High,2,10,2.8,Heavy,Clear,Urban,Moderate,Yes,34,38,Z3,Z1,No
ORD-1113,13:29,Friday,1,215,6,Low,5,1,7.0,Low,Clear,Urban,Experienced,Yes,31,50,Z2,Z4,No
ORD-1114,13:45,Friday,1,162,12,Moderate,10,18,1.9,Severe,Clear,Urban,New,Yes,56,28,Z1,Z3,Yes
ORD-1115,20:15,Saturday,2,468,8,Low,2,4,1.9,Moderate,Fog,Dense Urban,Moderate,Yes,30,29,Z4,Z3,Yes
ORD-1116,14:33,Sunday,1,174,8,Moderate,8,4,5.6,Low,Clear,Urban,New,No,47,37,Z1,Z6,No
ORD-1117,12:37,Sunday,2,387,11,Moderate,10,9,3.0,Low,Clear,Suburban,New,Yes,39,37,Z4,Z6,No
ORD-1118,19:46,Friday,3,365,16,Low,1,3,7.5,Moderate,Rain,Suburban,Moderate,Yes,44,54,Z5,Z4,No
ORD-1119,21:36,Friday,3,529,16,Very High,2,3,1.7,Severe,Cold,Dense Urban,Moderate,Yes,36,32,Z1,Z3,No
ORD-1120,14:31,Friday,1,157,8,High,3,8,4.3,Low,Cold,Suburban,New,No,34,36,Z7,Z6,No
ORD-1121,22:13,Saturday,5,607,12,High,2,5,2.8,Heavy,Cold,Dense Urban,Moderate,Yes,34,39,Z3,Z3,No
ORD-1122,15:55,Sunday,1,261,12,Low,1,5,2.6,Moderate,Clear,Urban,Moderate,No,28,32,Z4,Z3,No
ORD-1123,20:39,Monday,4,679,11,Moderate,1,3,3.7,Moderate,Clear,Urban,Experienced,Yes,29,56,Z6,Z5,No
ORD-1124,15:57,Friday,4,688,11,Low,3,2,1.4,Moderate,Fog,Dense Urban,Experienced,No,27,30,Z8,Z4,No
ORD-1125,13:23,Saturday,4,409,40,Very High,5,4,3.2,Moderate,Clear,Urban,Experienced,Yes,61,44,Z1,Z8,No
ORD-1126,14:26,Monday,8,1509,16,High,3,2,3.3,Moderate,Clear,Suburban,Moderate,Yes,33,44,Z7,Z8,No
ORD-1127,19:29,Tuesday,9,1162,22,High,3,2,3.1,Heavy,Clear,Dense Urban,New,Yes,47,48,Z5,Z6,No
ORD-1128,12:04,Saturday,5,878,28,Very High,4,2,3.5,Low,Hot,Suburban,Experienced,Yes,45,42,Z3,Z8,No
ORD-1129,19:36,Wednesday,5,716,35,Very High,6,4,2.8,Severe,Fog,Urban,Moderate,Yes,62,43,Z7,Z3,No
ORD-1130,13:42,Saturday,3,530,12,High,1,5,4.0,Heavy,Fog,Urban,Moderate,Yes,34,44,Z1,Z3,No
ORD-1131,19:36,Sunday,2,341,20,High,4,3,2.2,Moderate,Cold,Suburban,Moderate,Yes,39,36,Z7,Z2,Yes
ORD-1132,23:45,Saturday,3,340,14,Moderate,3,10,3.7,Moderate,Hot,Urban,New,No,43,55,Z1,Z7,No
ORD-1133,13:16,Friday,6,1228,18,High,6,4,4.3,Moderate,Hot,Urban,Moderate,Yes,44,62,Z6,Z7,No
ORD-1134,16:23,Monday,2,703,20,High,2,2,3.3,Moderate,Fog,Urban,Moderate,No,37,33,Z7,Z6,No
ORD-1135,22:09,Saturday,1,136,17,High,7,11,3.2,Heavy,Cold,Urban,Experienced,Yes,47,45,Z7,Z1,No
ORD-1136,12:50,Saturday,3,713,15,High,4,3,3.0,Heavy,Clear,Dense Urban,Moderate,Yes,39,38,Z8,Z6,No
ORD-1137,20:53,Tuesday,2,410,12,Low,3,6,5.1,Low,Clear,Urban,Moderate,Yes,36,45,Z7,Z6,No
ORD-1138,19:00,Sunday,2,337,19,High,4,3,6.6,Heavy,Clear,Urban,Moderate,Yes,52,73,Z7,Z7,No
ORD-1139,20:31,Saturday,7,1529,24,Moderate,6,1,3.7,Heavy,Clear,Urban,Experienced,Yes,45,42,Z3,Z3,No
ORD-1140,20:02,Sunday,2,346,16,Very High,8,7,2.8,Moderate,Clear,Suburban,Moderate,Yes,41,33,Z1,Z4,No
ORD-1141,20:41,Thursday,3,464,10,Moderate,2,4,2.3,Moderate,Clear,Urban,Experienced,Yes,25,31,Z8,Z4,No
ORD-1142,19:30,Saturday,1,180,8,High,5,4,1.4,Heavy,Clear,Dense Urban,Experienced,Yes,36,40,Z6,Z5,No
ORD-1143,09:55,Friday,4,1563,18,Moderate,8,6,1.8,Low,Rain,Dense Urban,Experienced,No,44,40,Z1,Z7,No
ORD-1144,21:01,Wednesday,3,339,10,Moderate,4,4,1.5,Severe,Clear,Urban,New,Yes,29,36,Z8,Z2,No
ORD-1145,14:45,Tuesday,3,393,11,Low,4,4,1.5,Low,Rain,Urban,Experienced,No,26,25,Z6,Z8,No
ORD-1146,14:19,Wednesday,3,972,16,Very High,3,2,5.2,Moderate,Hot,Urban,Moderate,Yes,37,46,Z1,Z1,No
ORD-1147,19:34,Monday,1,103,14,Moderate,3,3,4.3,Heavy,Hot,Suburban,Moderate,Yes,38,43,Z7,Z7,No
ORD-1148,17:23,Monday,2,253,14,Low,3,1,1.3,Low,Rain,Urban,Experienced,No,24,26,Z8,Z1,No
ORD-1149,22:01,Saturday,6,692,20,Moderate,3,2,1.8,Severe,Clear,Dense Urban,Moderate,Yes,43,34,Z4,Z5,Yes
ORD-1150,15:25,Sunday,4,1004,21,Moderate,1,9,3.3,Low,Clear,Urban,Experienced,No,42,60,Z4,Z4,No
ORD-1151,18:45,Sunday,3,505,9,Low,3,2,1.1,Low,Clear,Urban,Experienced,No,20,24,Z3,Z5,No
ORD-1152,22:15,Sunday,2,347,14,High,3,10,1.8,Moderate,Clear,Dense Urban,Moderate,Yes,47,31,Z5,Z3,Yes
ORD-1153,21:54,Wednesday,5,1766,24,Very High,7,1,2.3,Moderate,Rain,Dense Urban,Moderate,Yes,51,40,Z3,Z7,Yes
ORD-1154,20:39,Tuesday,3,623,22,High,6,2,3.9,Heavy,Clear,Dense Urban,Moderate,Yes,50,47,Z3,Z8,No
ORD-1155,15:49,Thursday,1,255,7,Low,3,5,2.3,Moderate,Clear,Urban,New,No,25,33,Z5,Z3,No
ORD-1156,20:48,Saturday,2,349,14,Very High,3,2,1.7,Heavy,Fog,Suburban,Moderate,Yes,29,36,Z3,Z5,No
ORD-1157,21:36,Sunday,1,150,12,Moderate,4,9,3.0,Moderate,Clear,Dense Urban,Experienced,Yes,40,57,Z7,Z3,No
ORD-1158,11:54,Thursday,1,172,9,Low,1,7,1.5,Heavy,Clear,Urban,New,No,27,25,Z4,Z6,No
ORD-1159,13:59,Sunday,2,289,20,High,2,4,4.7,Severe,Clear,Dense Urban,New,Yes,74,45,Z1,Z6,Yes
ORD-1160,11:43,Sunday,2,262,6,Moderate,1,5,3.5,Moderate,Clear,Suburban,Moderate,No,23,36,Z4,Z1,No
ORD-1161,09:46,Thursday,5,539,12,Low,3,4,2.5,Moderate,Clear,Urban,Experienced,No,27,55,Z2,Z2,No
ORD-1162,17:38,Tuesday,4,661,10,Moderate,3,3,3.0,Heavy,Clear,Urban,Moderate,No,29,35,Z3,Z1,No
ORD-1163,13:31,Friday,2,293,12,High,3,8,3.5,Moderate,Cold,Suburban,Moderate,Yes,35,39,Z6,Z8,No
ORD-1164,22:13,Thursday,2,517,8,Moderate,5,2,6.1,Heavy,Clear,Suburban,Experienced,Yes,35,44,Z1,Z3,No
ORD-1165,20:39,Sunday,6,677,19,High,17,3,2.3,Heavy,Rain,Suburban,Moderate,Yes,51,47,Z3,Z2,No
ORD-1166,21:34,Friday,1,339,25,Very High,3,3,2.5,Heavy,Clear,Dense Urban,New,Yes,48,38,Z7,Z3,No
ORD-1167,20:27,Friday,4,679,15,High,2,6,2.1,Heavy,Clear,Urban,New,Yes,34,35,Z1,Z1,No
ORD-1168,19:37,Friday,4,648,21,High,2,1,2.8,Moderate,Hot,Suburban,Moderate,Yes,36,41,Z6,Z3,No
ORD-1169,17:43,Wednesday,3,637,12,Moderate,17,2,5.0,Heavy,Clear,Suburban,Moderate,No,52,41,Z6,Z1,No
ORD-1170,20:11,Tuesday,5,1061,17,High,1,3,0.5,Moderate,Clear,Urban,Experienced,Yes,26,54,Z1,Z4,No
ORD-1171,21:06,Friday,5,974,17,Low,6,6,5.8,Low,Rain,Dense Urban,Moderate,Yes,51,52,Z4,Z6,No
ORD-1172,22:05,Monday,5,1446,31,High,6,6,4.1,Heavy,Clear,Dense Urban,Moderate,Yes,67,48,Z3,Z6,Yes
ORD-1173,13:04,Friday,2,283,25,Very High,1,2,3.9,Moderate,Clear,Urban,Experienced,Yes,54,37,Z8,Z5,No
ORD-1174,11:35,Friday,2,374,16,High,7,2,2.3,Moderate,Clear,Urban,Moderate,No,35,34,Z6,Z2,No
ORD-1175,19:43,Sunday,4,1162,20,Moderate,4,5,2.2,Heavy,Clear,Urban,Moderate,Yes,40,61,Z4,Z1,No
ORD-1176,19:55,Monday,2,248,10,Moderate,2,6,1.8,Heavy,Rain,Urban,New,Yes,29,33,Z3,Z6,No
ORD-1177,18:49,Wednesday,4,917,13,Moderate,3,5,3.3,Heavy,Rain,Urban,New,No,39,41,Z1,Z1,No
ORD-1178,15:25,Tuesday,4,780,13,Moderate,5,7,3.8,Heavy,Clear,Urban,Moderate,No,41,39,Z8,Z6,No
ORD-1179,14:33,Sunday,3,361,12,Low,8,4,2.8,Moderate,Hot,Urban,New,No,36,29,Z6,Z8,No
ORD-1180,18:50,Thursday,1,172,12,Moderate,1,7,2.3,Low,Clear,Urban,Moderate,No,29,25,Z1,Z1,No
ORD-1181,23:25,Sunday,2,320,14,Moderate,5,5,4.5,Moderate,Clear,Urban,Experienced,No,39,40,Z4,Z3,No
ORD-1182,18:32,Friday,5,937,8,Low,2,9,4.1,Low,Clear,Urban,Moderate,No,31,40,Z5,Z4,No
ORD-1183,20:13,Tuesday,3,330,18,Moderate,4,4,2.3,Severe,Clear,Urban,New,Yes,40,34,Z3,Z4,No
ORD-1184,19:41,Monday,2,421,11,Moderate,7,9,5.7,Moderate,Clear,Urban,Moderate,Yes,44,47,Z3,Z5,No
ORD-1185,12:51,Friday,2,476,12,Moderate,5,2,9.4,Moderate,Clear,Suburban,Moderate,Yes,51,57,Z6,Z5,Yes
ORD-1186,13:48,Sunday,2,454,22,High,3,2,2.1,Moderate,Clear,Dense Urban,Moderate,Yes,46,51,Z8,Z1,No
ORD-1187,12:24,Thursday,5,748,14,Moderate,8,5,5.5,Heavy,Clear,Urban,Moderate,Yes,46,49,Z1,Z8,No
ORD-1188,12:50,Sunday,6,871,22,High,12,12,2.5,Moderate,Rain,Dense Urban,Experienced,Yes,60,40,Z2,Z3,No
ORD-1189,12:18,Thursday,1,169,9,High,3,5,5.9,Moderate,Rain,Urban,Experienced,Yes,37,53,Z2,Z8,No
ORD-1190,13:14,Monday,5,663,14,Moderate,2,3,3.5,Heavy,Fog,Urban,Experienced,Yes,36,47,Z6,Z3,No
ORD-1191,19:50,Sunday,2,441,15,High,2,3,2.9,Heavy,Clear,Urban,Moderate,Yes,40,36,Z2,Z8,No
ORD-1192,14:15,Thursday,10,1039,36,Very High,2,3,3.6,Heavy,Clear,Urban,Experienced,Yes,54,47,Z2,Z4,No
ORD-1193,20:23,Wednesday,3,671,14,Low,3,3,4.5,Heavy,Clear,Dense Urban,New,Yes,49,41,Z4,Z7,No
ORD-1194,13:26,Sunday,1,227,8,Moderate,4,3,2.2,Heavy,Clear,Dense Urban,Experienced,Yes,29,33,Z2,Z2,No
ORD-1195,20:29,Thursday,2,405,11,Low,3,7,3.1,Heavy,Clear,Dense Urban,Moderate,Yes,61,36,Z6,Z3,Yes
ORD-1196,13:23,Tuesday,4,616,28,High,5,3,4.3,Severe,Rain,Urban,Experienced,Yes,59,48,Z8,Z5,Yes
ORD-1197,22:45,Wednesday,4,590,10,Low,4,3,2.2,Low,Clear,Urban,New,No,27,34,Z8,Z8,No
ORD-1198,09:01,Friday,3,741,12,Moderate,1,2,1.5,Low,Clear,Urban,Experienced,No,25,44,Z3,Z5,Yes
ORD-1199,17:30,Sunday,4,830,12,Moderate,6,1,3.7,Heavy,Rain,Dense Urban,Experienced,No,43,64,Z8,Z8,No
ORD-1200,10:54,Saturday,2,362,13,High,38,6,1.9,Heavy,Hot,Urban,Experienced,No,66,34,Z4,Z1,No
ORD-1201,21:25,Thursday,3,490,20,Very High,1,7,4.2,Heavy,Clear,Dense Urban,Experienced,Yes,46,43,Z4,Z8,No
ORD-1202,18:33,Sunday,2,281,13,High,4,4,2.1,Moderate,Clear,Urban,Experienced,No,30,26,Z2,Z1,No
ORD-1203,12:10,Friday,3,535,14,Low,4,4,5.5,Moderate,Clear,Suburban,New,Yes,42,45,Z2,Z7,Yes
ORD-1204,20:27,Wednesday,3,749,12,High,9,4,11.9,Heavy,Clear,Suburban,Experienced,Yes,66,80,Z4,Z1,No
ORD-1205,14:08,Tuesday,3,439,17,High,5,6,3.2,Heavy,Cold,Dense Urban,New,Yes,49,41,Z6,Z3,No
ORD-1206,21:26,Monday,4,943,18,High,6,4,2.7,Heavy,Hot,Urban,Experienced,Yes,42,40,Z8,Z1,No
ORD-1207,17:11,Tuesday,1,177,10,Moderate,4,4,0.9,Low,Hot,Suburban,Experienced,No,27,20,Z6,Z3,Yes
ORD-1208,12:19,Tuesday,4,585,15,High,3,3,3.8,Moderate,Clear,Urban,Moderate,Yes,37,45,Z4,Z4,No
ORD-1209,12:04,Tuesday,2,397,18,High,2,3,7.3,Moderate,Clear,Suburban,Experienced,Yes,44,71,Z7,Z5,Yes
ORD-1210,20:05,Tuesday,2,537,11,High,1,2,1.8,Moderate,Clear,Dense Urban,Experienced,Yes,24,34,Z2,Z3,No
ORD-1211,22:38,Thursday,3,631,11,Moderate,4,5,2.7,Moderate,Rain,Urban,Moderate,No,33,32,Z4,Z5,No
ORD-1212,15:03,Monday,4,1162,19,Moderate,1,4,2.3,Low,Clear,Urban,Experienced,No,32,36,Z4,Z8,No
ORD-1213,18:18,Tuesday,2,345,17,Moderate,7,1,4.5,Heavy,Clear,Urban,Experienced,No,43,38,Z8,Z7,No
ORD-1214,20:57,Friday,2,282,11,Moderate,5,5,2.5,Moderate,Rain,Dense Urban,New,Yes,37,38,Z7,Z7,No
ORD-1215,22:18,Thursday,2,380,10,Moderate,5,4,5.3,Low,Rain,Urban,Moderate,Yes,40,48,Z4,Z2,No
ORD-1216,17:43,Friday,2,452,7,Moderate,3,6,5.7,Low,Clear,Urban,Experienced,No,31,45,Z2,Z6,No
ORD-1217,16:35,Friday,4,710,17,High,1,1,3.7,Moderate,Clear,Suburban,Moderate,No,48,53,Z6,Z2,No
ORD-1218,14:46,Saturday,4,876,11,Low,4,6,1.5,Moderate,Hot,Dense Urban,Experienced,No,34,31,Z3,Z4,Yes
ORD-1219,12:32,Tuesday,4,557,20,High,3,2,2.3,Moderate,Clear,Suburban,Moderate,Yes,34,35,Z7,Z1,No
ORD-1220,22:23,Saturday,1,134,10,High,3,1,5.2,Low,Rain,Suburban,Moderate,Yes,30,42,Z8,Z3,No
ORD-1221,12:20,Saturday,4,1149,16,Moderate,2,8,0.9,Heavy,Clear,Dense Urban,Experienced,Yes,35,33,Z6,Z2,No
ORD-1222,18:33,Saturday,1,155,6,Low,6,4,3.1,Low,Clear,Dense Urban,Experienced,No,30,34,Z7,Z2,No
ORD-1223,22:07,Friday,2,367,10,High,8,6,3.1,Moderate,Fog,Suburban,Moderate,Yes,37,35,Z4,Z8,No
ORD-1224,18:22,Monday,4,623,16,Moderate,2,9,1.3,Heavy,Hot,Dense Urban,Moderate,No,42,33,Z2,Z7,Yes
ORD-1225,14:30,Tuesday,2,314,10,Low,10,5,5.0,Moderate,Clear,Suburban,New,No,43,42,Z3,Z2,No
ORD-1226,21:06,Thursday,5,1128,15,Moderate,5,2,4.9,Heavy,Rain,Urban,Moderate,Yes,66,47,Z4,Z2,No
ORD-1227,20:10,Wednesday,2,342,15,Very High,3,4,2.7,Low,Clear,Suburban,Experienced,Yes,30,38,Z6,Z7,No
ORD-1228,13:51,Thursday,3,607,18,High,7,9,2.7,Moderate,Clear,Urban,New,Yes,46,36,Z3,Z4,No
ORD-1229,17:37,Wednesday,6,892,30,Moderate,1,4,5.0,Low,Cold,Suburban,Experienced,No,52,47,Z7,Z3,Yes
ORD-1230,20:21,Thursday,2,277,9,Moderate,34,4,2.7,Moderate,Clear,Urban,Experienced,Yes,60,39,Z7,Z6,Yes
ORD-1231,19:32,Saturday,2,368,9,High,2,4,4.9,Low,Clear,Urban,Experienced,Yes,29,43,Z2,Z7,No
ORD-1232,14:15,Monday,3,1046,28,Very High,3,4,0.5,Moderate,Hot,Urban,New,Yes,41,33,Z6,Z2,No
ORD-1233,15:31,Sunday,3,597,7,Low,2,4,2.9,Moderate,Clear,Dense Urban,Experienced,No,26,33,Z7,Z2,No
ORD-1234,13:23,Tuesday,1,138,18,Very High,2,8,2.7,Severe,Rain,Urban,Moderate,Yes,45,40,Z3,Z3,No
ORD-1235,13:30,Sunday,2,124,9,Moderate,6,4,5.9,Low,Clear,Urban,Experienced,Yes,34,41,Z1,Z2,No
ORD-1236,19:25,Tuesday,1,155,15,Very High,5,7,4.4,Severe,Clear,Urban,New,Yes,53,42,Z8,Z5,No
ORD-1237,14:24,Wednesday,4,601,23,High,3,2,1.1,Heavy,Hot,Dense Urban,Moderate,Yes,42,30,Z5,Z5,Yes
ORD-1238,21:08,Sunday,4,694,19,High,7,8,3.1,Low,Rain,Suburban,New,Yes,45,36,Z3,Z7,No
ORD-1239,16:15,Sunday,6,485,13,Low,2,5,0.6,Heavy,Clear,Dense Urban,Moderate,No,28,26,Z2,Z2,No
ORD-1240,18:48,Friday,2,293,29,High,3,5,2.9,Heavy,Clear,Dense Urban,Experienced,No,54,47,Z6,Z2,No
ORD-1241,12:28,Saturday,3,271,10,Moderate,6,3,3.2,Heavy,Rain,Suburban,New,Yes,36,36,Z4,Z4,No
ORD-1242,21:49,Wednesday,3,997,14,High,3,2,3.8,Severe,Clear,Urban,Moderate,Yes,58,47,Z8,Z5,No
ORD-1243,20:02,Monday,3,522,13,High,7,3,4.1,Heavy,Clear,Urban,Moderate,Yes,39,38,Z3,Z4,No
ORD-1244,11:17,Wednesday,3,621,12,Moderate,2,3,3.7,Low,Cold,Urban,Moderate,No,28,33,Z4,Z6,No
ORD-1245,19:25,Wednesday,1,297,12,High,5,4,3.0,Moderate,Clear,Suburban,Experienced,Yes,32,36,Z5,Z3,No
ORD-1246,11:55,Wednesday,2,478,5,Low,2,2,3.4,Heavy,Clear,Urban,Experienced,No,23,35,Z5,Z3,No
ORD-1247,19:29,Friday,1,199,13,High,1,4,3.1,Moderate,Clear,Urban,New,Yes,31,33,Z6,Z7,No
ORD-1248,18:50,Tuesday,5,634,19,Moderate,3,2,2.0,Low,Clear,Urban,Experienced,No,32,35,Z2,Z3,No
ORD-1249,20:32,Thursday,4,451,10,High,4,1,4.0,Moderate,Hot,Urban,Experienced,Yes,30,47,Z7,Z1,No
ORD-1250,20:28,Friday,1,311,8,Moderate,12,5,0.7,Moderate,Clear,Dense Urban,Experienced,Yes,33,27,Z1,Z4,No
ORD-1251,22:21,Sunday,1,228,11,High,3,11,3.7,Heavy,Rain,Urban,Experienced,Yes,44,39,Z2,Z8,No
ORD-1252,15:12,Friday,3,500,12,Moderate,3,8,1.9,Heavy,Rain,Urban,New,No,56,30,Z8,Z5,No
ORD-1253,13:10,Saturday,3,480,12,Moderate,4,3,2.2,Moderate,Clear,Dense Urban,Moderate,Yes,32,29,Z4,Z3,No
ORD-1254,22:32,Thursday,4,588,8,Moderate,2,9,3.3,Moderate,Rain,Dense Urban,Experienced,No,50,46,Z2,Z5,No
ORD-1255,22:12,Saturday,9,1326,36,High,5,13,3.9,Severe,Clear,Urban,Moderate,Yes,76,55,Z7,Z6,No
ORD-1256,12:21,Monday,4,1130,18,Moderate,6,6,2.1,Heavy,Rain,Dense Urban,Moderate,Yes,49,32,Z2,Z1,Yes
ORD-1257,13:01,Thursday,4,465,17,Moderate,12,2,2.5,Heavy,Rain,Dense Urban,Experienced,Yes,49,33,Z1,Z5,Yes
ORD-1258,19:44,Tuesday,1,265,12,Moderate,8,3,3.4,Low,Clear,Dense Urban,Experienced,Yes,37,34,Z5,Z5,No
ORD-1259,14:14,Wednesday,2,276,15,Moderate,4,3,2.1,Heavy,Clear,Urban,New,Yes,32,29,Z1,Z1,No
ORD-1260,13:26,Wednesday,2,386,17,Moderate,5,4,2.7,Moderate,Clear,Urban,Moderate,Yes,37,32,Z5,Z4,No
ORD-1261,22:25,Saturday,3,490,22,High,6,5,5.5,Severe,Clear,Dense Urban,New,Yes,68,48,Z6,Z4,Yes
ORD-1262,13:35,Friday,3,468,20,Very High,3,2,2.7,Moderate,Clear,Dense Urban,Experienced,Yes,42,34,Z4,Z6,Yes
ORD-1263,13:08,Saturday,5,664,24,High,34,3,2.0,Severe,Rain,Dense Urban,New,Yes,81,41,Z1,Z8,No
ORD-1264,13:33,Thursday,3,624,24,High,1,2,1.2,Heavy,Clear,Urban,Experienced,Yes,35,33,Z8,Z7,No
ORD-1265,14:03,Tuesday,1,195,9,High,6,4,4.6,Low,Rain,Suburban,Moderate,Yes,45,37,Z7,Z4,No
ORD-1266,09:52,Tuesday,1,297,6,Low,3,2,3.4,Heavy,Clear,Dense Urban,Experienced,No,29,30,Z7,Z5,No
ORD-1267,12:43,Friday,2,292,19,High,2,2,1.8,Moderate,Clear,Dense Urban,Experienced,Yes,33,35,Z5,Z3,No
ORD-1268,20:48,Wednesday,3,776,19,High,2,5,1.8,Heavy,Clear,Dense Urban,Moderate,Yes,39,35,Z4,Z1,No
ORD-1269,18:53,Thursday,4,894,18,High,3,12,6.9,Moderate,Clear,Suburban,Experienced,No,53,53,Z6,Z2,No
ORD-1270,21:06,Sunday,2,241,14,Very High,1,2,9.6,Moderate,Rain,Urban,Moderate,Yes,44,67,Z6,Z5,No
ORD-1271,10:46,Wednesday,5,867,17,Moderate,5,2,3.2,Low,Clear,Dense Urban,Moderate,No,37,41,Z1,Z7,No
ORD-1272,22:17,Monday,3,544,13,Moderate,9,4,5.5,Low,Rain,Urban,Experienced,Yes,44,48,Z5,Z5,No
ORD-1273,11:35,Sunday,3,1277,24,Very High,7,9,3.0,Moderate,Rain,Dense Urban,Experienced,No,56,39,Z6,Z8,No
ORD-1274,20:51,Saturday,6,2231,33,Very High,5,4,3.2,Moderate,Clear,Urban,Moderate,Yes,58,42,Z3,Z4,Yes
ORD-1275,21:41,Monday,7,1115,20,Moderate,14,3,3.5,Heavy,Clear,Dense Urban,Moderate,Yes,55,41,Z7,Z1,No
ORD-1276,15:00,Sunday,2,411,19,High,2,12,2.1,Low,Rain,Urban,Moderate,No,43,31,Z3,Z5,No
ORD-1277,18:57,Friday,6,450,30,Moderate,4,3,1.3,Heavy,Clear,Dense Urban,Experienced,No,48,29,Z2,Z5,No
ORD-1278,17:50,Tuesday,3,375,11,Low,3,6,10.9,Low,Clear,Suburban,Moderate,No,47,65,Z1,Z2,No
ORD-1279,22:17,Saturday,2,426,20,High,4,6,2.7,Heavy,Clear,Urban,New,Yes,43,32,Z1,Z7,No
ORD-1280,20:11,Thursday,2,606,15,Moderate,12,2,4.2,Moderate,Rain,Suburban,Moderate,Yes,47,40,Z5,Z5,No
ORD-1281,19:36,Sunday,4,569,36,High,4,3,2.0,Moderate,Hot,Urban,Experienced,Yes,52,32,Z6,Z5,No
ORD-1282,15:56,Sunday,2,301,11,Low,3,6,5.4,Moderate,Cold,Suburban,Experienced,No,36,44,Z1,Z4,No
ORD-1283,20:13,Monday,2,281,15,Very High,3,5,5.4,Heavy,Clear,Dense Urban,New,Yes,52,43,Z2,Z2,No
ORD-1284,22:46,Sunday,4,1231,12,Moderate,3,3,9.0,Low,Clear,Suburban,Experienced,No,38,58,Z8,Z8,No
ORD-1285,12:09,Monday,2,329,12,Moderate,3,7,4.7,Moderate,Clear,Dense Urban,New,Yes,40,39,Z6,Z3,No
ORD-1286,13:20,Sunday,1,304,14,Very High,5,3,2.5,Heavy,Clear,Urban,Experienced,Yes,32,36,Z7,Z5,No
ORD-1287,19:15,Thursday,3,391,9,Moderate,2,3,2.4,Heavy,Clear,Dense Urban,Experienced,Yes,30,38,Z4,Z7,No
ORD-1288,13:18,Monday,1,150,9,Moderate,11,7,2.9,Heavy,Clear,Dense Urban,Moderate,Yes,44,37,Z1,Z7,No
ORD-1289,11:05,Thursday,4,575,27,Moderate,2,7,6.9,Low,Rain,Urban,New,No,61,46,Z8,Z3,No
ORD-1290,13:28,Wednesday,2,562,10,Moderate,6,4,3.3,Moderate,Cold,Urban,Moderate,Yes,33,38,Z7,Z3,No
ORD-1291,12:59,Saturday,2,323,14,High,3,3,3.1,Low,Rain,Suburban,Moderate,Yes,30,37,Z1,Z1,No
ORD-1292,13:42,Saturday,5,911,24,High,7,7,9.0,Heavy,Fog,Urban,Moderate,Yes,69,72,Z4,Z2,No
ORD-1293,18:50,Wednesday,2,343,12,Moderate,1,3,5.1,Moderate,Rain,Urban,New,No,38,42,Z5,Z8,No
ORD-1294,23:02,Saturday,1,155,10,Low,8,5,1.1,Low,Clear,Urban,Moderate,No,29,25,Z7,Z6,No
ORD-1295,16:44,Monday,3,415,11,Low,5,8,0.8,Low,Rain,Dense Urban,Moderate,No,32,21,Z2,Z1,No
ORD-1296,12:20,Tuesday,3,453,19,Moderate,7,8,6.4,Moderate,Clear,Urban,Experienced,Yes,55,52,Z1,Z7,Yes
ORD-1297,13:19,Monday,2,408,13,Very High,1,4,3.1,Heavy,Clear,Urban,New,Yes,33,33,Z4,Z6,No
ORD-1298,11:26,Tuesday,4,543,14,Low,5,3,5.0,Moderate,Hot,Dense Urban,Experienced,No,41,46,Z3,Z3,No
ORD-1299,19:14,Wednesday,4,933,17,High,1,5,1.4,Heavy,Hot,Urban,Experienced,Yes,32,34,Z5,Z3,No
ORD-1300,16:52,Tuesday,5,1050,16,Moderate,4,2,7.6,Moderate,Clear,Suburban,Moderate,No,45,52,Z4,Z6,No
ORD-1301,12:40,Friday,2,279,21,Very High,2,7,6.2,Moderate,Clear,Urban,Moderate,Yes,48,51,Z5,Z2,No
ORD-1302,14:51,Sunday,4,567,17,Moderate,4,2,6.0,Moderate,Rain,Suburban,Moderate,No,48,47,Z7,Z6,No
ORD-1303,12:47,Sunday,3,616,11,Moderate,6,3,6.2,Low,Clear,Suburban,New,Yes,58,70,Z4,Z5,No
ORD-1304,21:26,Saturday,4,433,19,High,4,2,6.0,Moderate,Clear,Urban,Experienced,Yes,41,57,Z2,Z6,No
ORD-1305,21:56,Saturday,3,480,17,Moderate,2,7,1.8,Moderate,Clear,Suburban,New,Yes,35,29,Z4,Z5,No
ORD-1306,19:56,Tuesday,2,300,19,Very High,1,9,3.3,Moderate,Clear,Dense Urban,Experienced,Yes,43,36,Z6,Z6,No
ORD-1307,20:43,Monday,2,641,13,Moderate,4,3,6.1,Heavy,Hot,Urban,New,Yes,49,49,Z1,Z4,Yes
ORD-1308,13:25,Saturday,2,336,8,Moderate,9,4,3.1,Moderate,Clear,Suburban,Moderate,Yes,32,36,Z5,Z5,No
ORD-1309,18:55,Thursday,3,356,13,Low,4,6,4.8,Heavy,Clear,Urban,Experienced,No,43,43,Z8,Z6,No
ORD-1310,21:18,Tuesday,4,748,15,High,2,5,4.6,Severe,Rain,Urban,Experienced,Yes,47,53,Z1,Z4,No
ORD-1311,19:39,Monday,3,473,16,Moderate,3,1,5.2,Heavy,Rain,Urban,Moderate,Yes,47,48,Z5,Z6,No
ORD-1312,18:56,Wednesday,2,413,8,Moderate,4,2,4.1,Heavy,Rain,Urban,Moderate,No,35,38,Z4,Z7,No
ORD-1313,14:02,Thursday,3,410,11,Moderate,2,4,3.2,Heavy,Clear,Dense Urban,Experienced,Yes,35,40,Z5,Z8,No
ORD-1314,19:46,Monday,2,481,13,Moderate,9,8,4.2,Moderate,Rain,Dense Urban,Experienced,Yes,47,43,Z4,Z8,No
ORD-1315,17:08,Thursday,2,265,10,Moderate,5,3,2.1,Heavy,Fog,Dense Urban,Experienced,No,33,28,Z1,Z6,No
ORD-1316,14:43,Tuesday,1,193,10,Low,5,4,7.1,Low,Clear,Suburban,Moderate,No,37,46,Z8,Z2,No
ORD-1317,21:51,Sunday,5,1061,18,High,6,3,1.5,Heavy,Clear,Dense Urban,New,Yes,39,35,Z7,Z6,No
ORD-1318,13:51,Saturday,4,873,76,Moderate,3,3,4.8,Low,Clear,Urban,Moderate,Yes,96,45,Z4,Z5,No
ORD-1319,10:17,Tuesday,2,590,13,Moderate,6,6,4.1,Moderate,Hot,Urban,New,No,39,35,Z8,Z3,No
ORD-1320,20:21,Tuesday,2,516,15,High,3,4,0.6,Moderate,Clear,Dense Urban,Moderate,Yes,30,30,Z6,Z7,No
ORD-1321,12:44,Saturday,3,801,11,High,5,10,3.8,Moderate,Hot,Urban,New,Yes,53,42,Z3,Z1,No
ORD-1322,21:32,Saturday,2,271,58,Moderate,5,6,4.1,Moderate,Clear,Suburban,New,Yes,84,41,Z5,Z1,No
ORD-1323,11:55,Sunday,4,406,21,Moderate,2,2,3.1,Low,Rain,Urban,Experienced,No,37,38,Z1,Z8,No
ORD-1324,09:43,Tuesday,3,372,11,Moderate,4,2,6.5,Moderate,Fog,Suburban,Experienced,No,41,52,Z4,Z7,No
ORD-1325,13:36,Friday,4,394,16,Very High,7,3,3.0,Heavy,Clear,Urban,Moderate,Yes,38,40,Z4,Z8,No
ORD-1326,14:00,Saturday,8,2858,34,Moderate,5,1,4.9,Heavy,Clear,Dense Urban,Experienced,Yes,69,52,Z2,Z3,Yes
ORD-1327,22:36,Thursday,3,631,12,High,1,6,2.6,Heavy,Rain,Urban,Experienced,No,34,32,Z7,Z5,No
ORD-1328,13:29,Wednesday,2,350,14,Moderate,8,4,2.3,Heavy,Clear,Dense Urban,Moderate,Yes,40,29,Z5,Z2,No
ORD-1329,13:30,Tuesday,3,434,27,Moderate,1,3,1.7,Moderate,Clear,Dense Urban,Moderate,Yes,43,32,Z2,Z1,No
ORD-1330,20:12,Wednesday,5,1107,27,Very High,5,2,7.4,Heavy,Fog,Dense Urban,Moderate,Yes,75,59,Z2,Z3,No
ORD-1331,21:53,Wednesday,5,338,16,High,3,4,3.7,Heavy,Rain,Urban,Experienced,Yes,41,49,Z6,Z5,No
ORD-1332,19:19,Friday,3,347,13,Low,3,2,1.5,Low,Fog,Urban,Moderate,Yes,43,33,Z8,Z3,No
ORD-1333,12:19,Monday,3,317,13,Low,10,4,4.3,Heavy,Clear,Suburban,New,Yes,44,44,Z7,Z4,No
ORD-1334,15:43,Saturday,6,923,21,Moderate,2,4,2.7,Severe,Rain,Dense Urban,Moderate,No,51,37,Z2,Z2,No
ORD-1335,11:21,Tuesday,1,331,11,High,3,7,1.9,Low,Fog,Dense Urban,New,No,33,25,Z8,Z6,No
ORD-1336,18:33,Wednesday,2,296,14,Moderate,2,5,3.4,Low,Cold,Urban,Experienced,No,32,36,Z1,Z4,No
ORD-1337,13:39,Thursday,1,267,14,Very High,6,3,4.5,Low,Fog,Suburban,Moderate,Yes,35,63,Z7,Z4,No
ORD-1338,21:53,Monday,3,491,16,High,5,8,1.2,Heavy,Clear,Dense Urban,New,Yes,38,29,Z2,Z1,No
ORD-1339,12:15,Wednesday,2,255,13,High,3,4,5.9,Moderate,Clear,Urban,Experienced,Yes,41,42,Z4,Z7,No
ORD-1340,22:03,Sunday,3,617,15,Moderate,8,5,3.2,Heavy,Hot,Urban,New,Yes,45,43,Z1,Z2,Yes
ORD-1341,20:47,Sunday,5,1393,20,Low,9,3,3.4,Moderate,Rain,Dense Urban,Experienced,Yes,49,39,Z2,Z6,No
ORD-1342,23:01,Saturday,3,468,6,Low,3,4,4.0,Low,Rain,Suburban,Experienced,No,26,34,Z2,Z4,No
ORD-1343,19:32,Wednesday,4,606,21,High,1,7,2.8,Heavy,Rain,Urban,Moderate,Yes,45,39,Z4,Z3,No
ORD-1344,12:48,Friday,1,117,8,High,2,4,4.0,Severe,Clear,Dense Urban,Moderate,Yes,39,40,Z1,Z6,No
ORD-1345,14:57,Saturday,3,402,8,Low,2,3,2.7,Moderate,Rain,Dense Urban,Moderate,No,27,30,Z1,Z7,No
ORD-1346,17:10,Monday,3,372,18,Moderate,1,4,0.7,Moderate,Rain,Urban,Experienced,No,29,24,Z8,Z4,No
ORD-1347,18:05,Thursday,2,187,13,Moderate,3,3,3.1,Low,Clear,Urban,Moderate,No,29,31,Z8,Z8,No
ORD-1348,13:38,Friday,2,416,21,Very High,6,7,7.9,Heavy,Fog,Urban,New,Yes,80,57,Z4,Z8,Yes
ORD-1349,21:17,Friday,4,846,22,Very High,4,14,0.8,Low,Clear,Suburban,Experienced,Yes,45,35,Z1,Z2,No
ORD-1350,13:37,Tuesday,4,592,23,Very High,2,5,4.1,Moderate,Clear,Dense Urban,New,Yes,48,47,Z7,Z5,No
ORD-1351,13:16,Wednesday,3,411,13,High,20,6,10.2,Moderate,Rain,Suburban,Moderate,Yes,73,66,Z7,Z2,No
ORD-1352,13:26,Sunday,4,666,24,High,9,3,2.0,Moderate,Clear,Urban,Experienced,Yes,44,44,Z7,Z4,No
ORD-1353,22:20,Monday,2,468,12,Moderate,2,4,2.8,Moderate,Rain,Dense Urban,Experienced,Yes,33,37,Z2,Z4,No
ORD-1354,12:25,Saturday,3,321,19,Very High,3,4,2.2,Moderate,Clear,Urban,Experienced,Yes,35,31,Z1,Z5,No
ORD-1355,12:20,Friday,1,196,7,Moderate,5,5,6.0,Severe,Hot,Suburban,Moderate,Yes,44,46,Z3,Z5,No
ORD-1356,10:04,Sunday,4,651,12,Moderate,3,8,4.3,Low,Rain,Suburban,Moderate,No,37,56,Z2,Z7,No
ORD-1357,20:33,Friday,3,430,15,High,2,7,5.4,Moderate,Clear,Suburban,New,Yes,42,44,Z3,Z1,No
ORD-1358,14:16,Thursday,4,917,17,High,2,4,2.2,Moderate,Cold,Urban,Moderate,Yes,33,35,Z3,Z7,No
ORD-1359,19:51,Sunday,4,648,26,High,8,3,1.4,Moderate,Clear,Dense Urban,Experienced,Yes,50,39,Z1,Z1,Yes
ORD-1360,13:16,Friday,5,1302,15,Moderate,8,7,4.1,Low,Clear,Urban,Moderate,Yes,42,43,Z5,Z5,No
ORD-1361,20:37,Friday,2,407,12,High,2,3,2.4,Low,Clear,Suburban,Experienced,Yes,25,35,Z5,Z6,No
ORD-1362,10:58,Saturday,3,368,18,Moderate,17,7,3.7,Low,Rain,Urban,New,No,56,37,Z6,Z6,No
ORD-1363,18:33,Wednesday,3,840,13,Low,5,2,5.6,Moderate,Clear,Urban,Moderate,No,40,65,Z7,Z3,No
ORD-1364,20:48,Friday,1,180,11,High,31,8,3.0,Heavy,Rain,Dense Urban,Experienced,Yes,71,37,Z4,Z8,No
ORD-1365,19:30,Saturday,4,593,15,Moderate,3,8,6.0,Severe,Clear,Dense Urban,New,Yes,62,52,Z6,Z3,No
ORD-1366,19:44,Tuesday,7,2061,33,High,17,5,6.9,Moderate,Hot,Suburban,Moderate,Yes,75,56,Z7,Z6,No
ORD-1367,19:18,Tuesday,3,268,9,Low,4,3,3.9,Low,Clear,Suburban,New,Yes,27,35,Z2,Z4,No
ORD-1368,14:35,Saturday,2,418,14,High,1,2,2.0,Heavy,Clear,Dense Urban,Experienced,No,38,36,Z6,Z6,No
ORD-1369,11:30,Sunday,6,1081,18,Moderate,1,3,4.1,Heavy,Clear,Urban,New,No,41,43,Z6,Z2,No
ORD-1370,15:30,Saturday,4,800,14,Moderate,1,2,3.5,Moderate,Hot,Dense Urban,Experienced,No,37,33,Z5,Z3,No
ORD-1371,13:21,Friday,4,513,24,Moderate,4,2,2.1,Low,Clear,Urban,Experienced,Yes,38,35,Z4,Z7,No
ORD-1372,09:20,Tuesday,3,355,14,Low,2,4,3.1,Moderate,Clear,Urban,New,No,33,31,Z6,Z2,No
ORD-1373,10:07,Sunday,2,244,15,Very High,5,8,0.4,Low,Clear,Urban,Moderate,No,48,26,Z7,Z7,No
ORD-1374,12:25,Sunday,2,369,10,Moderate,2,4,3.4,Moderate,Clear,Suburban,Moderate,Yes,27,33,Z3,Z5,No
ORD-1375,09:08,Sunday,4,888,16,Moderate,2,2,1.6,Low,Clear,Suburban,Moderate,No,27,29,Z3,Z6,No
ORD-1376,11:38,Friday,4,670,11,Low,5,3,2.3,Moderate,Clear,Dense Urban,New,No,35,29,Z5,Z7,No
ORD-1377,17:50,Tuesday,3,560,12,Low,2,1,4.6,Moderate,Clear,Urban,Moderate,No,30,59,Z5,Z7,No
ORD-1378,21:11,Thursday,2,492,17,High,11,6,1.9,Heavy,Hot,Suburban,Experienced,Yes,58,32,Z5,Z3,No
ORD-1379,19:47,Sunday,3,474,14,High,3,3,4.2,Moderate,Rain,Suburban,Moderate,Yes,38,44,Z8,Z8,Yes
ORD-1380,14:35,Saturday,1,135,9,Moderate,1,1,1.4,Low,Fog,Dense Urban,Experienced,No,20,27,Z6,Z5,No
ORD-1381,19:32,Tuesday,3,499,25,Very High,5,5,1.1,Moderate,Clear,Dense Urban,Experienced,Yes,48,32,Z5,Z8,Yes
ORD-1382,19:52,Sunday,5,948,10,Moderate,3,1,6.1,Moderate,Fog,Suburban,Moderate,Yes,33,50,Z1,Z2,No
ORD-1383,13:24,Friday,1,142,15,High,2,7,1.2,Heavy,Rain,Urban,New,Yes,33,28,Z8,Z3,No
ORD-1384,13:44,Saturday,3,432,16,Moderate,1,8,4.3,Severe,Hot,Suburban,New,Yes,51,50,Z2,Z8,No
ORD-1385,23:19,Monday,3,712,17,High,1,5,6.1,Heavy,Clear,Urban,Moderate,No,49,69,Z3,Z4,No
ORD-1386,20:03,Friday,2,505,12,Moderate,2,2,2.0,Severe,Rain,Dense Urban,New,Yes,35,38,Z6,Z3,No
ORD-1387,21:14,Saturday,2,324,10,Low,5,6,2.5,Low,Clear,Suburban,Moderate,Yes,29,30,Z2,Z2,No
ORD-1388,10:07,Tuesday,2,700,7,Low,4,2,9.2,Low,Rain,Urban,Moderate,No,38,60,Z7,Z6,No
ORD-1389,21:50,Wednesday,4,591,16,High,1,3,5.0,Moderate,Rain,Dense Urban,Moderate,Yes,42,48,Z7,Z3,No
ORD-1390,19:13,Sunday,1,190,23,Very High,11,5,2.0,Heavy,Clear,Urban,Experienced,Yes,50,32,Z5,Z8,No
ORD-1391,16:54,Friday,2,472,12,Moderate,3,6,0.7,Low,Clear,Urban,Moderate,No,26,21,Z6,Z1,No
ORD-1392,19:39,Saturday,2,758,19,High,10,4,4.0,Heavy,Clear,Urban,New,Yes,57,41,Z5,Z3,Yes
ORD-1393,19:50,Saturday,10,1655,25,Very High,5,3,1.4,Moderate,Rain,Urban,New,Yes,42,39,Z2,Z7,No
ORD-1394,20:40,Friday,7,1700,22,High,8,2,9.1,Severe,Fog,Urban,Moderate,Yes,88,76,Z1,Z3,No
ORD-1395,12:02,Thursday,4,1346,15,High,9,3,1.7,Heavy,Rain,Suburban,Experienced,Yes,44,41,Z2,Z7,No
ORD-1396,21:40,Saturday,2,491,6,Low,7,5,1.1,Moderate,Fog,Urban,Moderate,Yes,25,28,Z5,Z1,No
ORD-1397,11:37,Thursday,2,318,7,Low,2,2,1.3,Low,Clear,Dense Urban,Moderate,No,38,26,Z5,Z7,No
ORD-1398,12:12,Saturday,4,353,33,Very High,1,4,2.2,Severe,Rain,Dense Urban,Moderate,Yes,57,40,Z1,Z2,No
ORD-1399,23:16,Monday,2,396,19,High,1,2,3.7,Moderate,Clear,Urban,Moderate,No,34,32,Z6,Z2,No
ORD-1400,19:27,Saturday,3,605,15,Moderate,5,2,2.7,Heavy,Clear,Urban,Experienced,Yes,52,38,Z6,Z6,No
ORD-1401,17:12,Saturday,1,191,6,Low,4,4,6.7,Low,Hot,Suburban,Moderate,No,31,40,Z3,Z8,No
ORD-1402,14:15,Saturday,3,485,16,High,2,3,0.9,Moderate,Rain,Urban,Moderate,Yes,27,34,Z2,Z6,No
ORD-1403,20:50,Friday,2,305,12,High,1,4,3.9,Heavy,Fog,Dense Urban,Moderate,Yes,40,45,Z6,Z1,No
ORD-1404,12:34,Saturday,3,492,14,High,4,8,6.6,Heavy,Clear,Suburban,New,Yes,51,53,Z8,Z6,No
ORD-1405,22:58,Tuesday,2,283,9,High,6,2,5.2,Heavy,Cold,Suburban,Moderate,No,35,72,Z5,Z1,No
ORD-1406,20:31,Monday,3,370,22,High,7,4,2.2,Low,Clear,Dense Urban,New,Yes,46,37,Z6,Z8,No
ORD-1407,22:44,Sunday,2,564,22,Moderate,1,4,2.2,Low,Clear,Urban,Experienced,No,35,33,Z4,Z4,No
ORD-1408,12:26,Tuesday,5,574,13,Moderate,4,2,4.3,Moderate,Clear,Urban,Moderate,Yes,34,40,Z1,Z1,No
ORD-1409,21:47,Tuesday,3,628,17,High,5,3,3.9,Heavy,Rain,Urban,Moderate,Yes,51,62,Z8,Z5,No
ORD-1410,21:48,Wednesday,4,336,14,Moderate,7,3,2.9,Moderate,Rain,Urban,New,Yes,41,64,Z3,Z2,Yes
ORD-1411,19:40,Monday,1,158,13,High,5,1,3.6,Moderate,Clear,Urban,Moderate,Yes,35,35,Z5,Z4,Yes
ORD-1412,19:56,Tuesday,4,1016,13,High,10,1,2.6,Heavy,Cold,Suburban,Experienced,Yes,37,42,Z1,Z4,No
ORD-1413,18:58,Thursday,1,193,7,Low,1,5,1.0,Moderate,Clear,Dense Urban,Moderate,No,21,24,Z4,Z8,No
ORD-1414,19:52,Tuesday,2,491,19,High,11,5,2.4,Severe,Clear,Suburban,Moderate,Yes,51,39,Z6,Z3,Yes
ORD-1415,19:10,Sunday,4,786,26,Very High,9,7,1.6,Heavy,Clear,Dense Urban,Moderate,Yes,54,33,Z6,Z8,No
ORD-1416,17:03,Monday,7,652,34,High,1,1,3.2,Moderate,Clear,Urban,Experienced,No,47,43,Z2,Z7,No
ORD-1417,20:38,Wednesday,4,1371,13,Moderate,3,5,5.7,Moderate,Clear,Urban,Moderate,Yes,41,48,Z6,Z1,No
ORD-1418,20:10,Tuesday,2,458,10,Low,2,3,2.9,Low,Rain,Suburban,Moderate,Yes,31,33,Z7,Z3,Yes
ORD-1419,14:23,Friday,3,664,23,High,5,2,3.1,Heavy,Clear,Dense Urban,Moderate,Yes,47,40,Z2,Z3,No
ORD-1420,22:06,Monday,3,620,17,Moderate,3,7,0.4,Heavy,Hot,Urban,New,Yes,53,25,Z4,Z6,No
ORD-1421,21:33,Friday,2,352,6,Moderate,9,4,5.3,Heavy,Clear,Suburban,Experienced,Yes,39,48,Z4,Z4,No
ORD-1422,13:39,Tuesday,2,326,10,High,5,2,2.1,Heavy,Clear,Dense Urban,Moderate,Yes,32,30,Z5,Z8,No
ORD-1423,15:13,Saturday,2,258,14,High,1,3,1.4,Moderate,Clear,Urban,Experienced,No,25,27,Z5,Z3,No
ORD-1424,11:51,Thursday,4,868,11,Low,2,3,1.3,Low,Clear,Urban,New,No,24,28,Z6,Z5,No
ORD-1425,15:00,Thursday,3,708,14,Low,1,5,4.3,Moderate,Fog,Urban,New,No,37,43,Z1,Z3,No
ORD-1426,21:46,Sunday,6,591,28,Very High,5,11,10.1,Moderate,Clear,Suburban,Experienced,Yes,71,67,Z7,Z3,No
ORD-1427,21:39,Tuesday,1,344,9,Moderate,3,5,4.0,Heavy,Clear,Urban,Moderate,Yes,37,40,Z3,Z7,No
ORD-1428,13:46,Friday,2,376,16,High,6,4,1.6,Severe,Clear,Dense Urban,New,Yes,43,29,Z5,Z5,No
ORD-1429,21:15,Saturday,2,365,8,Moderate,2,5,1.4,Moderate,Clear,Urban,Experienced,Yes,22,39,Z5,Z5,No
ORD-1430,18:51,Thursday,3,531,10,High,5,9,3.1,Moderate,Hot,Urban,Moderate,No,35,40,Z4,Z7,No
ORD-1431,12:17,Sunday,1,293,18,Very High,5,15,5.7,Heavy,Hot,Suburban,Moderate,Yes,58,46,Z5,Z3,No
ORD-1432,20:58,Sunday,2,480,11,Moderate,9,7,2.9,Severe,Clear,Dense Urban,Experienced,Yes,49,33,Z6,Z1,No
ORD-1433,21:04,Monday,3,585,12,High,2,3,6.4,Moderate,Fog,Dense Urban,New,Yes,45,49,Z5,Z2,No
ORD-1434,20:06,Sunday,2,208,12,High,7,4,10.2,Heavy,Clear,Suburban,New,Yes,57,67,Z6,Z4,No
ORD-1435,10:57,Sunday,2,459,28,Very High,3,4,1.3,Heavy,Hot,Urban,Experienced,No,43,28,Z7,Z5,No
ORD-1436,19:30,Monday,5,676,29,Moderate,13,8,7.0,Severe,Rain,Urban,Experienced,Yes,89,65,Z6,Z6,No
ORD-1437,21:09,Saturday,3,562,33,Very High,12,2,4.7,Low,Rain,Urban,Moderate,Yes,61,49,Z6,Z4,No
ORD-1438,18:38,Wednesday,3,462,29,High,5,2,2.7,Low,Clear,Suburban,Moderate,No,45,35,Z2,Z2,No
ORD-1439,14:32,Wednesday,4,293,20,High,3,1,4.7,Low,Rain,Urban,Experienced,No,54,46,Z4,Z4,No
ORD-1440,21:07,Friday,3,391,16,Moderate,17,6,8.2,Heavy,Clear,Suburban,Moderate,Yes,68,62,Z4,Z6,No
ORD-1441,15:00,Monday,3,324,6,Low,2,2,0.8,Heavy,Clear,Suburban,Experienced,No,16,44,Z8,Z2,No
ORD-1442,12:30,Saturday,5,754,20,High,4,3,1.2,Heavy,Clear,Urban,Experienced,Yes,34,37,Z2,Z3,No
ORD-1443,21:20,Sunday,2,192,10,Low,2,3,2.6,Heavy,Clear,Dense Urban,Experienced,Yes,32,31,Z3,Z5,Yes
ORD-1444,13:06,Wednesday,2,330,8,Moderate,1,4,3.4,Severe,Rain,Dense Urban,Moderate,Yes,38,42,Z6,Z3,No
ORD-1445,20:26,Sunday,5,1150,13,Moderate,7,4,3.6,Heavy,Clear,Urban,Experienced,Yes,39,55,Z3,Z3,No
ORD-1446,17:44,Sunday,1,250,13,Low,16,7,5.0,Severe,Clear,Suburban,New,No,64,39,Z3,Z8,No
ORD-1447,18:56,Thursday,4,491,9,Low,2,2,4.4,Heavy,Clear,Urban,Experienced,No,29,45,Z1,Z6,No
ORD-1448,18:55,Thursday,2,332,18,High,1,2,3.2,Moderate,Clear,Urban,Experienced,No,33,40,Z1,Z1,No
ORD-1449,12:37,Friday,3,299,9,Moderate,10,6,4.8,Low,Fog,Suburban,New,Yes,40,44,Z1,Z4,No
ORD-1450,20:00,Monday,3,340,22,Very High,1,1,3.5,Heavy,Fog,Urban,Experienced,Yes,40,45,Z4,Z3,No
ORD-1451,18:49,Tuesday,5,384,18,High,1,19,6.4,Low,Clear,Dense Urban,Moderate,No,58,51,Z1,Z7,No
ORD-1452,09:07,Friday,3,1159,11,Moderate,1,3,11.7,Low,Clear,Suburban,Moderate,No,39,61,Z3,Z8,No
ORD-1453,20:01,Wednesday,4,820,21,High,2,1,3.3,Moderate,Clear,Dense Urban,Moderate,Yes,42,44,Z3,Z8,No
ORD-1454,21:23,Friday,1,191,10,High,9,9,1.9,Low,Rain,Urban,Experienced,Yes,36,32,Z3,Z6,No
ORD-1455,20:08,Tuesday,2,373,7,Low,7,2,2.2,Moderate,Clear,Urban,Experienced,Yes,25,31,Z2,Z1,No
ORD-1456,21:17,Sunday,1,235,16,Very High,1,3,2.4,Moderate,Cold,Suburban,Experienced,Yes,33,56,Z2,Z1,Yes
ORD-1457,21:41,Thursday,4,584,16,Low,6,2,2.3,Moderate,Rain,Dense Urban,Moderate,Yes,41,34,Z6,Z7,Yes
ORD-1458,12:10,Tuesday,2,308,11,Moderate,5,3,3.1,Heavy,Clear,Suburban,Moderate,Yes,33,34,Z6,Z8,No
ORD-1459,19:50,Monday,1,252,10,Moderate,1,3,2.3,Heavy,Clear,Urban,New,Yes,50,29,Z6,Z1,Yes
ORD-1460,19:51,Friday,2,318,11,Moderate,13,10,7.3,Heavy,Hot,Suburban,New,Yes,67,53,Z6,Z8,No
ORD-1461,17:57,Thursday,5,750,19,High,2,6,2.2,Low,Clear,Urban,New,No,36,32,Z2,Z7,No
ORD-1462,19:29,Saturday,2,338,12,High,3,3,3.5,Heavy,Clear,Dense Urban,Moderate,Yes,40,34,Z2,Z4,No
ORD-1463,21:01,Saturday,7,2207,23,High,5,4,3.2,Moderate,Clear,Dense Urban,Experienced,Yes,46,48,Z6,Z3,No
ORD-1464,12:06,Monday,6,898,21,High,8,8,1.7,Heavy,Rain,Dense Urban,New,Yes,52,43,Z1,Z2,No
ORD-1465,22:11,Monday,5,702,16,Low,13,2,3.3,Heavy,Rain,Suburban,Experienced,Yes,46,46,Z8,Z8,No
ORD-1466,22:19,Thursday,3,360,28,High,4,6,1.1,Low,Clear,Urban,Experienced,Yes,45,31,Z7,Z1,No
ORD-1467,09:31,Thursday,2,333,13,Moderate,6,5,2.2,Moderate,Fog,Urban,Moderate,No,34,33,Z1,Z5,No
ORD-1468,21:37,Thursday,2,235,14,High,7,4,2.5,Heavy,Clear,Suburban,New,Yes,41,42,Z4,Z2,Yes
ORD-1469,18:31,Friday,3,497,14,High,3,6,3.6,Low,Clear,Urban,Moderate,No,34,35,Z1,Z4,No
ORD-1470,14:09,Thursday,3,551,11,Moderate,1,4,1.3,Moderate,Hot,Urban,Experienced,Yes,24,35,Z8,Z5,No
ORD-1471,19:54,Sunday,5,1137,31,High,3,5,3.0,Moderate,Hot,Urban,Moderate,Yes,67,44,Z4,Z6,No
ORD-1472,18:58,Friday,3,399,15,High,5,2,2.7,Moderate,Clear,Urban,Experienced,No,31,38,Z2,Z7,No
ORD-1473,20:09,Wednesday,6,1270,12,High,12,2,1.5,Heavy,Hot,Urban,Moderate,Yes,34,38,Z3,Z5,No
ORD-1474,19:15,Thursday,2,275,11,Moderate,3,7,0.4,Moderate,Clear,Urban,Moderate,Yes,26,29,Z6,Z8,No
ORD-1475,23:00,Tuesday,2,435,15,High,1,7,1.4,Heavy,Clear,Urban,Moderate,No,35,25,Z5,Z2,Yes
ORD-1476,20:47,Friday,10,789,22,High,1,3,3.0,Low,Clear,Suburban,Moderate,Yes,36,53,Z4,Z8,No
ORD-1477,20:46,Sunday,2,372,14,Very High,7,3,1.9,Severe,Rain,Urban,New,Yes,38,37,Z5,Z2,No
ORD-1478,21:18,Friday,1,154,13,High,5,1,4.1,Low,Hot,Suburban,Experienced,Yes,31,37,Z7,Z8,No
ORD-1479,12:32,Sunday,7,1008,27,Moderate,5,1,4.0,Heavy,Rain,Urban,Experienced,Yes,54,51,Z4,Z8,Yes
ORD-1480,13:53,Saturday,2,763,10,Moderate,1,4,1.4,Severe,Clear,Dense Urban,Experienced,Yes,28,30,Z3,Z7,No
ORD-1481,14:23,Friday,1,157,27,Very High,2,6,8.8,Low,Clear,Suburban,Experienced,Yes,55,56,Z6,Z5,No
ORD-1482,18:13,Saturday,1,320,11,Moderate,3,2,3.9,Moderate,Fog,Suburban,New,No,31,31,Z8,Z2,No
ORD-1483,11:30,Saturday,2,294,10,Moderate,3,7,2.3,Moderate,Clear,Urban,New,No,31,34,Z4,Z8,No
ORD-1484,19:10,Monday,3,447,15,Moderate,3,3,10.9,Severe,Hot,Suburban,Moderate,Yes,96,80,Z4,Z4,Yes
ORD-1485,18:11,Friday,4,512,20,Moderate,1,3,3.8,Moderate,Rain,Suburban,New,No,40,41,Z4,Z5,No
ORD-1486,19:19,Saturday,3,542,11,Moderate,1,6,3.8,Low,Clear,Urban,Moderate,Yes,50,38,Z2,Z1,No
ORD-1487,18:16,Saturday,3,319,19,High,1,4,1.7,Moderate,Hot,Dense Urban,Moderate,No,38,50,Z7,Z7,Yes
ORD-1488,10:01,Wednesday,3,372,10,Low,1,2,4.4,Moderate,Clear,Urban,Experienced,No,27,36,Z8,Z4,No
ORD-1489,22:31,Tuesday,2,382,7,Low,3,2,2.2,Heavy,Rain,Urban,Moderate,No,24,33,Z8,Z5,No
ORD-1490,22:16,Monday,3,674,13,Moderate,1,6,3.1,Moderate,Clear,Urban,New,Yes,31,33,Z4,Z1,No
ORD-1491,13:55,Tuesday,2,354,11,Moderate,3,2,2.2,Heavy,Clear,Urban,Experienced,Yes,26,33,Z7,Z3,No
ORD-1492,16:37,Tuesday,10,1492,17,Low,5,1,1.7,Moderate,Hot,Dense Urban,Moderate,No,39,39,Z6,Z2,Yes
ORD-1493,21:09,Wednesday,4,796,14,Moderate,5,2,2.2,Low,Hot,Suburban,Moderate,Yes,29,60,Z8,Z7,No
ORD-1494,19:26,Monday,2,678,19,Very High,5,8,1.4,Heavy,Hot,Dense Urban,Experienced,Yes,42,29,Z5,Z6,No
ORD-1495,13:53,Tuesday,6,681,21,High,6,2,5.2,Heavy,Hot,Urban,Moderate,Yes,53,51,Z2,Z4,No
ORD-1496,15:15,Tuesday,3,820,10,Low,7,1,1.4,Moderate,Rain,Dense Urban,Experienced,No,49,25,Z6,Z1,No
ORD-1497,20:27,Tuesday,6,722,22,High,5,4,2.4,Moderate,Clear,Suburban,Moderate,Yes,41,38,Z1,Z7,No
ORD-1498,19:28,Thursday,5,1480,21,High,16,1,0.8,Heavy,Hot,Dense Urban,Experienced,Yes,51,37,Z7,Z2,Yes
ORD-1499,13:05,Saturday,3,358,11,Moderate,3,5,0.7,Moderate,Rain,Urban,Moderate,Yes,25,27,Z3,Z3,No
ORD-1500,21:24,Sunday,3,422,12,Very High,3,3,2.1,Heavy,Cold,Urban,New,Yes,30,41,Z8,Z8,No
ORD-1501,18:19,Friday,1,161,8,Low,6,3,1.7,Heavy,Clear,Dense Urban,Experienced,No,29,47,Z7,Z1,No
ORD-1502,12:23,Friday,4,573,18,Moderate,5,2,2.3,Moderate,Clear,Suburban,Experienced,Yes,33,32,Z7,Z2,No
ORD-1503,21:18,Thursday,6,1182,20,High,5,2,3.4,Low,Clear,Urban,Moderate,Yes,39,45,Z8,Z2,No
ORD-1504,09:55,Sunday,1,237,7,Low,8,1,4.6,Heavy,Clear,Dense Urban,Experienced,No,39,37,Z1,Z7,No
ORD-1505,20:18,Sunday,4,691,16,High,2,2,1.9,Severe,Fog,Dense Urban,Experienced,Yes,36,40,Z5,Z4,No
ORD-1506,18:43,Friday,6,720,13,Low,2,3,2.0,Low,Clear,Suburban,Experienced,No,26,35,Z6,Z3,No
ORD-1507,20:58,Wednesday,3,705,9,Moderate,1,4,3.0,Heavy,Hot,Suburban,Experienced,Yes,27,40,Z7,Z4,No
ORD-1508,13:23,Sunday,2,464,20,Very High,3,2,5.5,Moderate,Clear,Suburban,Moderate,Yes,42,48,Z1,Z7,No
ORD-1509,17:51,Sunday,1,177,7,Moderate,6,4,3.3,Low,Clear,Suburban,New,No,28,34,Z2,Z1,No
ORD-1510,21:09,Thursday,5,665,16,High,1,3,0.9,Heavy,Hot,Dense Urban,Experienced,Yes,29,38,Z7,Z2,No
ORD-1511,20:05,Tuesday,2,329,16,High,6,3,0.5,Severe,Clear,Dense Urban,Experienced,Yes,37,27,Z8,Z1,Yes
ORD-1512,14:13,Thursday,2,384,28,Very High,8,6,4.7,Moderate,Hot,Suburban,Experienced,Yes,61,46,Z3,Z7,Yes
ORD-1513,10:07,Wednesday,1,200,12,High,2,5,3.7,Low,Hot,Urban,Moderate,No,30,36,Z8,Z4,No
ORD-1514,15:02,Monday,3,956,11,Low,3,4,1.2,Heavy,Clear,Dense Urban,Experienced,No,28,32,Z7,Z7,No
ORD-1515,21:02,Friday,3,597,21,Very High,4,4,3.0,Heavy,Rain,Dense Urban,Experienced,Yes,48,45,Z6,Z6,No
ORD-1516,12:03,Friday,2,317,52,High,5,4,4.8,Low,Hot,Urban,Moderate,Yes,74,44,Z1,Z8,No
ORD-1517,20:23,Friday,5,627,12,High,5,4,3.5,Heavy,Clear,Suburban,Moderate,Yes,39,46,Z7,Z8,No
ORD-1518,16:11,Monday,4,708,11,Low,1,7,2.0,Moderate,Clear,Dense Urban,Experienced,No,37,33,Z2,Z3,No
ORD-1519,22:10,Saturday,1,202,14,High,3,4,9.2,Moderate,Clear,Suburban,Moderate,Yes,46,62,Z4,Z4,No
ORD-1520,19:58,Thursday,2,366,13,Very High,11,3,8.9,Low,Clear,Suburban,Experienced,Yes,49,56,Z7,Z5,No
ORD-1521,19:53,Wednesday,1,241,13,High,1,4,8.1,Heavy,Clear,Urban,Experienced,Yes,46,57,Z2,Z2,No
ORD-1522,13:37,Wednesday,3,611,12,High,14,7,2.8,Heavy,Rain,Urban,Moderate,Yes,48,42,Z1,Z4,No
ORD-1523,23:18,Thursday,3,513,20,Low,4,3,7.2,Moderate,Clear,Suburban,Moderate,No,50,53,Z5,Z2,Yes
ORD-1524,20:40,Friday,4,924,17,Moderate,15,3,4.2,Low,Rain,Suburban,Moderate,Yes,52,44,Z1,Z7,Yes
ORD-1525,21:52,Saturday,3,328,16,Moderate,3,5,5.5,Moderate,Cold,Dense Urban,Moderate,Yes,48,50,Z8,Z4,No
ORD-1526,12:50,Friday,3,484,21,Very High,1,4,1.3,Heavy,Clear,Urban,Moderate,Yes,33,29,Z7,Z2,No
ORD-1527,19:38,Monday,1,342,11,High,7,2,2.8,Heavy,Clear,Dense Urban,Experienced,Yes,37,32,Z6,Z5,No
ORD-1528,14:46,Thursday,2,446,26,Very High,3,1,0.4,Moderate,Hot,Dense Urban,Moderate,No,37,24,Z4,Z5,No
ORD-1529,20:17,Saturday,2,271,7,Moderate,4,1,2.8,Low,Clear,Suburban,Experienced,Yes,20,30,Z7,Z3,No
ORD-1530,12:53,Thursday,2,501,9,Moderate,4,1,3.8,Severe,Clear,Dense Urban,Experienced,Yes,38,38,Z8,Z1,No
ORD-1531,13:35,Monday,3,534,15,Moderate,4,1,0.4,Severe,Cold,Urban,Moderate,Yes,26,30,Z4,Z8,No
ORD-1532,19:30,Sunday,3,426,19,High,6,2,2.2,Moderate,Clear,Urban,New,Yes,41,40,Z6,Z7,Yes
ORD-1533,20:26,Friday,1,101,9,High,6,5,1.0,Low,Hot,Suburban,Experienced,Yes,26,27,Z2,Z5,No
ORD-1534,18:21,Tuesday,5,1403,10,Moderate,1,3,1.0,Heavy,Clear,Urban,Experienced,No,28,29,Z2,Z2,No
ORD-1535,13:29,Sunday,5,1271,23,High,1,2,2.2,Heavy,Rain,Urban,Experienced,Yes,38,43,Z7,Z2,No
ORD-1536,14:06,Monday,4,638,19,Moderate,9,4,4.1,Low,Clear,Suburban,Experienced,Yes,42,41,Z3,Z3,No
ORD-1537,21:41,Monday,3,651,27,High,3,9,2.1,Moderate,Cold,Urban,Moderate,Yes,47,55,Z1,Z4,No
ORD-1538,09:01,Tuesday,3,555,15,Moderate,6,5,2.0,Heavy,Clear,Urban,Experienced,No,37,30,Z3,Z2,No
ORD-1539,20:51,Tuesday,1,167,10,Low,4,5,9.1,Low,Clear,Suburban,Moderate,Yes,40,57,Z2,Z8,No
ORD-1540,20:30,Friday,2,369,14,Moderate,3,2,1.9,Moderate,Clear,Urban,Experienced,Yes,28,27,Z1,Z3,No
ORD-1541,21:57,Sunday,5,528,20,High,9,6,5.1,Moderate,Clear,Suburban,Experienced,Yes,49,43,Z2,Z7,No
ORD-1542,21:28,Wednesday,3,774,13,Very High,1,4,6.2,Moderate,Clear,Urban,Moderate,Yes,48,49,Z8,Z1,No
ORD-1543,20:57,Sunday,4,508,14,High,7,2,3.5,Heavy,Cold,Suburban,Moderate,Yes,42,45,Z1,Z4,No
ORD-1544,11:40,Wednesday,3,607,12,Moderate,2,4,5.8,Moderate,Hot,Suburban,Moderate,No,42,44,Z3,Z3,No
ORD-1545,18:48,Wednesday,3,608,20,Very High,3,6,6.7,Moderate,Clear,Dense Urban,Experienced,No,72,48,Z8,Z6,No
ORD-1546,12:12,Friday,5,509,14,Low,3,5,5.5,Low,Clear,Suburban,Experienced,Yes,37,45,Z8,Z1,No
ORD-1547,19:33,Sunday,4,739,16,High,9,3,2.1,Heavy,Rain,Dense Urban,Moderate,Yes,60,44,Z7,Z7,No
ORD-1548,19:41,Saturday,3,385,10,Moderate,2,5,9.7,Heavy,Clear,Urban,Moderate,Yes,58,64,Z7,Z1,No
ORD-1549,14:15,Thursday,1,198,11,High,8,4,0.9,Heavy,Rain,Suburban,Experienced,Yes,30,29,Z6,Z2,No
ORD-1550,22:35,Wednesday,3,414,11,Moderate,1,6,2.9,Moderate,Clear,Dense Urban,Experienced,No,31,35,Z2,Z4,No
ORD-1551,20:45,Wednesday,4,551,12,Low,1,3,4.5,Moderate,Fog,Urban,Moderate,Yes,35,48,Z1,Z4,No
ORD-1552,12:33,Sunday,4,544,25,High,13,7,1.8,Moderate,Clear,Urban,New,Yes,79,38,Z5,Z8,Yes
ORD-1553,14:37,Wednesday,5,1213,20,Moderate,8,2,4.7,Moderate,Clear,Urban,New,No,49,47,Z4,Z5,No
ORD-1554,13:24,Tuesday,3,921,5,Low,1,3,4.5,Heavy,Rain,Suburban,New,Yes,32,41,Z2,Z2,No
ORD-1555,12:46,Wednesday,2,270,25,Very High,9,3,2.7,Moderate,Clear,Suburban,Experienced,Yes,47,39,Z2,Z3,No
ORD-1556,18:28,Thursday,1,246,9,Low,5,4,0.4,Moderate,Clear,Dense Urban,New,No,25,30,Z1,Z8,No
ORD-1557,13:12,Sunday,2,347,16,Moderate,7,8,0.5,Severe,Fog,Suburban,Moderate,Yes,37,28,Z1,Z7,No
ORD-1558,12:40,Thursday,1,170,18,Very High,8,2,4.6,Moderate,Hot,Dense Urban,Moderate,Yes,48,44,Z3,Z4,No
ORD-1559,14:40,Sunday,2,218,7,Low,1,4,9.3,Moderate,Clear,Suburban,Experienced,No,33,58,Z5,Z5,No
ORD-1560,21:55,Sunday,5,838,26,Moderate,8,4,4.1,Severe,Rain,Suburban,New,Yes,65,47,Z6,Z1,No
ORD-1561,14:52,Friday,2,409,7,Moderate,1,7,5.4,Low,Fog,Suburban,Moderate,No,31,38,Z8,Z2,No
ORD-1562,20:48,Saturday,1,214,10,Moderate,2,2,4.0,Moderate,Clear,Urban,New,Yes,35,42,Z6,Z3,Yes
ORD-1563,13:55,Tuesday,3,560,15,Very High,5,4,4.3,Low,Clear,Suburban,New,Yes,57,40,Z4,Z4,No
ORD-1564,13:17,Thursday,1,232,10,Very High,1,1,2.7,Low,Clear,Suburban,Moderate,Yes,22,35,Z8,Z6,No
ORD-1565,20:39,Monday,5,996,36,Very High,2,5,2.6,Moderate,Rain,Urban,New,Yes,59,36,Z8,Z5,Yes
ORD-1566,13:51,Monday,6,1217,26,High,3,6,5.6,Low,Fog,Urban,Moderate,Yes,54,53,Z2,Z6,No
ORD-1567,20:49,Thursday,3,599,24,High,3,2,4.8,Moderate,Rain,Urban,Experienced,Yes,48,53,Z5,Z7,No
ORD-1568,20:18,Saturday,4,702,16,Moderate,4,3,5.3,Heavy,Clear,Dense Urban,Moderate,Yes,46,45,Z8,Z4,No
ORD-1569,19:53,Monday,3,268,5,Low,3,5,1.7,Heavy,Fog,Urban,Experienced,Yes,24,33,Z2,Z6,No
ORD-1570,14:31,Monday,3,292,11,Moderate,8,6,4.8,Heavy,Clear,Urban,Experienced,No,42,41,Z4,Z4,No
ORD-1571,12:09,Sunday,1,185,19,Very High,23,4,3.2,Moderate,Clear,Dense Urban,Experienced,Yes,62,47,Z1,Z8,No
ORD-1572,19:00,Thursday,4,1180,33,Very High,13,9,7.5,Heavy,Clear,Dense Urban,Moderate,Yes,89,63,Z7,Z8,No
ORD-1573,15:19,Tuesday,2,408,14,Moderate,1,2,3.6,Low,Clear,Urban,Experienced,No,27,32,Z4,Z8,No
ORD-1574,21:54,Sunday,1,221,18,High,7,9,7.7,Heavy,Clear,Dense Urban,Experienced,Yes,67,77,Z1,Z7,No
ORD-1575,13:36,Friday,5,786,18,High,6,7,3.5,Moderate,Hot,Urban,Moderate,Yes,47,50,Z2,Z7,Yes
ORD-1576,22:14,Saturday,1,175,10,High,8,2,2.0,Heavy,Clear,Urban,Moderate,Yes,29,32,Z4,Z8,No
ORD-1577,18:52,Sunday,1,205,13,Very High,1,8,4.2,Heavy,Clear,Dense Urban,Moderate,No,43,37,Z7,Z7,No
ORD-1578,16:28,Tuesday,4,486,14,Moderate,2,3,2.7,Low,Clear,Urban,Moderate,No,28,55,Z2,Z2,No
ORD-1579,12:02,Tuesday,5,1096,28,High,7,5,1.7,Heavy,Clear,Urban,Moderate,Yes,53,35,Z3,Z3,Yes
ORD-1580,09:08,Sunday,3,302,18,Moderate,7,1,2.3,Low,Clear,Urban,New,No,39,29,Z3,Z7,Yes
ORD-1581,22:57,Wednesday,2,357,10,Low,4,5,2.0,Heavy,Fog,Urban,Experienced,No,29,32,Z3,Z6,No
ORD-1582,12:41,Friday,3,389,9,High,1,9,2.0,Moderate,Clear,Urban,Moderate,Yes,28,30,Z6,Z7,No
ORD-1583,21:37,Friday,3,474,13,Moderate,5,4,3.6,Heavy,Clear,Suburban,Moderate,Yes,41,41,Z5,Z4,Yes
ORD-1584,12:58,Tuesday,3,681,13,Moderate,1,1,2.3,Heavy,Hot,Urban,Moderate,Yes,26,56,Z6,Z2,No
ORD-1585,10:12,Wednesday,4,1110,13,Low,5,4,4.4,Low,Cold,Dense Urban,Moderate,No,40,37,Z6,Z7,Yes
ORD-1586,17:21,Monday,8,626,25,Moderate,5,3,1.8,Moderate,Rain,Urban,Moderate,No,42,54,Z5,Z6,No
ORD-1587,16:14,Friday,2,448,10,Moderate,2,3,2.3,Low,Rain,Urban,New,No,26,32,Z3,Z3,No
ORD-1588,20:25,Friday,5,961,20,Moderate,9,6,1.3,Low,Rain,Suburban,Experienced,Yes,42,34,Z3,Z3,No
ORD-1589,20:46,Monday,1,229,23,Very High,14,6,5.9,Moderate,Hot,Suburban,Moderate,Yes,81,52,Z2,Z7,No
ORD-1590,22:15,Saturday,4,586,21,High,9,9,2.9,Moderate,Rain,Suburban,New,Yes,53,53,Z4,Z5,No
ORD-1591,18:43,Wednesday,1,193,10,Moderate,2,2,0.8,Low,Clear,Dense Urban,Moderate,No,25,22,Z8,Z4,Yes
ORD-1592,18:18,Friday,3,643,11,High,1,9,1.4,Low,Clear,Suburban,Experienced,No,27,32,Z5,Z6,No
ORD-1593,19:04,Monday,4,460,19,Moderate,4,6,1.9,Moderate,Clear,Suburban,Moderate,Yes,37,34,Z2,Z2,No
ORD-1594,21:34,Wednesday,1,305,7,Moderate,6,3,0.7,Moderate,Clear,Suburban,Moderate,Yes,22,28,Z8,Z7,No
ORD-1595,17:04,Monday,4,364,9,Low,6,3,4.2,Low,Cold,Dense Urban,New,No,38,42,Z7,Z1,Yes
ORD-1596,12:55,Friday,2,321,19,Very High,9,3,8.0,Heavy,Rain,Suburban,Experienced,Yes,62,62,Z7,Z2,No
ORD-1597,22:05,Wednesday,2,215,23,High,2,4,0.4,Low,Clear,Suburban,Moderate,Yes,34,28,Z5,Z4,No
ORD-1598,21:15,Sunday,4,951,40,Very High,6,7,5.0,Moderate,Clear,Suburban,Moderate,Yes,69,44,Z6,Z4,No
ORD-1599,18:39,Tuesday,5,1282,15,High,1,1,3.9,Moderate,Rain,Dense Urban,Experienced,No,34,40,Z2,Z5,No
ORD-1600,09:59,Friday,3,483,8,Moderate,3,4,3.1,Severe,Hot,Dense Urban,Moderate,No,38,36,Z1,Z7,No
ORD-1601,21:57,Sunday,2,300,12,Moderate,2,6,4.0,Heavy,Clear,Dense Urban,Experienced,Yes,45,37,Z6,Z2,Yes
ORD-1602,21:07,Wednesday,2,632,14,Low,4,2,3.6,Heavy,Rain,Urban,Moderate,Yes,42,38,Z1,Z3,Yes
ORD-1603,14:30,Sunday,2,377,12,High,1,7,3.6,Low,Clear,Urban,Moderate,No,30,34,Z3,Z7,No
ORD-1604,12:19,Sunday,4,1861,22,High,6,3,4.1,Moderate,Cold,Suburban,Experienced,Yes,45,44,Z1,Z6,No
ORD-1605,14:14,Monday,2,243,12,Very High,5,2,3.4,Moderate,Hot,Urban,Moderate,Yes,32,39,Z2,Z5,No
ORD-1606,20:23,Friday,2,285,23,Very High,5,6,2.8,Heavy,Rain,Urban,New,Yes,62,34,Z3,Z2,No
ORD-1607,21:27,Thursday,2,402,18,Very High,4,6,7.5,Severe,Rain,Urban,New,Yes,76,76,Z5,Z3,No
ORD-1608,20:57,Thursday,4,469,21,High,5,5,2.7,Moderate,Rain,Dense Urban,Experienced,Yes,46,42,Z8,Z6,No
ORD-1609,13:59,Saturday,8,691,33,Very High,8,6,5.3,Moderate,Fog,Dense Urban,Moderate,Yes,73,53,Z6,Z6,No
ORD-1610,15:21,Saturday,2,457,19,High,2,9,7.0,Moderate,Clear,Urban,Moderate,No,50,50,Z3,Z4,No
ORD-1611,19:44,Wednesday,3,335,12,Moderate,1,5,2.2,Moderate,Clear,Urban,Moderate,Yes,31,34,Z1,Z3,Yes
ORD-1612,13:36,Friday,3,345,16,Moderate,3,2,1.5,Low,Clear,Urban,Experienced,Yes,28,34,Z5,Z5,No
ORD-1613,19:34,Sunday,1,256,21,Very High,4,3,1.1,Moderate,Rain,Dense Urban,Moderate,Yes,41,26,Z8,Z1,Yes
ORD-1614,12:57,Tuesday,4,1080,16,High,4,4,3.4,Heavy,Clear,Urban,Experienced,Yes,39,45,Z8,Z2,No
ORD-1615,20:38,Tuesday,3,522,15,Moderate,8,1,3.6,Moderate,Rain,Suburban,Experienced,Yes,40,39,Z7,Z6,Yes
ORD-1616,13:58,Friday,3,413,25,High,8,7,1.4,Moderate,Clear,Dense Urban,New,Yes,54,30,Z5,Z8,Yes
ORD-1617,12:09,Thursday,1,162,5,Moderate,6,9,2.1,Severe,Rain,Suburban,Moderate,Yes,34,33,Z1,Z5,No
ORD-1618,17:41,Wednesday,2,268,11,Low,6,5,2.1,Moderate,Fog,Urban,Moderate,No,32,33,Z3,Z5,No
ORD-1619,22:50,Saturday,3,386,20,Very High,1,2,2.8,Heavy,Rain,Suburban,Moderate,No,36,39,Z1,Z5,No
ORD-1620,11:45,Sunday,1,206,9,Low,4,3,4.9,Low,Clear,Urban,Experienced,No,27,37,Z8,Z6,No
ORD-1621,14:01,Wednesday,1,170,13,High,11,6,1.6,Heavy,Clear,Suburban,Experienced,Yes,38,30,Z2,Z8,No
ORD-1622,15:07,Tuesday,4,975,27,Moderate,1,4,1.2,Low,Clear,Urban,Moderate,No,38,30,Z8,Z1,No
ORD-1623,13:19,Thursday,2,653,8,Moderate,2,3,0.8,Moderate,Clear,Dense Urban,New,Yes,35,25,Z2,Z1,No
ORD-1624,22:45,Friday,1,272,5,Moderate,1,3,3.5,Moderate,Fog,Suburban,Experienced,No,21,29,Z7,Z7,No
ORD-1625,14:57,Sunday,1,140,64,Moderate,4,1,2.7,Moderate,Clear,Dense Urban,Experienced,No,82,50,Z1,Z8,No
ORD-1626,14:24,Sunday,2,264,14,High,4,2,4.1,Moderate,Clear,Suburban,Moderate,Yes,33,48,Z5,Z6,No
ORD-1627,12:48,Friday,3,305,21,Low,1,5,8.0,Moderate,Clear,Suburban,Experienced,Yes,55,61,Z6,Z7,Yes
ORD-1628,21:55,Friday,3,643,12,High,10,6,4.8,Moderate,Clear,Suburban,New,Yes,49,45,Z1,Z4,No
ORD-1629,12:40,Friday,3,617,12,High,8,6,1.7,Heavy,Rain,Suburban,New,Yes,38,34,Z7,Z7,No
ORD-1630,21:35,Monday,3,497,20,Very High,2,4,4.9,Heavy,Clear,Urban,Moderate,Yes,45,42,Z5,Z5,No
ORD-1631,19:08,Friday,3,610,16,Very High,1,7,3.5,Heavy,Clear,Dense Urban,Moderate,Yes,42,55,Z4,Z1,No
ORD-1632,14:14,Saturday,2,579,15,High,5,6,0.9,Heavy,Rain,Suburban,Experienced,Yes,33,25,Z7,Z6,No
ORD-1633,13:26,Wednesday,3,571,10,Moderate,1,4,1.1,Low,Rain,Suburban,Experienced,Yes,21,32,Z4,Z2,No
ORD-1634,14:14,Friday,1,147,32,Very High,3,2,3.0,Heavy,Clear,Dense Urban,Moderate,Yes,55,35,Z2,Z3,No
ORD-1635,20:25,Thursday,1,198,9,Low,5,5,4.3,Heavy,Clear,Dense Urban,Experienced,Yes,39,35,Z5,Z4,No
ORD-1636,17:27,Sunday,3,494,13,Moderate,1,2,2.6,Heavy,Clear,Urban,Moderate,No,28,32,Z7,Z2,No
ORD-1637,18:49,Thursday,1,343,6,High,3,2,1.5,Moderate,Clear,Urban,Moderate,No,19,24,Z8,Z1,No
ORD-1638,19:26,Friday,2,305,20,High,2,1,6.2,Heavy,Clear,Suburban,Moderate,Yes,48,57,Z2,Z7,No
ORD-1639,17:42,Tuesday,4,1205,5,Low,3,2,0.6,Low,Clear,Dense Urban,Moderate,No,17,27,Z4,Z5,No
ORD-1640,13:17,Saturday,3,517,31,Very High,1,3,3.3,Low,Clear,Urban,Moderate,Yes,46,39,Z7,Z2,No
ORD-1641,23:14,Thursday,3,1050,15,Moderate,1,4,6.1,Moderate,Clear,Suburban,New,No,45,48,Z2,Z2,Yes
ORD-1642,18:24,Tuesday,2,287,22,High,1,4,4.8,Heavy,Rain,Urban,New,No,69,46,Z1,Z7,Yes
ORD-1643,22:44,Friday,4,976,19,Moderate,3,13,4.8,Moderate,Clear,Urban,Experienced,No,54,38,Z7,Z8,Yes
ORD-1644,19:57,Tuesday,3,485,21,Very High,2,4,6.3,Moderate,Clear,Suburban,Moderate,Yes,47,52,Z5,Z1,No
ORD-1645,15:31,Wednesday,5,1321,10,Low,2,10,1.0,Moderate,Clear,Dense Urban,Experienced,No,30,36,Z6,Z5,No
ORD-1646,19:42,Wednesday,3,687,13,Moderate,3,3,5.3,Moderate,Rain,Urban,Moderate,Yes,38,48,Z2,Z3,No
ORD-1647,21:14,Friday,2,277,8,Moderate,2,3,1.9,Heavy,Rain,Dense Urban,Moderate,Yes,26,38,Z1,Z1,No
ORD-1648,14:35,Friday,3,828,11,Low,5,12,1.7,Low,Rain,Urban,New,No,36,31,Z3,Z4,No
ORD-1649,22:18,Saturday,5,825,23,Moderate,3,4,3.1,Severe,Clear,Urban,Moderate,Yes,50,46,Z6,Z5,No
ORD-1650,20:31,Friday,2,328,47,Moderate,3,2,3.5,Low,Rain,Suburban,Experienced,Yes,64,35,Z5,Z8,No
ORD-1651,11:04,Sunday,2,298,7,Low,10,2,8.0,Moderate,Clear,Suburban,Experienced,No,42,56,Z6,Z7,No
ORD-1652,17:45,Sunday,1,211,13,High,1,4,4.7,Low,Rain,Dense Urban,Experienced,No,35,39,Z3,Z2,No
ORD-1653,11:31,Monday,3,419,13,High,1,2,1.1,Heavy,Clear,Dense Urban,Moderate,No,26,28,Z6,Z3,No
ORD-1654,19:17,Wednesday,5,741,18,High,7,4,2.0,Moderate,Rain,Dense Urban,Experienced,Yes,42,35,Z4,Z6,No
ORD-1655,12:55,Monday,2,432,9,Low,3,6,2.9,Moderate,Clear,Dense Urban,New,Yes,34,33,Z2,Z3,No
ORD-1656,21:12,Sunday,1,184,11,Very High,8,6,3.2,Heavy,Hot,Dense Urban,Moderate,Yes,44,39,Z7,Z4,No
ORD-1657,14:06,Monday,3,328,20,Very High,3,2,3.7,Moderate,Clear,Suburban,Moderate,Yes,43,43,Z2,Z7,Yes
ORD-1658,20:26,Tuesday,4,673,25,High,13,7,9.2,Severe,Clear,Suburban,Moderate,Yes,85,69,Z7,Z6,No
ORD-1659,12:39,Friday,3,348,12,Moderate,16,3,1.1,Heavy,Fog,Dense Urban,Moderate,Yes,42,52,Z3,Z8,No
ORD-1660,12:39,Tuesday,6,1427,23,Very High,9,3,7.9,Severe,Rain,Suburban,Moderate,Yes,77,74,Z6,Z4,No
ORD-1661,11:43,Sunday,3,633,11,Moderate,4,3,5.3,Moderate,Rain,Urban,Moderate,No,40,43,Z1,Z1,No
ORD-1662,12:59,Wednesday,2,223,17,Very High,2,3,0.6,Moderate,Clear,Dense Urban,Moderate,Yes,42,25,Z1,Z3,Yes
ORD-1663,15:16,Monday,4,541,18,High,3,1,1.1,Low,Fog,Urban,Moderate,No,29,31,Z7,Z4,No
ORD-1664,20:51,Tuesday,2,280,6,Low,3,4,2.0,Moderate,Clear,Dense Urban,Moderate,Yes,24,29,Z7,Z5,No
ORD-1665,13:35,Thursday,5,1206,20,High,2,4,4.2,Heavy,Clear,Urban,New,Yes,48,54,Z3,Z4,No
ORD-1666,18:34,Thursday,2,247,14,Moderate,5,6,5.2,Heavy,Clear,Suburban,New,No,46,40,Z3,Z3,No
ORD-1667,11:24,Friday,3,378,24,Very High,4,9,9.3,Moderate,Clear,Suburban,Moderate,No,70,60,Z6,Z5,No
ORD-1668,13:36,Monday,6,773,28,Very High,2,4,5.6,Moderate,Clear,Suburban,Moderate,Yes,50,50,Z3,Z8,No
ORD-1669,20:30,Tuesday,5,783,18,Moderate,5,3,4.2,Heavy,Rain,Dense Urban,Experienced,Yes,48,46,Z7,Z7,No
ORD-1670,17:31,Wednesday,3,1076,10,Low,1,2,3.8,Low,Clear,Suburban,Moderate,No,23,34,Z2,Z4,No
ORD-1671,12:39,Monday,3,535,16,High,2,2,5.1,Heavy,Clear,Urban,New,Yes,46,44,Z1,Z2,Yes
ORD-1672,14:21,Monday,1,194,17,High,4,1,2.5,Heavy,Clear,Urban,Experienced,Yes,34,57,Z8,Z6,No
ORD-1673,12:29,Wednesday,4,516,14,Moderate,5,3,3.3,Heavy,Clear,Suburban,Moderate,Yes,44,38,Z1,Z5,No
ORD-1674,20:34,Thursday,4,620,11,Moderate,4,3,4.9,Moderate,Hot,Suburban,New,Yes,34,47,Z7,Z3,No
ORD-1675,10:02,Saturday,3,602,10,Moderate,2,5,2.9,Low,Clear,Urban,Moderate,No,28,34,Z5,Z4,No
ORD-1676,11:19,Sunday,4,919,9,Moderate,22,6,1.9,Heavy,Rain,Dense Urban,New,No,55,32,Z5,Z4,No
ORD-1677,21:24,Tuesday,3,372,13,Low,5,1,2.6,Moderate,Clear,Urban,Experienced,Yes,28,32,Z7,Z7,No
ORD-1678,21:01,Saturday,6,673,23,Moderate,1,7,2.2,Heavy,Clear,Dense Urban,Moderate,Yes,44,39,Z1,Z4,No
ORD-1679,21:20,Monday,2,633,10,High,8,6,3.0,Heavy,Clear,Urban,Experienced,Yes,37,36,Z7,Z7,No
ORD-1680,12:48,Tuesday,1,257,8,Moderate,2,8,3.8,Heavy,Clear,Urban,Moderate,Yes,34,40,Z4,Z8,No
ORD-1681,19:47,Monday,5,1087,23,Very High,4,3,3.6,Severe,Clear,Urban,Experienced,Yes,49,43,Z3,Z8,No
ORD-1682,21:54,Monday,2,365,9,Low,1,4,9.4,Severe,Clear,Dense Urban,Experienced,Yes,62,70,Z5,Z1,No
ORD-1683,18:59,Tuesday,1,204,8,Moderate,2,3,8.9,Low,Clear,Urban,Experienced,No,43,54,Z7,Z6,No
ORD-1684,12:58,Friday,4,815,20,High,4,5,2.2,Severe,Rain,Suburban,Experienced,Yes,43,41,Z8,Z5,No
ORD-1685,10:50,Saturday,6,949,23,Moderate,4,4,1.4,Moderate,Cold,Urban,New,No,39,29,Z6,Z7,No
ORD-1686,15:58,Sunday,4,613,12,Low,10,4,3.7,Low,Clear,Suburban,Moderate,No,36,35,Z3,Z3,No
ORD-1687,19:39,Sunday,4,852,30,Very High,5,8,2.4,Severe,Rain,Urban,Moderate,Yes,62,38,Z8,Z5,No
ORD-1688,20:11,Wednesday,3,327,16,High,2,7,1.8,Heavy,Rain,Urban,New,Yes,42,32,Z3,Z2,Yes
ORD-1689,10:48,Sunday,1,282,14,Moderate,1,2,1.4,Moderate,Cold,Urban,New,No,25,47,Z2,Z7,No
ORD-1690,21:05,Friday,2,333,5,Moderate,3,2,6.0,Heavy,Rain,Urban,Experienced,Yes,36,47,Z8,Z6,No
ORD-1691,13:42,Saturday,2,366,11,Moderate,6,10,5.7,Moderate,Hot,Suburban,Moderate,Yes,44,48,Z8,Z3,No
ORD-1692,21:13,Saturday,2,376,23,Very High,2,4,1.8,Moderate,Cold,Dense Urban,Experienced,Yes,39,30,Z8,Z4,No
ORD-1693,13:19,Wednesday,3,670,8,Moderate,3,5,6.4,Moderate,Clear,Urban,New,Yes,41,44,Z4,Z7,No
ORD-1694,11:38,Sunday,3,444,12,Low,2,2,2.8,Heavy,Hot,Dense Urban,Experienced,No,32,32,Z5,Z6,No
ORD-1695,20:54,Thursday,6,606,49,Very High,3,5,2.5,Heavy,Rain,Urban,Moderate,Yes,70,40,Z8,Z5,No
ORD-1696,23:11,Monday,3,507,24,High,2,6,3.7,Moderate,Hot,Suburban,New,No,47,37,Z1,Z3,No
ORD-1697,20:19,Thursday,3,373,11,Low,1,3,2.1,Moderate,Clear,Urban,New,Yes,29,32,Z6,Z2,No
ORD-1698,19:41,Friday,2,268,10,Moderate,2,4,5.5,Heavy,Clear,Dense Urban,New,Yes,69,45,Z7,Z3,No
ORD-1699,20:52,Friday,4,545,13,Moderate,5,1,6.4,Moderate,Rain,Suburban,New,Yes,45,55,Z3,Z1,Yes
ORD-1700,21:03,Friday,3,283,19,High,1,3,2.2,Low,Rain,Urban,Moderate,Yes,33,45,Z3,Z7,No
ORD-1701,14:56,Sunday,5,563,32,High,6,2,5.7,Severe,Clear,Urban,Experienced,No,64,71,Z5,Z5,No
ORD-1702,21:29,Friday,7,1340,23,Moderate,5,6,0.9,Heavy,Rain,Dense Urban,New,Yes,44,30,Z1,Z8,No
ORD-1703,19:04,Saturday,2,285,11,Moderate,3,8,7.3,Moderate,Clear,Dense Urban,Moderate,Yes,50,54,Z6,Z1,No
ORD-1704,20:59,Saturday,2,286,10,Moderate,10,2,0.9,Heavy,Rain,Urban,Experienced,Yes,30,25,Z2,Z4,No
ORD-1705,12:55,Friday,4,580,19,High,5,2,8.3,Moderate,Clear,Urban,Experienced,Yes,51,63,Z4,Z1,No
ORD-1706,19:48,Friday,2,411,20,High,1,16,3.1,Heavy,Clear,Dense Urban,Moderate,Yes,55,60,Z5,Z7,No
ORD-1707,20:52,Sunday,9,1912,18,Moderate,2,1,5.1,Low,Clear,Suburban,Moderate,Yes,35,54,Z7,Z3,No
ORD-1708,12:56,Tuesday,5,897,27,High,1,3,2.3,Moderate,Clear,Suburban,Experienced,Yes,39,36,Z6,Z1,No
ORD-1709,20:37,Saturday,2,430,16,High,5,4,4.0,Low,Fog,Urban,New,Yes,39,56,Z4,Z1,No
ORD-1710,14:49,Thursday,5,1003,15,Moderate,1,5,2.2,Heavy,Rain,Suburban,Experienced,No,32,31,Z6,Z1,No
ORD-1711,14:43,Saturday,2,239,9,Moderate,3,4,1.6,Moderate,Clear,Suburban,New,No,24,31,Z5,Z1,No
ORD-1712,19:08,Sunday,6,1480,32,High,1,3,2.1,Moderate,Clear,Urban,Experienced,Yes,46,39,Z3,Z5,No
ORD-1713,12:17,Thursday,5,1035,15,High,3,2,7.4,Heavy,Rain,Urban,Moderate,Yes,54,68,Z5,Z3,No
ORD-1714,20:41,Saturday,2,226,21,Very High,2,6,2.7,Moderate,Clear,Suburban,Experienced,Yes,38,35,Z6,Z1,No
ORD-1715,14:07,Thursday,4,454,32,Very High,8,11,2.7,Heavy,Clear,Urban,Experienced,Yes,69,36,Z8,Z5,No
ORD-1716,18:37,Wednesday,2,221,9,Low,4,2,5.2,Heavy,Clear,Urban,New,No,39,40,Z5,Z2,No
ORD-1717,19:12,Tuesday,3,469,24,High,4,5,2.1,Moderate,Hot,Urban,New,Yes,43,37,Z8,Z4,No
ORD-1718,20:18,Sunday,2,267,16,Moderate,2,6,2.5,Moderate,Fog,Dense Urban,Moderate,Yes,41,50,Z2,Z2,Yes
ORD-1719,18:23,Sunday,1,133,7,Moderate,3,4,1.5,Severe,Clear,Dense Urban,New,No,28,26,Z4,Z5,No
ORD-1720,13:38,Saturday,6,1238,17,Moderate,2,3,2.8,Moderate,Clear,Urban,Moderate,Yes,35,38,Z4,Z8,No
ORD-1721,14:09,Wednesday,2,402,14,High,7,2,3.7,Heavy,Hot,Urban,Moderate,Yes,49,43,Z2,Z8,No
ORD-1722,19:12,Sunday,1,191,12,Very High,3,2,1.5,Moderate,Hot,Urban,New,Yes,29,26,Z6,Z7,Yes
ORD-1723,15:24,Thursday,2,309,13,Moderate,2,6,7.0,Moderate,Clear,Urban,Moderate,No,45,46,Z6,Z3,No
ORD-1724,15:54,Thursday,5,744,11,Low,15,3,7.4,Low,Rain,Suburban,New,No,50,53,Z1,Z1,No
ORD-1725,11:54,Sunday,1,162,10,Moderate,2,1,1.2,Heavy,Clear,Urban,New,No,30,29,Z6,Z6,Yes
ORD-1726,16:12,Monday,2,462,11,Low,7,3,6.0,Low,Cold,Urban,Moderate,No,39,38,Z6,Z2,No
ORD-1727,16:19,Saturday,5,1460,10,Low,1,8,3.7,Heavy,Fog,Urban,Moderate,No,38,41,Z1,Z1,No
ORD-1728,13:02,Thursday,3,459,13,Very High,8,2,3.8,Moderate,Clear,Dense Urban,Moderate,Yes,39,42,Z6,Z1,No
ORD-1729,17:45,Saturday,3,587,14,Low,5,2,2.0,Low,Clear,Suburban,Moderate,No,28,31,Z2,Z3,No
ORD-1730,13:07,Wednesday,3,865,12,Moderate,1,1,1.5,Severe,Fog,Urban,Moderate,Yes,35,46,Z6,Z8,No
ORD-1731,18:00,Tuesday,5,747,19,Low,3,1,4.5,Low,Clear,Urban,Moderate,No,37,38,Z3,Z4,No
ORD-1732,17:20,Friday,5,565,11,Low,2,3,7.2,Low,Rain,Suburban,Moderate,No,35,55,Z1,Z8,No
ORD-1733,13:26,Friday,1,186,9,Moderate,3,2,5.4,Moderate,Rain,Urban,Moderate,Yes,35,44,Z2,Z2,No
ORD-1734,13:11,Thursday,1,265,14,Very High,4,3,3.6,Severe,Cold,Dense Urban,Moderate,Yes,45,38,Z8,Z8,No
ORD-1735,21:03,Wednesday,1,119,9,Moderate,2,4,1.3,Heavy,Clear,Dense Urban,New,Yes,31,25,Z6,Z6,Yes
ORD-1736,19:21,Sunday,4,423,20,Moderate,15,2,1.1,Heavy,Clear,Urban,Experienced,Yes,48,34,Z8,Z4,Yes
ORD-1737,17:17,Tuesday,2,407,6,Low,1,1,1.1,Moderate,Clear,Dense Urban,Experienced,No,17,22,Z3,Z5,No
ORD-1738,21:11,Saturday,2,212,10,Moderate,3,10,2.5,Heavy,Clear,Urban,New,Yes,40,41,Z3,Z7,Yes
ORD-1739,13:40,Thursday,2,340,10,Moderate,14,2,3.5,Moderate,Clear,Urban,Moderate,Yes,43,39,Z4,Z2,Yes
ORD-1740,21:23,Sunday,3,639,12,High,3,6,3.0,Severe,Clear,Urban,New,Yes,46,42,Z2,Z3,Yes
ORD-1741,13:13,Sunday,4,723,31,High,7,6,1.2,Heavy,Clear,Suburban,New,Yes,62,36,Z2,Z2,No
ORD-1742,19:10,Saturday,10,1943,19,Low,4,2,2.6,Moderate,Clear,Urban,Experienced,Yes,34,45,Z4,Z3,No
ORD-1743,13:21,Friday,4,399,29,High,12,2,5.2,Moderate,Clear,Urban,Experienced,Yes,60,48,Z2,Z6,No
ORD-1744,17:05,Thursday,1,298,8,Moderate,2,4,0.6,Heavy,Clear,Urban,Experienced,No,20,26,Z5,Z2,No
ORD-1745,21:00,Tuesday,1,119,9,Moderate,9,5,7.2,Severe,Rain,Urban,Experienced,Yes,66,58,Z2,Z5,No
ORD-1746,23:13,Friday,7,1017,20,Low,1,3,3.3,Moderate,Hot,Dense Urban,Moderate,No,38,41,Z2,Z1,No
ORD-1747,10:13,Sunday,2,652,15,Low,8,6,1.5,Low,Clear,Urban,New,No,40,22,Z3,Z1,Yes
ORD-1748,19:23,Saturday,3,390,15,Very High,3,7,3.6,Moderate,Clear,Urban,Moderate,Yes,40,41,Z1,Z6,No
ORD-1749,13:47,Thursday,5,616,15,Moderate,5,4,0.4,Heavy,Clear,Dense Urban,Moderate,Yes,32,27,Z2,Z5,No
ORD-1750,21:32,Tuesday,3,524,17,High,5,4,1.2,Severe,Clear,Dense Urban,Moderate,Yes,37,34,Z5,Z4,No
ORD-1751,21:26,Thursday,8,2276,23,Low,4,3,2.0,Heavy,Rain,Suburban,Moderate,Yes,52,39,Z8,Z8,No
ORD-1752,20:32,Monday,4,621,29,Very High,1,3,1.7,Heavy,Clear,Urban,Experienced,Yes,46,33,Z1,Z5,Yes
ORD-1753,13:18,Friday,5,1712,17,High,15,2,2.8,Moderate,Clear,Dense Urban,Experienced,Yes,54,40,Z1,Z1,Yes
ORD-1754,11:13,Saturday,2,431,10,Moderate,4,4,1.9,Heavy,Clear,Dense Urban,Moderate,No,32,26,Z3,Z1,No
ORD-1755,12:05,Monday,1,203,16,High,4,3,1.7,Severe,Clear,Urban,Moderate,Yes,38,32,Z6,Z1,Yes
ORD-1756,13:21,Saturday,5,835,16,High,10,5,1.9,Severe,Clear,Urban,Moderate,Yes,43,41,Z5,Z2,No
ORD-1757,13:51,Thursday,3,431,24,Moderate,4,6,11.2,Heavy,Cold,Suburban,Experienced,Yes,72,71,Z6,Z1,No
ORD-1758,12:10,Friday,3,724,12,Very High,8,4,3.9,Low,Clear,Suburban,New,Yes,38,42,Z3,Z6,No
ORD-1759,20:06,Friday,2,332,6,High,5,2,2.0,Heavy,Clear,Dense Urban,Moderate,Yes,26,35,Z5,Z8,No
ORD-1760,21:45,Sunday,2,366,14,High,4,2,6.2,Low,Clear,Dense Urban,Moderate,Yes,38,48,Z6,Z7,No
ORD-1761,21:30,Sunday,3,984,11,Moderate,13,2,3.0,Heavy,Hot,Urban,Moderate,Yes,40,43,Z1,Z8,No
ORD-1762,11:15,Friday,5,1024,13,High,4,3,2.8,Low,Rain,Urban,Moderate,No,31,41,Z6,Z6,No
ORD-1763,12:57,Thursday,2,372,18,Very High,6,6,1.1,Moderate,Hot,Dense Urban,Moderate,Yes,39,27,Z5,Z2,No
ORD-1764,21:15,Saturday,2,166,15,Moderate,4,2,4.8,Low,Cold,Urban,Experienced,Yes,36,38,Z8,Z7,Yes
ORD-1765,20:30,Saturday,2,321,12,High,2,8,2.6,Heavy,Clear,Suburban,New,Yes,35,38,Z8,Z8,No
ORD-1766,10:55,Thursday,1,201,9,Low,4,5,1.1,Heavy,Clear,Urban,New,No,27,32,Z5,Z2,No
ORD-1767,19:06,Sunday,3,595,17,High,3,5,6.8,Heavy,Clear,Urban,Moderate,Yes,51,59,Z6,Z8,No
ORD-1768,15:33,Tuesday,2,265,9,Moderate,3,4,3.3,Low,Cold,Dense Urban,Moderate,No,29,48,Z1,Z3,No
ORD-1769,22:16,Monday,4,656,15,Moderate,5,2,1.8,Moderate,Rain,Dense Urban,Moderate,Yes,33,37,Z8,Z7,No
ORD-1770,12:42,Tuesday,2,446,12,High,3,3,2.3,Heavy,Rain,Dense Urban,Experienced,Yes,36,31,Z4,Z6,No
ORD-1771,13:02,Saturday,2,554,16,Very High,3,9,2.4,Heavy,Clear,Dense Urban,Moderate,Yes,64,37,Z6,Z7,No
ORD-1772,20:26,Sunday,2,253,14,High,11,3,2.8,Moderate,Clear,Urban,Moderate,Yes,40,37,Z7,Z5,No
ORD-1773,13:15,Thursday,5,951,15,Low,7,2,0.4,Moderate,Clear,Urban,Moderate,Yes,32,31,Z1,Z3,Yes
ORD-1774,14:00,Tuesday,2,426,14,High,4,2,2.8,Moderate,Hot,Dense Urban,Experienced,Yes,34,39,Z3,Z2,No
ORD-1775,14:25,Saturday,3,366,13,High,1,1,2.3,Moderate,Clear,Urban,Moderate,Yes,26,37,Z1,Z1,No
ORD-1776,21:15,Sunday,5,1794,17,Moderate,3,2,2.3,Severe,Clear,Dense Urban,Experienced,Yes,44,42,Z8,Z2,Yes
ORD-1777,21:35,Monday,5,873,10,Moderate,9,10,1.3,Moderate,Clear,Suburban,New,Yes,36,32,Z1,Z7,No
ORD-1778,12:50,Saturday,2,364,14,High,8,2,1.9,Heavy,Clear,Urban,New,Yes,36,38,Z8,Z6,No
ORD-1779,14:05,Friday,1,248,9,Moderate,11,3,6.1,Moderate,Rain,Dense Urban,Moderate,Yes,51,67,Z1,Z4,No
ORD-1780,22:12,Friday,1,200,13,High,5,3,5.5,Moderate,Clear,Urban,Moderate,Yes,39,44,Z3,Z7,No
ORD-1781,19:04,Wednesday,4,1552,28,High,4,2,5.2,Low,Clear,Suburban,Moderate,Yes,50,47,Z1,Z1,No
ORD-1782,13:06,Wednesday,5,981,24,High,7,3,0.9,Low,Clear,Dense Urban,Experienced,Yes,42,31,Z7,Z2,No
ORD-1783,11:28,Sunday,2,327,12,Moderate,10,2,6.3,Moderate,Clear,Suburban,Experienced,No,44,40,Z8,Z2,No
ORD-1784,21:50,Monday,4,537,10,Moderate,9,5,9.3,Low,Clear,Suburban,Experienced,Yes,46,61,Z8,Z5,No
ORD-1785,13:16,Saturday,3,773,10,Moderate,6,4,3.0,Heavy,Rain,Dense Urban,New,Yes,44,38,Z5,Z5,Yes
ORD-1786,23:17,Thursday,2,291,15,Moderate,3,5,1.8,Low,Clear,Dense Urban,Moderate,No,39,51,Z4,Z6,No
ORD-1787,12:52,Friday,1,135,10,Very High,1,1,2.3,Moderate,Clear,Urban,Moderate,Yes,22,31,Z4,Z7,No
ORD-1788,13:18,Sunday,1,179,17,High,8,2,2.8,Moderate,Clear,Urban,Experienced,Yes,38,48,Z4,Z2,No
ORD-1789,20:55,Saturday,2,385,13,High,4,5,1.9,Moderate,Clear,Suburban,Moderate,Yes,30,29,Z3,Z3,No
ORD-1790,23:17,Saturday,2,327,13,High,8,3,7.0,Low,Hot,Suburban,Experienced,No,43,46,Z3,Z3,Yes
ORD-1791,14:19,Thursday,5,1281,23,Low,3,4,2.3,Severe,Clear,Urban,Experienced,Yes,45,39,Z1,Z6,No
ORD-1792,22:39,Saturday,4,762,23,High,5,3,2.6,Low,Clear,Suburban,Moderate,No,40,32,Z4,Z1,No
ORD-1793,19:23,Thursday,3,357,15,Moderate,7,3,5.3,Moderate,Clear,Dense Urban,Experienced,Yes,46,42,Z3,Z3,No
ORD-1794,12:40,Thursday,6,881,22,High,5,3,2.0,Moderate,Clear,Urban,Moderate,Yes,40,45,Z7,Z6,No
ORD-1795,20:08,Sunday,2,405,13,High,6,3,2.7,Severe,Rain,Urban,Experienced,Yes,37,35,Z1,Z2,No
ORD-1796,21:13,Friday,2,460,13,High,11,2,2.2,Moderate,Rain,Urban,Experienced,Yes,36,36,Z2,Z7,No
ORD-1797,20:52,Saturday,7,937,40,High,1,10,3.6,Low,Rain,Urban,Moderate,Yes,65,46,Z4,Z5,No
ORD-1798,11:04,Friday,5,476,18,Low,5,2,4.0,Low,Hot,Urban,Experienced,No,37,39,Z2,Z5,No
ORD-1799,21:28,Friday,3,512,12,High,3,2,4.0,Moderate,Clear,Urban,Moderate,Yes,28,42,Z1,Z5,No
ORD-1800,12:10,Saturday,2,319,13,High,7,2,4.4,Low,Clear,Urban,Moderate,Yes,35,43,Z6,Z5,No
ORD-1801,14:58,Wednesday,10,1559,30,Moderate,3,5,6.8,Moderate,Clear,Suburban,Moderate,No,74,62,Z1,Z6,No
ORD-1802,14:09,Saturday,2,358,12,Moderate,2,4,2.6,Heavy,Clear,Urban,Moderate,Yes,34,37,Z5,Z7,Yes
ORD-1803,21:18,Friday,3,374,9,Moderate,4,2,7.3,Heavy,Clear,Suburban,Moderate,Yes,40,51,Z6,Z2,No
ORD-1804,18:05,Wednesday,3,269,18,High,3,6,3.0,Low,Clear,Urban,Moderate,No,38,36,Z2,Z7,No
ORD-1805,12:07,Saturday,3,534,21,Very High,3,4,0.5,Severe,Fog,Dense Urban,Moderate,Yes,37,29,Z4,Z4,No
ORD-1806,22:10,Saturday,3,585,14,High,4,7,1.7,Heavy,Clear,Urban,New,Yes,35,38,Z3,Z5,No
ORD-1807,13:13,Tuesday,6,970,31,High,4,2,0.8,Heavy,Clear,Dense Urban,Experienced,Yes,46,28,Z7,Z3,No
ORD-1808,22:38,Wednesday,4,1255,19,High,1,3,2.1,Low,Clear,Dense Urban,Moderate,No,34,32,Z6,Z3,No
ORD-1809,17:58,Friday,5,1228,17,Moderate,1,4,3.7,Severe,Cold,Urban,Moderate,No,43,42,Z7,Z7,No
ORD-1810,18:23,Tuesday,4,681,23,Very High,1,12,1.4,Moderate,Hot,Dense Urban,Experienced,No,47,46,Z5,Z3,No
ORD-1811,19:36,Saturday,6,1184,20,Moderate,4,1,3.0,Moderate,Clear,Dense Urban,Experienced,Yes,48,42,Z3,Z2,No
ORD-1812,17:50,Saturday,5,948,11,Low,1,6,4.0,Low,Clear,Urban,Experienced,No,29,61,Z2,Z3,No
ORD-1813,21:18,Thursday,4,683,20,High,5,6,9.3,Heavy,Rain,Suburban,New,Yes,69,74,Z5,Z8,No
ORD-1814,20:19,Monday,4,765,16,High,4,5,3.6,Moderate,Clear,Suburban,Experienced,Yes,37,39,Z2,Z8,No
ORD-1815,19:09,Wednesday,4,526,17,Moderate,5,4,0.9,Heavy,Clear,Dense Urban,Moderate,Yes,38,33,Z5,Z3,Yes
ORD-1816,21:30,Saturday,1,483,7,Moderate,3,4,3.1,Heavy,Clear,Urban,Experienced,Yes,46,38,Z1,Z4,No
ORD-1817,20:09,Friday,5,670,13,Low,3,2,1.3,Heavy,Rain,Dense Urban,Moderate,Yes,31,34,Z1,Z3,No
ORD-1818,21:59,Friday,5,1628,13,Moderate,4,7,1.5,Heavy,Hot,Dense Urban,New,Yes,40,33,Z4,Z6,Yes
ORD-1819,20:48,Saturday,4,730,13,Moderate,5,2,3.8,Severe,Clear,Urban,Moderate,Yes,39,40,Z6,Z2,No
ORD-1820,12:52,Sunday,3,514,15,High,10,3,2.0,Severe,Clear,Urban,Experienced,Yes,57,47,Z5,Z4,No
ORD-1821,12:57,Thursday,2,427,13,High,3,10,4.1,Moderate,Clear,Urban,Moderate,Yes,42,46,Z2,Z3,No
ORD-1822,16:28,Wednesday,5,1109,21,High,1,6,6.7,Low,Clear,Urban,New,No,51,49,Z4,Z4,No
ORD-1823,19:45,Saturday,1,205,13,High,6,11,3.9,Heavy,Clear,Urban,Experienced,Yes,44,35,Z3,Z3,No
ORD-1824,21:45,Tuesday,1,228,14,High,4,3,1.7,Heavy,Clear,Urban,Moderate,Yes,33,52,Z5,Z6,Yes
ORD-1825,09:53,Tuesday,4,609,9,Low,1,4,4.5,Heavy,Clear,Dense Urban,Moderate,No,59,43,Z4,Z8,No
ORD-1826,12:45,Saturday,2,286,10,Very High,1,2,1.8,Heavy,Hot,Dense Urban,Moderate,Yes,26,32,Z6,Z1,No
ORD-1827,13:39,Wednesday,2,473,21,Very High,1,7,2.1,Severe,Clear,Dense Urban,Moderate,Yes,48,34,Z3,Z6,Yes
ORD-1828,14:50,Saturday,3,1200,17,Moderate,3,2,6.7,Moderate,Rain,Suburban,Moderate,No,49,45,Z8,Z8,Yes
ORD-1829,21:02,Wednesday,4,776,11,Moderate,9,4,1.5,Low,Rain,Suburban,Moderate,Yes,32,32,Z2,Z2,No
ORD-1830,14:46,Thursday,7,1409,27,Moderate,1,7,3.6,Moderate,Fog,Urban,New,No,61,61,Z2,Z8,Yes
ORD-1831,18:58,Wednesday,2,580,14,Moderate,1,4,3.5,Heavy,Clear,Urban,Experienced,No,33,34,Z7,Z4,No
ORD-1832,21:22,Tuesday,8,1204,30,Very High,5,10,3.4,Moderate,Clear,Dense Urban,Moderate,Yes,62,47,Z1,Z2,No
ORD-1833,20:20,Wednesday,5,1014,26,High,4,2,2.4,Moderate,Rain,Dense Urban,Moderate,Yes,46,42,Z5,Z7,No
ORD-1834,13:31,Friday,3,484,30,Very High,13,4,2.8,Heavy,Clear,Dense Urban,Moderate,Yes,63,40,Z7,Z7,No
ORD-1835,13:43,Tuesday,3,665,9,Low,2,2,4.4,Moderate,Fog,Urban,Experienced,Yes,28,41,Z3,Z8,No
ORD-1836,19:26,Saturday,4,576,20,Moderate,2,2,3.9,Moderate,Hot,Dense Urban,New,Yes,40,44,Z6,Z4,No
ORD-1837,10:53,Thursday,5,1253,18,High,3,5,0.5,Moderate,Clear,Dense Urban,Moderate,No,33,26,Z6,Z8,No
ORD-1838,13:03,Wednesday,4,703,14,High,5,2,4.1,Moderate,Clear,Dense Urban,Moderate,Yes,41,41,Z7,Z3,No
ORD-1839,21:35,Sunday,5,451,21,Low,8,9,2.6,Heavy,Clear,Suburban,New,Yes,52,39,Z7,Z4,No
ORD-1840,13:52,Wednesday,2,573,11,Moderate,5,6,4.1,Low,Clear,Urban,Moderate,Yes,35,35,Z4,Z6,No
ORD-1841,21:48,Sunday,5,751,17,High,3,5,4.1,Heavy,Clear,Urban,New,Yes,43,50,Z4,Z1,No
ORD-1842,21:43,Friday,3,335,14,High,1,4,5.1,Severe,Clear,Urban,Experienced,Yes,45,53,Z8,Z7,No
ORD-1843,11:47,Saturday,4,872,23,High,2,2,4.5,Low,Clear,Urban,Experienced,No,40,45,Z5,Z6,No
ORD-1844,23:01,Sunday,2,422,66,Moderate,8,3,17.0,Moderate,Hot,Suburban,New,No,124,90,Z7,Z4,No
ORD-1845,20:21,Thursday,3,648,15,High,1,2,3.9,Heavy,Hot,Urban,Moderate,Yes,55,40,Z3,Z3,No
ORD-1846,20:43,Saturday,4,529,15,Moderate,7,2,2.8,Heavy,Clear,Urban,Experienced,Yes,47,38,Z7,Z5,No
ORD-1847,13:27,Monday,1,188,16,Moderate,9,7,2.8,Heavy,Fog,Dense Urban,Moderate,Yes,48,39,Z5,Z5,No
ORD-1848,21:15,Saturday,3,495,17,High,1,4,1.1,Low,Clear,Urban,New,Yes,28,34,Z6,Z2,No
ORD-1849,12:22,Monday,3,647,17,High,14,3,3.5,Heavy,Cold,Suburban,Moderate,Yes,51,44,Z1,Z8,Yes
ORD-1850,12:59,Wednesday,4,842,13,High,5,5,5.6,Moderate,Rain,Dense Urban,Moderate,Yes,67,49,Z8,Z1,No
ORD-1851,12:30,Saturday,2,345,17,High,2,6,3.2,Heavy,Fog,Urban,Experienced,Yes,42,38,Z4,Z2,No
ORD-1852,12:20,Saturday,1,170,6,Low,5,2,2.1,Moderate,Clear,Dense Urban,Experienced,Yes,25,27,Z3,Z3,No
ORD-1853,12:30,Wednesday,5,660,28,High,2,5,1.1,Moderate,Clear,Suburban,New,Yes,42,35,Z1,Z1,No
ORD-1854,09:37,Monday,3,349,12,Moderate,4,3,3.3,Moderate,Clear,Dense Urban,Experienced,No,34,36,Z5,Z5,No
ORD-1855,15:54,Tuesday,3,477,10,Low,1,4,0.4,Low,Clear,Dense Urban,Moderate,No,22,26,Z7,Z4,No
ORD-1856,21:11,Saturday,2,236,10,Moderate,4,2,4.0,Moderate,Hot,Suburban,New,Yes,31,36,Z5,Z4,No
ORD-1857,19:10,Wednesday,4,757,24,High,5,6,0.5,Heavy,Clear,Dense Urban,Moderate,Yes,43,46,Z5,Z5,No
ORD-1858,10:34,Wednesday,4,374,18,Moderate,1,3,3.1,Moderate,Clear,Suburban,New,No,34,34,Z3,Z8,No
ORD-1859,14:07,Monday,4,368,16,High,9,6,1.4,Heavy,Clear,Urban,Moderate,Yes,44,57,Z7,Z1,Yes
ORD-1860,20:19,Friday,1,152,13,Very High,4,5,1.2,Heavy,Clear,Dense Urban,Experienced,Yes,33,35,Z6,Z6,No
ORD-1861,22:17,Saturday,2,300,10,Moderate,7,2,3.0,Heavy,Clear,Urban,Moderate,Yes,33,34,Z8,Z7,No
ORD-1862,19:21,Sunday,3,509,11,Moderate,3,6,3.3,Severe,Clear,Suburban,Moderate,Yes,41,39,Z2,Z2,Yes
ORD-1863,20:42,Sunday,3,590,16,High,1,4,8.1,Moderate,Clear,Suburban,Moderate,Yes,44,61,Z3,Z4,No
ORD-1864,20:22,Tuesday,4,1429,16,High,3,2,5.6,Severe,Clear,Urban,Experienced,Yes,44,51,Z5,Z4,No
ORD-1865,11:49,Monday,7,1082,27,High,5,3,2.1,Moderate,Cold,Suburban,New,No,44,36,Z7,Z3,No
ORD-1866,12:05,Thursday,4,813,11,Moderate,2,4,8.2,Moderate,Hot,Suburban,Moderate,Yes,42,57,Z7,Z7,No
ORD-1867,21:36,Wednesday,2,318,12,Very High,6,14,9.8,Low,Clear,Urban,New,Yes,80,78,Z1,Z3,No
ORD-1868,14:01,Monday,2,378,15,Moderate,2,3,7.2,Moderate,Clear,Urban,Experienced,Yes,41,51,Z5,Z5,No
ORD-1869,14:00,Saturday,4,632,24,Very High,2,6,3.3,Moderate,Clear,Suburban,Moderate,Yes,62,38,Z8,Z5,No
ORD-1870,21:54,Wednesday,1,164,14,Very High,2,3,5.0,Heavy,Hot,Dense Urban,Moderate,Yes,49,44,Z7,Z8,No
ORD-1871,13:40,Saturday,2,236,13,Very High,1,7,3.0,Heavy,Fog,Dense Urban,New,Yes,47,51,Z6,Z3,No
ORD-1872,12:48,Wednesday,2,302,12,High,6,4,7.1,Moderate,Clear,Suburban,Moderate,Yes,42,50,Z3,Z8,No
ORD-1873,13:13,Tuesday,3,448,14,High,4,9,7.7,Low,Clear,Suburban,Moderate,Yes,48,54,Z3,Z6,Yes
ORD-1874,20:34,Wednesday,5,1493,23,High,1,2,4.3,Heavy,Clear,Dense Urban,Moderate,Yes,48,49,Z2,Z5,Yes
ORD-1875,13:47,Saturday,2,561,16,High,4,1,1.3,Heavy,Fog,Dense Urban,Moderate,Yes,32,33,Z4,Z8,No
ORD-1876,21:28,Thursday,3,584,39,Very High,10,4,4.2,Moderate,Clear,Dense Urban,Moderate,Yes,73,39,Z8,Z4,No
ORD-1877,13:02,Saturday,5,1022,22,High,10,5,6.8,Moderate,Clear,Urban,Experienced,Yes,56,51,Z8,Z6,No
ORD-1878,13:23,Thursday,3,810,13,High,1,6,1.5,Moderate,Clear,Urban,Moderate,Yes,27,49,Z1,Z4,No
ORD-1879,21:54,Saturday,5,1040,19,High,9,3,2.1,Severe,Rain,Urban,Experienced,Yes,46,46,Z7,Z6,No
ORD-1880,20:49,Thursday,3,272,12,Moderate,5,4,8.4,Moderate,Clear,Dense Urban,Moderate,Yes,52,56,Z6,Z4,No
ORD-1881,21:26,Saturday,5,792,26,Very High,5,2,5.2,Heavy,Rain,Suburban,Moderate,Yes,58,50,Z7,Z7,No
ORD-1882,12:42,Friday,1,199,8,High,10,13,3.6,Heavy,Rain,Dense Urban,New,Yes,54,36,Z7,Z6,No
ORD-1883,20:12,Sunday,4,312,23,High,4,3,5.3,Moderate,Cold,Urban,Experienced,Yes,45,46,Z7,Z8,No
ORD-1884,13:22,Friday,3,417,15,Moderate,4,6,2.3,Heavy,Clear,Urban,Experienced,Yes,37,35,Z4,Z8,No
ORD-1885,14:23,Thursday,8,1517,23,High,10,4,3.2,Low,Rain,Suburban,Moderate,Yes,49,49,Z7,Z3,No
ORD-1886,11:00,Saturday,3,438,7,Low,1,7,2.2,Low,Clear,Urban,Experienced,No,23,28,Z2,Z1,No
ORD-1887,15:12,Wednesday,4,655,28,High,1,3,3.4,Heavy,Clear,Dense Urban,New,No,48,35,Z6,Z5,No
ORD-1888,21:06,Friday,3,1096,11,High,3,4,1.5,Moderate,Clear,Urban,Moderate,Yes,26,32,Z2,Z6,No
ORD-1889,11:56,Tuesday,4,590,11,Low,3,5,0.7,Heavy,Clear,Dense Urban,Experienced,No,27,24,Z3,Z1,No
ORD-1890,13:18,Sunday,2,279,23,High,10,6,2.1,Moderate,Clear,Urban,Moderate,Yes,48,32,Z6,Z8,No
ORD-1891,13:51,Sunday,2,248,11,High,6,7,6.2,Low,Rain,Suburban,Moderate,Yes,43,45,Z6,Z5,No
ORD-1892,20:53,Tuesday,2,586,12,High,1,2,4.0,Severe,Clear,Dense Urban,Moderate,Yes,39,45,Z2,Z7,No
ORD-1893,19:53,Tuesday,2,455,22,Very High,5,2,4.0,Moderate,Rain,Urban,Experienced,Yes,44,39,Z1,Z1,No
ORD-1894,12:42,Friday,5,855,29,Very High,1,9,7.2,Low,Clear,Suburban,Moderate,Yes,56,55,Z4,Z2,No
ORD-1895,17:57,Friday,5,762,7,Low,6,2,2.5,Low,Hot,Dense Urban,Moderate,No,27,38,Z8,Z4,No
ORD-1896,20:58,Wednesday,2,316,9,High,1,15,0.7,Heavy,Clear,Dense Urban,Moderate,Yes,33,47,Z5,Z5,No
ORD-1897,22:50,Sunday,3,432,15,Low,3,3,10.1,Moderate,Rain,Suburban,Moderate,No,60,60,Z6,Z8,No
ORD-1898,20:50,Monday,3,733,13,Moderate,1,2,2.0,Severe,Fog,Dense Urban,Moderate,Yes,32,39,Z5,Z6,No
ORD-1899,15:19,Friday,2,469,10,High,3,5,2.5,Low,Rain,Dense Urban,Experienced,No,30,36,Z8,Z3,No
ORD-1900,12:52,Thursday,4,799,7,Moderate,6,5,6.3,Low,Clear,Suburban,Moderate,Yes,32,44,Z6,Z3,No
ORD-1901,23:45,Sunday,3,417,14,Moderate,9,3,4.2,Moderate,Clear,Urban,Moderate,No,43,40,Z5,Z3,No
ORD-1902,20:33,Saturday,2,212,17,High,14,5,0.8,Heavy,Hot,Urban,Moderate,Yes,43,27,Z3,Z2,No
ORD-1903,20:00,Sunday,3,452,16,High,8,12,2.1,Low,Clear,Suburban,Moderate,Yes,47,33,Z2,Z7,Yes
ORD-1904,22:10,Saturday,2,295,10,Moderate,2,3,5.3,Low,Clear,Urban,Moderate,Yes,30,43,Z3,Z3,No
ORD-1905,19:49,Tuesday,4,601,16,High,4,3,3.5,Moderate,Rain,Dense Urban,Moderate,Yes,44,38,Z5,Z2,No
ORD-1906,11:27,Wednesday,1,184,6,Moderate,3,5,1.9,Moderate,Clear,Dense Urban,New,No,32,48,Z4,Z6,No
ORD-1907,10:22,Wednesday,4,773,12,Moderate,3,3,4.0,Moderate,Clear,Dense Urban,Moderate,No,35,59,Z6,Z8,No
ORD-1908,13:48,Monday,3,824,12,Moderate,1,4,2.5,Severe,Clear,Urban,Moderate,Yes,36,37,Z2,Z1,Yes
ORD-1909,12:33,Sunday,4,787,27,Very High,13,9,1.6,Heavy,Clear,Dense Urban,Moderate,Yes,80,33,Z3,Z8,No
ORD-1910,20:49,Sunday,1,203,12,High,6,2,6.7,Heavy,Clear,Dense Urban,Moderate,Yes,56,47,Z2,Z1,Yes
ORD-1911,09:17,Saturday,3,337,13,Low,3,2,2.5,Low,Rain,Dense Urban,Moderate,No,31,32,Z5,Z8,No
ORD-1912,22:19,Monday,3,454,9,High,1,6,2.7,Moderate,Clear,Dense Urban,Moderate,Yes,30,36,Z7,Z6,No
ORD-1913,20:43,Sunday,3,414,14,High,10,4,4.7,Heavy,Clear,Urban,Moderate,Yes,47,45,Z5,Z2,No
ORD-1914,12:30,Sunday,3,449,10,Moderate,1,1,2.2,Heavy,Rain,Urban,Moderate,Yes,26,31,Z4,Z3,No
ORD-1915,12:53,Tuesday,1,259,28,Very High,2,2,3.0,Heavy,Hot,Urban,Moderate,Yes,66,33,Z3,Z6,Yes
ORD-1916,22:25,Wednesday,4,992,24,Very High,11,7,1.9,Heavy,Rain,Dense Urban,Moderate,Yes,61,32,Z7,Z4,Yes
ORD-1917,13:19,Friday,3,267,11,Moderate,7,4,3.0,Moderate,Clear,Dense Urban,Moderate,Yes,37,49,Z5,Z5,No
ORD-1918,11:41,Thursday,1,149,10,Moderate,4,5,3.0,Low,Clear,Urban,New,No,32,28,Z4,Z1,No
ORD-1919,13:36,Tuesday,1,96,6,Moderate,5,6,3.2,Moderate,Clear,Urban,Moderate,Yes,28,36,Z5,Z4,No
ORD-1920,21:31,Saturday,2,675,21,High,4,11,1.8,Heavy,Rain,Urban,Moderate,Yes,51,30,Z4,Z8,Yes
ORD-1921,22:09,Saturday,3,866,23,Very High,2,7,3.6,Moderate,Clear,Suburban,Experienced,Yes,43,43,Z1,Z7,No
ORD-1922,20:20,Tuesday,2,417,16,High,7,2,2.7,Heavy,Clear,Urban,Moderate,Yes,54,39,Z1,Z2,No
ORD-1923,15:05,Thursday,2,490,9,Low,1,2,0.8,Heavy,Clear,Dense Urban,Moderate,No,20,21,Z5,Z5,No
ORD-1924,23:07,Sunday,6,1181,18,Low,1,1,0.9,Moderate,Clear,Urban,New,No,32,27,Z6,Z7,No
ORD-1925,11:48,Tuesday,3,409,22,High,2,8,2.4,Heavy,Clear,Dense Urban,New,No,48,35,Z2,Z6,No
ORD-1926,22:41,Monday,4,680,17,High,5,3,2.6,Low,Clear,Urban,Experienced,No,34,35,Z6,Z4,No
ORD-1927,21:36,Saturday,2,202,16,Very High,3,9,3.6,Heavy,Clear,Urban,Moderate,Yes,55,40,Z2,Z3,No
ORD-1928,12:15,Sunday,9,1897,35,High,1,3,1.0,Heavy,Clear,Urban,Experienced,Yes,46,35,Z6,Z6,No
ORD-1929,14:51,Friday,2,622,11,Low,5,1,3.6,Moderate,Rain,Urban,Moderate,No,32,58,Z7,Z8,No
ORD-1930,21:20,Monday,3,660,12,High,1,8,2.4,Heavy,Clear,Urban,New,Yes,35,58,Z6,Z8,No
ORD-1931,14:32,Monday,2,292,9,Low,1,2,2.3,Heavy,Clear,Dense Urban,Moderate,No,27,27,Z5,Z7,No
ORD-1932,21:43,Wednesday,2,444,20,High,6,2,4.0,Heavy,Clear,Urban,Moderate,Yes,50,44,Z7,Z7,Yes
ORD-1933,18:17,Sunday,4,656,12,Low,8,5,1.7,Low,Clear,Suburban,Moderate,No,32,49,Z3,Z8,No
ORD-1934,12:30,Thursday,3,475,11,High,39,6,3.4,Moderate,Fog,Urban,New,Yes,71,37,Z6,Z7,No
ORD-1935,12:45,Sunday,3,658,11,High,2,2,9.8,Heavy,Fog,Dense Urban,Moderate,Yes,63,73,Z6,Z7,No
ORD-1936,15:35,Sunday,3,461,6,Low,7,6,1.5,Low,Rain,Urban,Moderate,No,27,26,Z7,Z3,No
ORD-1937,21:02,Thursday,3,464,33,Very High,9,4,3.6,Low,Cold,Urban,Experienced,Yes,57,36,Z2,Z8,No
ORD-1938,12:06,Saturday,6,1058,21,Low,2,6,7.0,Heavy,Clear,Urban,Experienced,Yes,52,58,Z7,Z4,No
ORD-1939,20:39,Friday,4,432,10,Moderate,9,3,2.5,Low,Rain,Suburban,Experienced,Yes,31,32,Z6,Z1,No
ORD-1940,21:12,Friday,3,528,23,Moderate,1,1,13.7,Heavy,Clear,Suburban,Moderate,Yes,65,85,Z6,Z3,No
ORD-1941,20:10,Wednesday,3,420,9,Low,1,4,1.4,Moderate,Clear,Urban,Experienced,Yes,22,26,Z8,Z3,No
ORD-1942,19:00,Saturday,3,800,11,Moderate,5,6,4.1,Heavy,Clear,Urban,Moderate,Yes,39,39,Z2,Z4,Yes
ORD-1943,10:53,Saturday,1,272,6,Low,1,4,2.3,Moderate,Clear,Urban,Moderate,No,20,31,Z8,Z3,No
ORD-1944,11:45,Thursday,3,953,9,Moderate,2,3,0.9,Moderate,Fog,Urban,New,No,20,23,Z3,Z1,No
ORD-1945,12:08,Wednesday,3,393,60,Moderate,4,10,5.1,Heavy,Clear,Suburban,New,Yes,95,48,Z1,Z6,No
ORD-1946,22:35,Tuesday,4,679,26,Moderate,5,4,2.0,Low,Clear,Urban,Moderate,No,43,28,Z2,Z3,No
ORD-1947,20:51,Monday,1,340,9,High,2,4,1.9,Moderate,Hot,Dense Urban,New,Yes,27,31,Z8,Z1,No
ORD-1948,16:47,Thursday,1,203,12,Low,41,5,0.4,Low,Clear,Dense Urban,Moderate,No,65,24,Z3,Z2,No
ORD-1949,17:33,Friday,3,755,7,Low,3,4,1.9,Low,Rain,Suburban,New,No,27,27,Z2,Z7,Yes
ORD-1950,21:04,Friday,3,475,11,Low,5,3,1.5,Heavy,Clear,Urban,New,Yes,32,28,Z3,Z6,Yes
ORD-1951,13:37,Friday,7,823,35,High,6,3,1.7,Heavy,Hot,Urban,Moderate,Yes,54,38,Z7,Z1,No
ORD-1952,17:10,Wednesday,3,636,11,High,2,4,6.6,Moderate,Hot,Urban,Moderate,No,36,48,Z7,Z7,No
ORD-1953,12:03,Saturday,5,1122,15,High,3,3,2.2,Moderate,Clear,Dense Urban,Moderate,Yes,58,44,Z6,Z4,Yes
ORD-1954,18:58,Monday,3,1015,16,High,1,3,4.1,Heavy,Hot,Urban,New,No,42,41,Z6,Z7,No
ORD-1955,14:03,Tuesday,1,147,11,High,1,1,0.4,Heavy,Clear,Urban,Experienced,Yes,18,20,Z4,Z5,No
ORD-1956,23:16,Tuesday,2,418,10,Moderate,4,5,5.0,Moderate,Clear,Dense Urban,Moderate,No,43,41,Z1,Z7,No
ORD-1957,16:26,Wednesday,2,416,9,Low,5,2,3.0,Moderate,Fog,Urban,Experienced,No,28,30,Z7,Z7,No
ORD-1958,20:29,Saturday,1,136,11,High,6,4,1.5,Moderate,Clear,Dense Urban,Experienced,Yes,35,33,Z4,Z3,Yes
ORD-1959,12:18,Thursday,4,511,10,Low,4,6,2.7,Severe,Clear,Urban,Experienced,Yes,32,41,Z8,Z6,No
ORD-1960,19:18,Saturday,4,511,20,Moderate,11,7,4.3,Heavy,Rain,Urban,New,Yes,62,47,Z4,Z1,No
ORD-1961,20:42,Saturday,2,335,12,Moderate,3,1,4.8,Moderate,Clear,Suburban,Experienced,Yes,33,56,Z4,Z2,Yes
ORD-1962,13:47,Thursday,10,2164,43,Very High,5,2,3.8,Heavy,Clear,Urban,New,Yes,68,50,Z7,Z7,No
ORD-1963,13:49,Wednesday,3,978,15,High,13,14,1.1,Low,Rain,Suburban,Moderate,Yes,49,28,Z4,Z3,No
ORD-1964,11:52,Monday,4,850,16,Moderate,2,6,4.9,Low,Clear,Urban,New,No,39,40,Z8,Z8,No
ORD-1965,23:01,Thursday,1,183,10,Moderate,3,2,2.2,Low,Clear,Urban,Moderate,No,24,25,Z8,Z1,No
ORD-1966,20:38,Sunday,3,777,14,High,5,2,1.3,Severe,Rain,Dense Urban,Experienced,Yes,35,36,Z1,Z2,No
ORD-1967,19:12,Sunday,3,300,16,Moderate,11,9,4.2,Low,Clear,Urban,New,Yes,50,37,Z8,Z7,No
ORD-1968,13:34,Saturday,3,565,17,Moderate,6,3,2.7,Heavy,Cold,Urban,New,Yes,49,38,Z6,Z8,Yes
ORD-1969,22:27,Friday,4,423,27,Very High,1,3,10.8,Moderate,Hot,Suburban,Moderate,Yes,66,66,Z7,Z3,No
ORD-1970,14:40,Sunday,1,236,16,High,1,3,0.8,Low,Clear,Urban,Moderate,No,26,41,Z1,Z7,No
ORD-1971,11:29,Wednesday,4,878,18,Low,5,3,4.1,Moderate,Clear,Suburban,Experienced,No,52,62,Z1,Z3,No
ORD-1972,21:10,Wednesday,2,575,17,High,3,3,4.8,Heavy,Hot,Urban,New,Yes,47,49,Z8,Z3,Yes
ORD-1973,21:41,Sunday,4,725,21,Very High,13,6,0.6,Heavy,Clear,Dense Urban,Moderate,Yes,48,31,Z3,Z1,No
ORD-1974,20:05,Saturday,5,607,14,High,3,4,2.0,Moderate,Clear,Dense Urban,New,Yes,34,39,Z2,Z2,No
ORD-1975,18:41,Sunday,1,138,11,Moderate,2,3,1.2,Moderate,Clear,Urban,Moderate,No,23,23,Z2,Z2,No
ORD-1976,11:47,Saturday,3,437,12,Moderate,3,4,0.7,Moderate,Clear,Urban,Moderate,No,25,24,Z5,Z4,No
ORD-1977,15:23,Monday,2,377,18,Moderate,1,4,5.1,Severe,Hot,Dense Urban,New,No,64,47,Z3,Z4,No
ORD-1978,12:53,Friday,1,226,19,Very High,7,3,3.8,Moderate,Clear,Urban,Experienced,Yes,45,35,Z1,Z7,Yes
ORD-1979,18:51,Thursday,3,295,22,High,3,2,6.1,Low,Clear,Urban,Moderate,No,48,45,Z6,Z7,Yes
ORD-1980,20:13,Wednesday,2,566,8,Moderate,7,4,4.6,Low,Clear,Urban,New,Yes,37,42,Z3,Z6,Yes
ORD-1981,21:44,Saturday,2,336,14,High,6,6,1.6,Moderate,Clear,Suburban,Moderate,Yes,33,28,Z1,Z7,No
ORD-1982,15:04,Sunday,2,450,11,Moderate,4,2,2.6,Low,Clear,Suburban,Experienced,No,25,26,Z6,Z7,No
ORD-1983,13:48,Saturday,1,226,7,Moderate,7,2,4.3,Low,Clear,Suburban,Experienced,Yes,29,35,Z7,Z4,No
ORD-1984,09:55,Sunday,2,251,11,Moderate,5,5,4.5,Low,Clear,Urban,Moderate,No,37,37,Z8,Z7,No
ORD-1985,19:31,Tuesday,1,178,16,Moderate,8,7,2.1,Moderate,Hot,Dense Urban,Moderate,Yes,47,31,Z6,Z1,Yes
ORD-1986,20:26,Thursday,2,397,10,Moderate,3,2,3.5,Heavy,Clear,Urban,Moderate,Yes,33,37,Z5,Z3,Yes
ORD-1987,18:46,Friday,2,301,13,Low,3,4,3.6,Heavy,Hot,Suburban,Moderate,No,35,33,Z4,Z3,No
ORD-1988,14:15,Monday,3,557,28,Very High,4,6,2.0,Moderate,Clear,Urban,New,Yes,47,35,Z8,Z3,No
ORD-1989,13:31,Friday,5,912,8,Low,4,3,4.2,Moderate,Clear,Suburban,Moderate,Yes,30,48,Z4,Z2,No
ORD-1990,18:21,Monday,4,840,19,Moderate,1,3,2.0,Low,Clear,Dense Urban,Moderate,No,34,34,Z7,Z5,No
ORD-1991,12:35,Thursday,2,555,25,Very High,1,2,5.4,Low,Cold,Urban,Experienced,Yes,47,43,Z3,Z5,No
ORD-1992,22:50,Wednesday,2,330,14,Low,3,4,1.1,Heavy,Clear,Urban,Experienced,No,28,25,Z1,Z5,No
ORD-1993,09:56,Friday,3,586,11,Low,6,3,2.7,Low,Clear,Dense Urban,Experienced,No,31,32,Z5,Z5,No
ORD-1994,13:39,Thursday,8,1538,37,High,2,8,5.1,Heavy,Clear,Suburban,New,Yes,83,58,Z8,Z3,No
ORD-1995,10:41,Tuesday,4,707,13,Low,4,2,9.7,Low,Hot,Suburban,Moderate,No,43,60,Z2,Z2,Yes
ORD-1996,13:53,Tuesday,2,399,20,Very High,8,13,1.9,Severe,Clear,Dense Urban,New,Yes,57,38,Z5,Z8,No
ORD-1997,12:08,Sunday,3,420,16,High,3,2,3.4,Severe,Rain,Urban,Experienced,Yes,45,43,Z7,Z8,Yes
ORD-1998,17:45,Monday,1,296,10,High,7,6,2.5,Moderate,Fog,Dense Urban,Moderate,No,41,31,Z1,Z5,Yes
ORD-1999,12:23,Friday,3,645,34,Very High,16,3,4.0,Moderate,Rain,Suburban,Experienced,Yes,67,45,Z6,Z4,No
ORD-2000,21:36,Friday,3,577,15,High,7,4,2.8,Moderate,Fog,Suburban,Moderate,Yes,38,34,Z5,Z3,No
ORD-2001,22:42,Monday,1,223,7,Low,1,3,4.2,Moderate,Clear,Urban,Experienced,No,36,38,Z3,Z3,No
ORD-2002,21:49,Wednesday,4,749,12,Low,2,1,3.2,Moderate,Fog,Dense Urban,Experienced,Yes,28,35,Z6,Z5,No
ORD-2003,21:47,Sunday,4,649,21,High,2,4,1.0,Moderate,Clear,Dense Urban,Moderate,Yes,57,27,Z4,Z6,No
ORD-2004,13:23,Sunday,3,373,15,High,5,8,1.9,Moderate,Rain,Urban,New,Yes,39,38,Z3,Z7,No
ORD-2005,19:53,Monday,3,323,15,High,1,3,3.8,Moderate,Clear,Urban,Experienced,Yes,33,39,Z3,Z4,No
ORD-2006,12:58,Sunday,4,930,28,High,5,2,3.0,Moderate,Hot,Suburban,Moderate,Yes,62,39,Z1,Z1,No
ORD-2007,12:10,Thursday,4,657,13,Moderate,7,6,3.0,Heavy,Clear,Urban,Moderate,Yes,54,40,Z6,Z2,Yes
ORD-2008,13:09,Friday,5,893,28,Very High,1,6,6.9,Low,Clear,Suburban,Moderate,Yes,50,59,Z3,Z4,No
ORD-2009,22:07,Monday,4,544,20,Moderate,1,4,4.2,Severe,Hot,Dense Urban,Experienced,Yes,57,46,Z6,Z6,Yes
ORD-2010,18:40,Friday,3,387,11,Moderate,9,1,1.5,Moderate,Cold,Dense Urban,Moderate,No,35,30,Z8,Z7,Yes
ORD-2011,13:12,Saturday,1,344,8,High,3,3,3.8,Heavy,Clear,Dense Urban,Experienced,Yes,36,42,Z1,Z7,No
ORD-2012,12:48,Wednesday,2,358,9,Moderate,2,3,3.3,Heavy,Clear,Urban,Experienced,Yes,28,41,Z8,Z8,No
ORD-2013,13:33,Thursday,1,310,15,Moderate,7,2,8.1,Moderate,Clear,Urban,Moderate,Yes,48,52,Z2,Z3,No
ORD-2014,13:25,Saturday,6,1766,17,Moderate,6,3,3.7,Moderate,Cold,Dense Urban,Moderate,Yes,47,39,Z7,Z1,Yes
ORD-2015,12:22,Wednesday,5,785,24,High,1,3,3.7,Heavy,Cold,Dense Urban,Moderate,Yes,47,41,Z5,Z5,No
ORD-2016,20:37,Thursday,4,662,19,Moderate,22,4,2.8,Heavy,Clear,Suburban,New,Yes,60,39,Z1,Z2,No
ORD-2017,19:10,Friday,2,363,13,High,8,11,3.1,Moderate,Clear,Suburban,Moderate,Yes,43,41,Z3,Z5,No
ORD-2018,20:44,Sunday,3,471,22,High,4,7,2.0,Heavy,Clear,Urban,Experienced,Yes,46,38,Z6,Z2,Yes
ORD-2019,14:04,Saturday,2,296,16,High,7,2,5.1,Heavy,Clear,Urban,Moderate,Yes,66,46,Z1,Z8,No
ORD-2020,20:54,Wednesday,1,171,13,High,1,4,0.4,Heavy,Clear,Dense Urban,New,Yes,26,28,Z3,Z6,No
ORD-2021,12:50,Sunday,7,919,20,Moderate,1,2,2.9,Severe,Fog,Urban,New,Yes,43,48,Z8,Z4,No
ORD-2022,21:34,Wednesday,3,1283,23,High,4,1,1.4,Heavy,Clear,Urban,Experienced,Yes,36,31,Z4,Z5,No
ORD-2023,20:03,Thursday,6,555,66,Very High,6,2,5.1,Moderate,Clear,Urban,Moderate,Yes,96,49,Z6,Z2,Yes
ORD-2024,19:21,Wednesday,2,437,11,Moderate,1,4,5.3,Heavy,Clear,Urban,Moderate,Yes,54,61,Z7,Z7,No
ORD-2025,13:06,Wednesday,2,480,9,High,4,6,0.5,Heavy,Clear,Dense Urban,Experienced,Yes,27,31,Z5,Z7,No
ORD-2026,17:42,Saturday,1,219,14,High,1,2,2.1,Heavy,Hot,Urban,Experienced,No,27,24,Z5,Z6,No
ORD-2027,19:29,Tuesday,3,575,21,High,2,2,0.8,Moderate,Clear,Dense Urban,Experienced,Yes,33,28,Z3,Z7,No
ORD-2028,19:52,Sunday,3,652,13,Moderate,8,2,1.7,Moderate,Rain,Urban,Experienced,Yes,53,28,Z1,Z3,No
ORD-2029,19:38,Saturday,5,933,18,Moderate,3,3,2.6,Heavy,Clear,Dense Urban,Moderate,Yes,40,63,Z1,Z7,No
ORD-2030,19:44,Sunday,2,466,17,Very High,5,4,3.7,Moderate,Clear,Suburban,Experienced,Yes,52,33,Z3,Z5,No
ORD-2031,15:37,Saturday,2,322,7,Low,7,4,3.2,Moderate,Rain,Dense Urban,Experienced,No,35,33,Z4,Z7,No
ORD-2032,18:22,Thursday,3,439,10,Low,4,2,4.4,Moderate,Cold,Urban,Moderate,No,33,37,Z4,Z8,No
ORD-2033,12:54,Friday,4,623,16,Very High,13,7,4.5,Heavy,Hot,Dense Urban,Experienced,Yes,62,49,Z7,Z4,Yes
ORD-2034,12:26,Thursday,3,217,6,Low,5,2,2.0,Moderate,Hot,Dense Urban,Experienced,Yes,24,29,Z7,Z5,No
ORD-2035,19:11,Friday,3,419,19,High,2,4,4.4,Heavy,Clear,Urban,New,Yes,46,47,Z6,Z1,No
ORD-2036,12:40,Friday,3,479,25,Very High,3,10,2.5,Heavy,Clear,Dense Urban,New,Yes,57,36,Z4,Z1,Yes
ORD-2037,19:18,Monday,3,682,19,High,7,4,2.7,Moderate,Clear,Urban,New,Yes,45,36,Z1,Z4,Yes
ORD-2038,09:26,Friday,7,1523,43,High,1,4,3.2,Moderate,Clear,Dense Urban,Experienced,No,64,46,Z5,Z6,No
ORD-2039,12:42,Friday,2,320,17,High,3,2,7.8,Moderate,Clear,Urban,Moderate,Yes,50,77,Z4,Z7,Yes
ORD-2040,12:50,Saturday,3,353,11,High,1,2,4.3,Moderate,Hot,Urban,Moderate,Yes,29,43,Z2,Z8,No
ORD-2041,12:51,Thursday,1,188,13,Very High,1,4,5.2,Moderate,Clear,Urban,Moderate,Yes,36,41,Z7,Z6,No
ORD-2042,12:35,Monday,4,805,24,High,10,4,1.3,Heavy,Clear,Urban,Experienced,Yes,45,28,Z7,Z1,No
ORD-2043,19:11,Saturday,2,421,25,Very High,1,10,3.1,Heavy,Clear,Dense Urban,Moderate,Yes,53,38,Z4,Z6,No
ORD-2044,19:52,Sunday,4,724,21,Very High,3,3,4.7,Heavy,Clear,Urban,New,Yes,70,47,Z8,Z5,No
ORD-2045,19:26,Friday,3,423,15,Low,7,2,1.1,Heavy,Fog,Dense Urban,Moderate,Yes,40,28,Z2,Z7,Yes
ORD-2046,13:01,Sunday,3,424,15,Moderate,3,2,3.8,Heavy,Clear,Urban,Experienced,Yes,35,37,Z1,Z8,No
ORD-2047,10:35,Sunday,3,547,14,High,2,14,9.3,Moderate,Clear,Dense Urban,New,No,72,62,Z6,Z1,Yes
ORD-2048,11:05,Monday,2,646,15,High,2,3,4.9,Low,Rain,Urban,Moderate,No,35,36,Z8,Z5,No
ORD-2049,20:57,Sunday,2,619,9,Moderate,14,2,2.3,Heavy,Rain,Dense Urban,Moderate,Yes,41,31,Z2,Z5,No
ORD-2050,13:42,Thursday,2,427,10,High,7,2,9.1,Moderate,Fog,Suburban,Moderate,Yes,46,66,Z4,Z7,No
ORD-2051,21:50,Friday,2,257,14,High,3,1,0.9,Heavy,Clear,Urban,Experienced,Yes,25,48,Z7,Z3,No
ORD-2052,18:02,Sunday,2,316,7,Moderate,4,5,4.9,Severe,Rain,Dense Urban,Experienced,No,48,49,Z1,Z6,No
ORD-2053,20:43,Tuesday,3,370,28,High,1,3,7.4,Low,Clear,Suburban,Experienced,Yes,45,50,Z5,Z1,No
ORD-2054,20:43,Monday,5,1119,19,Low,4,2,1.8,Low,Clear,Suburban,Experienced,Yes,33,37,Z3,Z7,No
ORD-2055,19:25,Thursday,3,461,10,Moderate,3,2,4.6,Moderate,Hot,Dense Urban,Experienced,Yes,32,46,Z6,Z3,No
ORD-2056,19:31,Friday,3,552,17,High,3,1,3.4,Severe,Clear,Dense Urban,Moderate,Yes,46,41,Z3,Z3,No
ORD-2057,12:24,Sunday,5,616,25,High,10,2,0.7,Heavy,Clear,Dense Urban,Moderate,Yes,45,35,Z7,Z7,No
ORD-2058,19:59,Sunday,3,601,17,Moderate,13,4,3.7,Moderate,Clear,Urban,Experienced,Yes,67,34,Z3,Z7,No
ORD-2059,14:24,Saturday,1,172,14,High,3,7,2.6,Heavy,Hot,Dense Urban,New,Yes,41,32,Z8,Z4,No
ORD-2060,18:23,Friday,2,343,9,Moderate,6,3,3.1,Low,Cold,Suburban,Experienced,No,27,29,Z2,Z1,No
ORD-2061,13:15,Saturday,2,260,11,Moderate,6,2,2.8,Severe,Clear,Dense Urban,Moderate,Yes,40,40,Z4,Z2,No
ORD-2062,17:17,Wednesday,4,664,16,Low,2,2,2.3,Severe,Hot,Urban,Moderate,No,34,36,Z2,Z6,No
ORD-2063,22:05,Friday,5,757,19,Moderate,1,6,6.0,Severe,Clear,Suburban,Experienced,Yes,58,52,Z3,Z5,Yes
ORD-2064,22:10,Friday,3,332,19,Very High,2,5,3.2,Heavy,Fog,Urban,Experienced,Yes,40,43,Z6,Z5,No
ORD-2065,20:08,Monday,1,214,13,High,9,5,5.2,Moderate,Clear,Suburban,Experienced,Yes,62,46,Z3,Z7,No
ORD-2066,10:54,Wednesday,5,595,17,Moderate,4,3,0.8,Low,Rain,Urban,Moderate,No,30,32,Z4,Z3,No
ORD-2067,12:04,Monday,1,245,10,Moderate,11,3,4.4,Heavy,Clear,Dense Urban,New,Yes,51,35,Z7,Z3,Yes
ORD-2068,19:52,Thursday,1,180,10,Moderate,2,4,2.4,Severe,Clear,Dense Urban,New,Yes,34,29,Z6,Z4,No
ORD-2069,19:29,Friday,1,181,19,Moderate,5,8,1.4,Heavy,Clear,Dense Urban,Moderate,Yes,43,24,Z8,Z2,No
ORD-2070,21:09,Monday,3,435,12,Moderate,2,3,1.6,Heavy,Rain,Dense Urban,Moderate,Yes,30,27,Z5,Z8,No
ORD-2071,16:19,Tuesday,2,233,6,Low,1,2,3.0,Moderate,Cold,Dense Urban,New,No,26,33,Z5,Z2,No
ORD-2072,20:13,Tuesday,2,357,15,High,9,2,5.1,Low,Rain,Suburban,Experienced,Yes,40,43,Z5,Z8,No
ORD-2073,20:27,Sunday,3,453,22,High,5,1,2.4,Heavy,Fog,Urban,Moderate,Yes,41,34,Z7,Z6,No
ORD-2074,13:23,Monday,2,396,14,High,3,2,1.1,Moderate,Clear,Dense Urban,Moderate,Yes,28,25,Z1,Z7,No
ORD-2075,11:31,Monday,4,848,6,Low,4,3,1.5,Low,Hot,Suburban,Experienced,No,19,52,Z6,Z3,No
ORD-2076,18:05,Thursday,3,791,13,Moderate,4,6,4.9,Low,Clear,Suburban,New,No,38,36,Z5,Z4,No
ORD-2077,19:15,Thursday,3,890,15,High,1,14,2.4,Severe,Clear,Urban,Moderate,Yes,44,38,Z1,Z3,No
ORD-2078,20:06,Saturday,3,511,7,Moderate,24,3,0.9,Moderate,Rain,Suburban,Experienced,Yes,40,31,Z3,Z7,No
ORD-2079,15:22,Tuesday,2,352,11,Low,1,12,3.8,Low,Clear,Urban,New,No,38,33,Z8,Z5,No
ORD-2080,09:04,Monday,1,274,14,High,5,6,2.3,Low,Rain,Dense Urban,Experienced,No,36,36,Z6,Z7,No
ORD-2081,14:13,Wednesday,3,543,16,Very High,5,10,1.7,Heavy,Clear,Dense Urban,Moderate,Yes,43,28,Z3,Z1,No
ORD-2082,15:02,Saturday,9,1460,24,Moderate,6,8,1.8,Heavy,Fog,Dense Urban,Experienced,No,51,40,Z5,Z6,No
ORD-2083,21:09,Wednesday,11,1860,26,Moderate,9,2,2.5,Heavy,Clear,Urban,Moderate,Yes,48,46,Z1,Z7,No
ORD-2084,13:02,Friday,4,669,17,High,3,4,1.7,Heavy,Clear,Dense Urban,Moderate,Yes,36,35,Z1,Z6,No
ORD-2085,21:24,Thursday,3,499,14,Moderate,4,6,2.5,Moderate,Cold,Urban,Experienced,Yes,34,30,Z6,Z1,No
ORD-2086,13:38,Sunday,3,610,9,Moderate,3,8,9.8,Low,Clear,Suburban,Moderate,Yes,46,63,Z3,Z4,No
ORD-2087,21:15,Monday,4,709,16,Moderate,4,1,4.9,Moderate,Clear,Dense Urban,Experienced,Yes,42,67,Z8,Z4,No
ORD-2088,12:10,Friday,3,605,11,Moderate,4,5,1.2,Moderate,Hot,Dense Urban,Moderate,Yes,40,29,Z5,Z5,No
ORD-2089,21:11,Saturday,1,249,21,Very High,3,11,0.4,Heavy,Clear,Dense Urban,New,Yes,42,29,Z3,Z7,No
ORD-2090,22:21,Saturday,2,281,7,Low,10,3,3.0,Moderate,Clear,Dense Urban,New,Yes,36,30,Z4,Z5,No
ORD-2091,19:21,Saturday,2,471,18,High,2,6,3.0,Heavy,Clear,Urban,New,Yes,41,40,Z8,Z8,No
ORD-2092,14:21,Wednesday,4,458,18,High,3,4,2.4,Severe,Clear,Urban,Moderate,Yes,40,35,Z6,Z2,No
ORD-2093,20:28,Saturday,2,407,20,Very High,5,4,3.1,Moderate,Hot,Suburban,Moderate,Yes,42,36,Z1,Z4,No
ORD-2094,21:19,Friday,4,1126,42,Very High,3,1,3.5,Severe,Rain,Dense Urban,Moderate,Yes,77,46,Z4,Z2,Yes
ORD-2095,20:05,Sunday,3,394,18,Very High,2,10,2.1,Moderate,Clear,Urban,Moderate,Yes,40,32,Z1,Z2,No
ORD-2096,12:30,Sunday,4,825,22,Very High,6,8,3.2,Heavy,Hot,Suburban,Experienced,Yes,48,41,Z3,Z1,No
ORD-2097,23:45,Friday,8,1839,24,Low,1,4,3.8,Heavy,Clear,Urban,Experienced,No,45,45,Z6,Z6,No
ORD-2098,20:04,Monday,2,214,15,Very High,8,5,8.3,Moderate,Clear,Suburban,Experienced,Yes,50,53,Z8,Z7,No
ORD-2099,12:38,Sunday,3,343,18,High,1,2,2.8,Moderate,Clear,Suburban,Experienced,Yes,34,41,Z8,Z1,Yes
ORD-2100,11:23,Tuesday,4,665,13,High,3,4,3.7,Heavy,Fog,Urban,Moderate,No,40,40,Z6,Z3,No
ORD-2101,21:01,Friday,2,392,13,Moderate,3,13,4.4,Low,Cold,Urban,New,Yes,44,39,Z4,Z1,No
ORD-2102,13:49,Monday,3,595,11,Moderate,4,4,3.0,Heavy,Clear,Urban,New,Yes,34,33,Z1,Z6,No
ORD-2103,17:17,Monday,1,178,10,Moderate,3,2,3.5,Moderate,Clear,Suburban,Experienced,No,29,57,Z8,Z6,Yes
ORD-2104,13:10,Sunday,2,365,11,High,3,3,5.4,Low,Fog,Suburban,Experienced,Yes,30,46,Z6,Z4,No
ORD-2105,11:05,Sunday,4,701,17,High,2,5,1.3,Low,Clear,Urban,New,No,31,49,Z8,Z5,No
ORD-2106,13:28,Wednesday,3,675,9,Moderate,5,2,2.0,Low,Rain,Urban,Moderate,Yes,25,35,Z1,Z7,No
ORD-2107,13:19,Thursday,3,491,32,Very High,4,4,1.9,Heavy,Clear,Dense Urban,Experienced,Yes,53,37,Z7,Z3,No
ORD-2108,12:04,Monday,2,184,15,High,5,7,2.7,Low,Cold,Urban,Moderate,Yes,36,31,Z1,Z4,No
ORD-2109,20:28,Monday,3,455,10,Moderate,5,9,4.7,Heavy,Clear,Urban,Moderate,Yes,60,39,Z6,Z7,No
ORD-2110,13:43,Monday,6,847,15,Moderate,4,10,4.8,Low,Clear,Suburban,Experienced,Yes,41,58,Z6,Z8,No
ORD-2111,21:34,Sunday,3,588,14,Low,4,4,5.9,Low,Clear,Urban,New,Yes,43,48,Z2,Z4,Yes
ORD-2112,14:17,Tuesday,4,977,24,Very High,6,2,7.3,Severe,Clear,Urban,New,Yes,73,67,Z4,Z8,No
ORD-2113,20:04,Monday,2,303,18,High,14,5,4.6,Moderate,Clear,Suburban,Moderate,Yes,51,43,Z7,Z6,No
ORD-2114,20:13,Friday,3,705,30,Very High,3,7,5.3,Severe,Clear,Dense Urban,Experienced,Yes,70,55,Z3,Z4,No
ORD-2115,20:56,Tuesday,3,444,16,Moderate,2,9,3.5,Severe,Rain,Urban,Experienced,Yes,50,46,Z8,Z8,No
ORD-2116,11:36,Sunday,4,961,13,Low,2,3,3.1,Moderate,Clear,Urban,New,No,31,33,Z6,Z6,No
ORD-2117,22:18,Saturday,2,422,10,Moderate,14,5,2.0,Moderate,Clear,Dense Urban,Experienced,Yes,43,31,Z2,Z3,Yes
ORD-2118,17:20,Saturday,4,834,15,Low,2,4,3.6,Low,Clear,Urban,New,No,49,36,Z6,Z3,No
ORD-2119,21:02,Wednesday,1,243,5,Moderate,2,7,4.7,Moderate,Clear,Urban,New,Yes,30,39,Z5,Z1,No
ORD-2120,20:26,Friday,3,1382,18,Moderate,2,5,2.0,Moderate,Hot,Dense Urban,Experienced,Yes,40,35,Z6,Z4,Yes
ORD-2121,12:52,Friday,7,1705,43,Very High,6,7,5.9,Heavy,Clear,Suburban,Moderate,Yes,77,54,Z2,Z6,No
ORD-2122,21:16,Monday,2,395,15,Very High,1,4,2.9,Severe,Hot,Dense Urban,New,Yes,58,42,Z4,Z7,No
ORD-2123,18:37,Saturday,1,186,7,Moderate,1,2,1.7,Moderate,Cold,Suburban,Experienced,No,17,25,Z8,Z1,No
ORD-2124,13:39,Sunday,1,160,11,Moderate,4,8,5.4,Moderate,Rain,Dense Urban,New,Yes,52,47,Z4,Z6,Yes
ORD-2125,17:39,Wednesday,2,244,13,Moderate,2,6,1.4,Heavy,Clear,Dense Urban,New,No,32,26,Z4,Z4,No
ORD-2126,14:27,Sunday,3,519,20,High,4,11,2.5,Low,Hot,Urban,Moderate,Yes,45,31,Z8,Z2,No
ORD-2127,13:26,Tuesday,3,411,9,Low,3,5,2.0,Heavy,Rain,Urban,Moderate,Yes,30,34,Z3,Z7,No
ORD-2128,20:10,Monday,1,262,10,High,12,2,2.5,Moderate,Clear,Urban,Experienced,Yes,34,39,Z3,Z2,No
ORD-2129,12:14,Thursday,1,252,14,Moderate,2,1,6.4,Heavy,Clear,Dense Urban,Experienced,Yes,45,64,Z5,Z1,No
ORD-2130,11:21,Friday,2,153,13,Moderate,4,2,2.3,Severe,Cold,Dense Urban,Experienced,No,35,33,Z5,Z5,No
ORD-2131,20:50,Thursday,1,107,11,High,4,2,4.9,Moderate,Clear,Urban,Experienced,Yes,33,38,Z6,Z7,No
ORD-2132,21:54,Wednesday,2,456,14,Very High,4,10,1.7,Heavy,Clear,Dense Urban,New,Yes,42,31,Z4,Z8,No
ORD-2133,20:38,Monday,2,265,12,Moderate,2,4,6.2,Heavy,Clear,Dense Urban,Moderate,Yes,48,50,Z6,Z5,No
ORD-2134,11:07,Thursday,4,749,10,Low,6,3,8.9,Low,Rain,Suburban,Experienced,No,47,56,Z2,Z2,Yes
ORD-2135,12:07,Monday,1,183,29,Very High,3,2,5.0,Heavy,Clear,Suburban,Moderate,Yes,49,40,Z2,Z5,No
ORD-2136,12:51,Tuesday,2,405,14,Very High,8,3,3.5,Moderate,Fog,Suburban,Experienced,Yes,48,38,Z8,Z8,No
ORD-2137,21:14,Saturday,2,310,11,Moderate,5,3,1.8,Moderate,Clear,Urban,Moderate,Yes,28,32,Z7,Z5,No
ORD-2138,22:13,Saturday,2,282,11,Moderate,9,2,1.2,Heavy,Hot,Dense Urban,Moderate,Yes,32,31,Z6,Z1,No
ORD-2139,18:12,Sunday,4,526,12,Low,10,5,2.5,Heavy,Clear,Suburban,Moderate,No,43,33,Z7,Z3,Yes
ORD-2140,20:34,Thursday,1,257,5,Low,4,2,1.8,Moderate,Clear,Urban,Moderate,Yes,20,28,Z2,Z5,No
ORD-2141,18:21,Friday,1,147,10,Moderate,4,1,2.9,Low,Clear,Urban,Experienced,No,25,31,Z2,Z6,No
ORD-2142,20:58,Sunday,2,411,21,Very High,13,3,2.5,Severe,Clear,Dense Urban,New,Yes,58,35,Z8,Z8,No
ORD-2143,13:04,Saturday,3,419,27,Very High,1,6,4.4,Low,Clear,Urban,New,Yes,48,42,Z4,Z2,No
ORD-2144,13:49,Tuesday,1,190,9,High,23,7,4.8,Severe,Clear,Urban,Experienced,Yes,61,45,Z4,Z2,No
ORD-2145,18:49,Saturday,2,354,11,High,1,1,2.6,Moderate,Clear,Dense Urban,Moderate,No,27,52,Z4,Z5,No
ORD-2146,17:26,Wednesday,2,479,10,Low,9,3,4.9,Moderate,Clear,Suburban,Moderate,No,37,38,Z4,Z4,No
ORD-2147,21:12,Friday,3,374,22,Very High,13,5,5.7,Moderate,Clear,Urban,Moderate,Yes,58,46,Z4,Z2,No
ORD-2148,15:14,Monday,3,450,11,Low,1,4,1.8,Low,Hot,Urban,Experienced,No,29,43,Z3,Z8,Yes
ORD-2149,20:47,Thursday,3,734,19,Very High,8,9,3.1,Moderate,Rain,Urban,Experienced,Yes,49,37,Z4,Z3,No
ORD-2150,20:20,Thursday,4,1239,18,Very High,5,3,2.9,Moderate,Clear,Suburban,Experienced,Yes,36,38,Z4,Z1,No
ORD-2151,17:50,Friday,3,494,11,Low,1,4,3.0,Moderate,Clear,Urban,Experienced,No,27,35,Z8,Z1,No
ORD-2152,21:13,Thursday,5,559,14,Moderate,6,2,7.1,Severe,Clear,Suburban,Moderate,Yes,66,63,Z4,Z1,No
ORD-2153,18:41,Tuesday,3,550,8,Low,3,4,1.1,Moderate,Rain,Suburban,Experienced,No,21,28,Z8,Z4,No
ORD-2154,20:37,Sunday,2,303,14,Moderate,5,5,2.4,Moderate,Clear,Dense Urban,Moderate,Yes,40,39,Z8,Z4,Yes
ORD-2155,18:34,Thursday,1,258,10,Moderate,1,2,1.9,Severe,Clear,Dense Urban,Moderate,No,28,27,Z6,Z4,No
ORD-2156,21:22,Monday,3,767,16,High,1,8,1.9,Heavy,Rain,Dense Urban,New,Yes,45,34,Z1,Z5,Yes
ORD-2157,10:53,Saturday,2,380,10,Low,5,2,9.9,Low,Clear,Suburban,Experienced,No,37,59,Z2,Z3,No
ORD-2158,20:12,Saturday,5,641,11,Moderate,3,5,8.0,Heavy,Clear,Suburban,Experienced,Yes,44,58,Z7,Z3,No
ORD-2159,20:53,Monday,4,1111,13,Moderate,12,2,3.3,Low,Cold,Suburban,Experienced,Yes,38,36,Z8,Z3,No
ORD-2160,19:21,Monday,3,848,18,Very High,4,5,3.3,Moderate,Clear,Dense Urban,Moderate,Yes,41,59,Z4,Z3,No
ORD-2161,18:11,Monday,2,350,12,Very High,4,2,3.2,Low,Hot,Urban,Moderate,No,37,33,Z2,Z6,No
ORD-2162,18:16,Friday,2,425,8,Moderate,33,3,2.7,Moderate,Clear,Urban,Moderate,No,54,29,Z2,Z2,No
ORD-2163,13:34,Friday,3,466,14,High,3,6,6.6,Heavy,Clear,Urban,New,Yes,50,57,Z4,Z4,No
ORD-2164,12:41,Sunday,3,324,10,Moderate,7,3,2.9,Low,Clear,Urban,Moderate,Yes,29,40,Z8,Z3,No
ORD-2165,11:59,Wednesday,3,469,12,Low,6,3,1.1,Moderate,Clear,Suburban,Experienced,No,27,23,Z3,Z8,No
ORD-2166,14:01,Tuesday,4,699,14,High,5,8,5.9,Low,Clear,Urban,Experienced,Yes,43,73,Z6,Z5,No
ORD-2167,21:09,Sunday,4,599,21,Very High,2,3,3.2,Moderate,Rain,Dense Urban,Experienced,Yes,43,38,Z3,Z3,No
ORD-2168,19:45,Tuesday,2,695,10,Moderate,3,5,1.8,Moderate,Clear,Dense Urban,Moderate,Yes,28,29,Z6,Z8,No
ORD-2169,19:36,Friday,2,355,13,High,8,1,0.9,Heavy,Clear,Urban,Moderate,Yes,32,23,Z5,Z2,Yes
ORD-2170,12:02,Monday,3,499,18,High,4,4,5.2,Heavy,Hot,Suburban,Experienced,Yes,46,50,Z3,Z7,No
ORD-2171,10:25,Saturday,4,578,12,High,10,3,4.3,Moderate,Clear,Suburban,Experienced,No,38,63,Z1,Z5,No
ORD-2172,11:53,Monday,2,300,17,High,2,4,0.8,Moderate,Clear,Dense Urban,Experienced,No,50,24,Z8,Z6,No
ORD-2173,12:17,Monday,2,238,9,Moderate,3,4,1.5,Heavy,Clear,Dense Urban,Moderate,Yes,28,27,Z8,Z6,No
ORD-2174,18:14,Tuesday,2,293,11,Moderate,5,3,1.4,Low,Clear,Suburban,Experienced,No,25,30,Z3,Z3,No
ORD-2175,19:33,Sunday,2,368,10,Moderate,3,4,2.0,Heavy,Clear,Dense Urban,Moderate,Yes,30,29,Z4,Z1,No
ORD-2176,12:08,Friday,3,470,10,Moderate,5,3,2.4,Severe,Fog,Dense Urban,Experienced,Yes,36,33,Z2,Z4,No
ORD-2177,22:27,Friday,7,1234,21,Low,2,5,1.6,Moderate,Clear,Urban,Moderate,Yes,36,34,Z1,Z1,No
ORD-2178,21:33,Tuesday,6,923,28,High,3,5,1.2,Severe,Clear,Dense Urban,Experienced,Yes,49,33,Z3,Z8,No
ORD-2179,12:49,Sunday,2,246,14,Moderate,1,8,5.1,Severe,Rain,Dense Urban,Experienced,Yes,58,49,Z1,Z2,Yes
ORD-2180,20:29,Sunday,5,870,29,High,4,3,0.9,Heavy,Clear,Dense Urban,Moderate,Yes,48,30,Z4,Z1,Yes
ORD-2181,14:04,Wednesday,5,751,15,Moderate,1,3,1.8,Low,Rain,Dense Urban,New,Yes,31,37,Z3,Z5,No
ORD-2182,20:47,Saturday,3,810,10,Moderate,7,6,6.2,Heavy,Clear,Suburban,New,Yes,43,50,Z5,Z7,No
ORD-2183,19:45,Sunday,3,396,26,High,4,8,6.0,Moderate,Fog,Urban,New,Yes,63,51,Z1,Z3,No
ORD-2184,21:52,Friday,2,568,10,Moderate,3,1,0.5,Heavy,Clear,Suburban,Experienced,Yes,19,25,Z6,Z7,No
ORD-2185,12:54,Thursday,6,888,12,Moderate,12,4,3.8,Moderate,Fog,Suburban,Moderate,Yes,63,48,Z7,Z7,No
ORD-2186,13:22,Friday,3,645,11,High,1,1,2.3,Moderate,Cold,Urban,Experienced,Yes,23,39,Z3,Z3,No
ORD-2187,20:15,Monday,3,467,13,High,3,4,4.6,Severe,Clear,Dense Urban,New,Yes,49,69,Z6,Z7,No
ORD-2188,22:41,Monday,5,690,12,Low,6,3,2.7,Low,Cold,Urban,Experienced,No,50,35,Z4,Z7,No
ORD-2189,18:11,Friday,3,568,12,Moderate,3,3,1.1,Heavy,Rain,Dense Urban,Experienced,No,28,29,Z1,Z3,No
ORD-2190,12:08,Thursday,2,247,12,High,8,5,3.3,Heavy,Rain,Suburban,Experienced,Yes,47,43,Z6,Z5,No
ORD-2191,21:20,Wednesday,4,649,10,Moderate,7,5,2.0,Low,Clear,Suburban,New,Yes,33,32,Z3,Z3,Yes
ORD-2192,22:58,Friday,3,614,21,High,4,7,4.2,Moderate,Clear,Dense Urban,Moderate,No,55,37,Z3,Z4,Yes
ORD-2193,21:38,Thursday,6,671,14,Low,6,4,1.5,Moderate,Clear,Suburban,Experienced,Yes,34,32,Z8,Z3,Yes
ORD-2194,13:22,Thursday,1,138,11,Moderate,6,5,1.9,Moderate,Hot,Urban,Experienced,Yes,40,33,Z7,Z1,Yes
ORD-2195,23:45,Sunday,3,329,15,Very High,1,1,3.6,Heavy,Rain,Dense Urban,Moderate,No,43,41,Z4,Z1,No
ORD-2196,18:59,Tuesday,8,1277,26,Moderate,2,2,4.5,Heavy,Clear,Dense Urban,Experienced,No,51,48,Z4,Z5,No
ORD-2197,11:55,Sunday,4,682,10,Low,4,2,2.9,Low,Hot,Urban,Experienced,No,26,34,Z5,Z6,No
ORD-2198,13:08,Saturday,1,110,16,Very High,5,6,0.9,Heavy,Clear,Urban,New,Yes,34,29,Z8,Z3,No
ORD-2199,12:28,Wednesday,1,256,12,High,9,8,1.9,Severe,Cold,Dense Urban,New,Yes,44,35,Z8,Z3,No
ORD-2200,13:43,Friday,5,648,15,Low,6,1,0.4,Moderate,Fog,Urban,Experienced,Yes,27,33,Z6,Z3,No
ORD-2201,19:07,Saturday,3,568,11,Moderate,6,2,3.4,Moderate,Hot,Dense Urban,Experienced,Yes,45,43,Z6,Z7,No
ORD-2202,13:09,Friday,2,293,19,High,4,3,3.1,Heavy,Clear,Urban,Moderate,Yes,39,39,Z8,Z4,No
ORD-2203,17:03,Tuesday,6,1344,13,Low,2,9,2.1,Moderate,Clear,Dense Urban,Experienced,No,36,34,Z7,Z2,No
ORD-2204,10:52,Wednesday,5,1124,16,Moderate,1,8,1.4,Moderate,Hot,Urban,Experienced,No,32,34,Z8,Z8,No
ORD-2205,15:28,Friday,2,583,15,Moderate,5,2,2.8,Low,Clear,Urban,Moderate,No,32,31,Z8,Z2,No
ORD-2206,11:55,Saturday,2,384,7,Moderate,5,8,3.6,Low,Clear,Dense Urban,Moderate,No,33,36,Z5,Z7,No
ORD-2207,10:42,Thursday,4,340,21,Moderate,2,2,7.6,Moderate,Clear,Urban,Moderate,No,56,50,Z8,Z7,No
ORD-2208,21:25,Friday,4,1030,19,High,4,2,1.6,Heavy,Clear,Suburban,Moderate,Yes,34,39,Z1,Z4,No
ORD-2209,17:14,Saturday,2,306,10,Low,2,1,4.4,Moderate,Clear,Suburban,Moderate,No,27,38,Z2,Z5,No
ORD-2210,11:41,Saturday,4,721,18,High,1,3,4.7,Low,Clear,Urban,Experienced,No,35,42,Z5,Z8,No
ORD-2211,12:41,Saturday,3,429,25,Very High,3,7,0.4,Severe,Clear,Dense Urban,Moderate,Yes,46,24,Z4,Z5,Yes
ORD-2212,20:38,Thursday,4,927,20,High,6,6,5.1,Low,Fog,Suburban,Experienced,Yes,47,43,Z7,Z3,No
ORD-2213,15:58,Sunday,9,1519,25,Moderate,3,1,2.4,Heavy,Clear,Dense Urban,Experienced,No,43,37,Z5,Z8,No
ORD-2214,12:07,Tuesday,4,946,27,High,2,2,5.5,Moderate,Clear,Suburban,Moderate,Yes,47,48,Z4,Z1,No
ORD-2215,20:17,Friday,5,455,27,High,7,5,4.3,Severe,Clear,Urban,New,Yes,63,50,Z5,Z3,No
ORD-2216,22:31,Tuesday,3,488,15,Moderate,8,5,2.2,Heavy,Clear,Dense Urban,New,No,46,44,Z8,Z1,No
ORD-2217,16:18,Tuesday,4,418,14,Moderate,10,7,2.1,Heavy,Clear,Dense Urban,Experienced,No,44,33,Z6,Z4,No
ORD-2218,19:40,Friday,4,676,14,Moderate,3,4,2.7,Heavy,Rain,Dense Urban,Experienced,Yes,43,34,Z1,Z6,Yes
ORD-2219,14:07,Friday,2,636,15,High,15,3,2.3,Heavy,Rain,Suburban,New,Yes,49,37,Z5,Z6,Yes
ORD-2220,17:22,Sunday,2,299,15,Moderate,1,5,3.3,Low,Clear,Suburban,Experienced,No,30,30,Z1,Z2,No
ORD-2221,12:55,Saturday,6,1481,16,High,11,1,7.7,Moderate,Rain,Suburban,Experienced,Yes,51,66,Z5,Z1,No
ORD-2222,20:05,Saturday,7,1665,36,Very High,5,5,0.6,Heavy,Clear,Dense Urban,Experienced,Yes,54,30,Z7,Z8,No
ORD-2223,11:06,Thursday,4,964,14,Low,2,2,7.2,Low,Rain,Suburban,Moderate,No,42,53,Z4,Z3,Yes
ORD-2224,22:08,Thursday,6,654,36,High,6,2,1.3,Heavy,Clear,Dense Urban,Moderate,Yes,58,34,Z7,Z6,Yes
ORD-2225,20:44,Saturday,5,570,25,High,2,7,6.7,Severe,Clear,Suburban,Experienced,Yes,64,58,Z1,Z6,No
ORD-2226,22:32,Sunday,6,1014,24,Low,8,3,2.5,Low,Cold,Dense Urban,Experienced,No,51,34,Z5,Z6,Yes
ORD-2227,13:52,Tuesday,2,502,12,Very High,8,6,4.2,Moderate,Clear,Urban,Moderate,Yes,40,41,Z2,Z3,No
ORD-2228,16:03,Tuesday,3,275,13,Moderate,2,1,3.9,Low,Cold,Urban,Experienced,No,41,36,Z3,Z7,No
ORD-2229,21:09,Wednesday,5,831,13,Moderate,2,4,4.2,Severe,Rain,Urban,Moderate,Yes,43,54,Z2,Z6,No
ORD-2230,20:14,Thursday,1,210,7,Moderate,5,2,0.9,Moderate,Clear,Urban,Experienced,Yes,20,26,Z2,Z7,No
ORD-2231,19:38,Sunday,2,382,13,High,4,5,3.5,Heavy,Clear,Urban,New,Yes,45,44,Z5,Z6,No
ORD-2232,12:52,Saturday,3,473,13,High,2,2,4.2,Moderate,Clear,Urban,Experienced,Yes,31,46,Z7,Z2,No
ORD-2233,19:33,Saturday,5,1090,22,High,9,3,5.9,Heavy,Clear,Suburban,Moderate,Yes,60,55,Z8,Z7,Yes
ORD-2234,14:04,Sunday,2,452,10,High,16,2,3.1,Severe,Clear,Suburban,Moderate,Yes,47,36,Z4,Z4,No
ORD-2235,14:33,Sunday,5,807,21,Moderate,2,4,1.4,Low,Cold,Suburban,New,No,37,29,Z1,Z7,Yes
ORD-2236,21:11,Tuesday,3,631,36,Very High,11,2,5.0,Heavy,Clear,Dense Urban,Moderate,Yes,76,49,Z2,Z4,No
ORD-2237,20:41,Tuesday,6,745,24,Moderate,7,1,3.9,Heavy,Clear,Suburban,Experienced,Yes,46,48,Z2,Z6,No
ORD-2238,20:43,Saturday,3,633,21,High,7,3,9.2,Low,Clear,Suburban,Moderate,Yes,49,61,Z1,Z3,No
ORD-2239,18:02,Sunday,3,809,17,High,4,5,6.8,Moderate,Clear,Suburban,Experienced,No,46,53,Z6,Z5,No
ORD-2240,14:50,Thursday,2,558,20,High,11,3,4.6,Moderate,Hot,Suburban,New,No,55,58,Z6,Z4,Yes
ORD-2241,12:14,Sunday,4,502,18,High,10,6,4.6,Heavy,Hot,Suburban,New,Yes,53,51,Z4,Z4,No
ORD-2242,20:12,Tuesday,3,609,13,Moderate,4,4,1.8,Moderate,Clear,Urban,Experienced,Yes,29,37,Z7,Z8,No
ORD-2243,12:07,Monday,2,238,13,High,1,6,4.2,Moderate,Clear,Urban,Experienced,Yes,34,46,Z3,Z8,No
ORD-2244,20:53,Sunday,3,261,17,High,8,2,4.2,Severe,Rain,Dense Urban,Experienced,Yes,61,44,Z5,Z2,No
ORD-2245,19:44,Wednesday,4,408,14,High,10,3,1.0,Severe,Rain,Dense Urban,New,Yes,41,37,Z6,Z5,No
ORD-2246,22:13,Monday,3,479,31,Very High,3,4,3.9,Moderate,Rain,Urban,New,Yes,68,48,Z8,Z5,No
ORD-2247,18:58,Sunday,2,485,9,Moderate,7,4,2.3,Heavy,Hot,Dense Urban,Moderate,No,36,34,Z7,Z8,No
ORD-2248,13:39,Wednesday,3,742,19,High,1,4,8.1,Heavy,Fog,Dense Urban,Experienced,Yes,64,63,Z1,Z1,No
ORD-2249,11:01,Saturday,2,377,17,High,2,4,2.5,Low,Clear,Dense Urban,Moderate,No,34,31,Z7,Z6,No
ORD-2250,14:14,Sunday,4,598,23,Very High,2,6,1.0,Heavy,Clear,Dense Urban,Moderate,Yes,41,29,Z2,Z7,No
ORD-2251,13:54,Thursday,6,1163,52,Very High,1,2,2.8,Heavy,Rain,Urban,Experienced,Yes,79,40,Z3,Z7,No
ORD-2252,21:02,Wednesday,2,299,18,Moderate,12,2,1.4,Moderate,Hot,Suburban,Moderate,Yes,39,28,Z1,Z8,No
ORD-2253,12:55,Saturday,5,429,27,Very High,3,7,1.0,Heavy,Clear,Urban,New,Yes,45,33,Z3,Z2,No
ORD-2254,15:10,Tuesday,3,428,12,Moderate,2,7,3.9,Moderate,Clear,Urban,Experienced,No,34,37,Z5,Z8,No
ORD-2255,14:02,Sunday,2,241,12,Moderate,2,2,4.1,Moderate,Clear,Dense Urban,Moderate,Yes,32,40,Z7,Z1,No
ORD-2256,19:56,Sunday,4,849,29,Very High,2,7,6.2,Heavy,Rain,Dense Urban,Moderate,Yes,86,58,Z5,Z8,Yes
ORD-2257,19:45,Monday,2,265,12,Moderate,5,2,3.3,Severe,Cold,Urban,Moderate,Yes,36,43,Z5,Z6,No
ORD-2258,19:25,Saturday,3,711,16,High,8,9,7.9,Moderate,Clear,Urban,Experienced,Yes,56,77,Z3,Z1,No
ORD-2259,13:52,Wednesday,1,315,9,High,7,4,2.5,Moderate,Clear,Dense Urban,New,Yes,35,29,Z1,Z6,No
ORD-2260,18:26,Thursday,5,687,26,Moderate,3,2,8.5,Moderate,Rain,Suburban,Experienced,No,74,60,Z5,Z4,No
ORD-2261,18:36,Tuesday,1,187,7,Moderate,4,3,12.4,Moderate,Clear,Suburban,New,No,59,68,Z1,Z4,Yes
ORD-2262,12:59,Saturday,3,269,10,High,2,4,1.7,Heavy,Rain,Dense Urban,Moderate,Yes,29,34,Z4,Z6,No
ORD-2263,19:28,Friday,2,268,10,Moderate,4,2,2.8,Heavy,Clear,Urban,Experienced,Yes,31,32,Z6,Z7,Yes
ORD-2264,15:21,Friday,4,750,17,High,2,2,2.6,Low,Clear,Suburban,Moderate,No,33,37,Z1,Z2,Yes
ORD-2265,14:21,Saturday,7,1161,16,Moderate,2,5,6.8,Moderate,Cold,Suburban,Experienced,Yes,46,59,Z4,Z8,Yes
ORD-2266,15:23,Thursday,3,449,12,Moderate,2,4,5.5,Severe,Clear,Urban,New,No,52,50,Z7,Z6,No
ORD-2267,14:17,Sunday,3,734,19,High,4,2,5.1,Moderate,Clear,Suburban,Experienced,Yes,41,44,Z6,Z6,Yes
ORD-2268,21:31,Monday,3,525,19,Moderate,6,4,8.8,Moderate,Hot,Suburban,New,Yes,60,61,Z5,Z6,No
ORD-2269,20:26,Friday,2,311,8,Moderate,8,4,3.7,Moderate,Fog,Urban,Moderate,Yes,37,62,Z1,Z3,Yes
ORD-2270,17:38,Thursday,2,188,12,Moderate,1,4,1.9,Low,Cold,Suburban,Moderate,No,25,30,Z1,Z7,No
ORD-2271,16:34,Thursday,5,586,22,Moderate,5,12,3.8,Low,Cold,Suburban,Moderate,No,50,43,Z5,Z1,No
ORD-2272,21:02,Friday,2,285,15,Very High,3,8,2.7,Low,Rain,Urban,Moderate,Yes,37,33,Z5,Z8,No
ORD-2273,20:15,Saturday,3,304,11,Moderate,7,2,6.0,Moderate,Clear,Suburban,Moderate,Yes,37,51,Z7,Z3,No
ORD-2274,20:41,Wednesday,1,283,5,Low,3,2,1.1,Heavy,Hot,Urban,Experienced,Yes,17,28,Z5,Z7,No
ORD-2275,20:28,Friday,2,583,14,Moderate,3,4,2.6,Heavy,Clear,Dense Urban,New,Yes,38,34,Z1,Z3,No
ORD-2276,18:30,Wednesday,2,253,19,Moderate,7,4,3.1,Moderate,Clear,Dense Urban,Moderate,No,51,32,Z3,Z2,Yes
ORD-2277,17:13,Sunday,3,805,9,Low,3,3,7.7,Moderate,Clear,Urban,New,No,43,51,Z5,Z7,No
ORD-2278,21:07,Sunday,5,727,19,High,3,2,3.3,Heavy,Hot,Dense Urban,New,Yes,46,42,Z4,Z6,Yes
ORD-2279,12:58,Monday,2,333,11,High,3,3,4.3,Low,Clear,Suburban,Moderate,Yes,32,47,Z2,Z3,Yes
ORD-2280,11:38,Monday,1,345,16,High,2,5,4.9,Moderate,Clear,Suburban,Moderate,No,37,40,Z2,Z2,No
ORD-2281,14:32,Wednesday,6,729,24,Low,2,3,1.7,Moderate,Clear,Urban,Experienced,No,37,31,Z8,Z4,No
ORD-2282,20:08,Saturday,2,265,17,Very High,3,1,1.7,Severe,Cold,Urban,Moderate,Yes,32,50,Z7,Z5,No
ORD-2283,15:01,Sunday,3,1095,7,Low,5,3,1.1,Heavy,Rain,Dense Urban,Experienced,No,26,28,Z5,Z3,No
ORD-2284,14:46,Sunday,4,702,9,Low,1,2,2.6,Heavy,Clear,Dense Urban,New,No,26,30,Z7,Z7,No
ORD-2285,10:16,Monday,7,1153,34,Moderate,3,3,6.6,Low,Clear,Suburban,Experienced,No,55,54,Z1,Z6,No
ORD-2286,18:59,Tuesday,7,865,33,Low,3,2,3.6,Low,Clear,Urban,Moderate,No,52,41,Z8,Z5,Yes
ORD-2287,20:26,Sunday,4,678,20,High,4,1,8.4,Moderate,Hot,Suburban,Experienced,Yes,61,61,Z6,Z8,Yes
ORD-2288,21:40,Thursday,3,683,14,Moderate,5,6,1.6,Moderate,Clear,Urban,Moderate,Yes,33,30,Z2,Z2,No
ORD-2289,21:09,Friday,4,412,55,High,3,3,2.3,Low,Clear,Suburban,Experienced,Yes,72,37,Z2,Z5,Yes
ORD-2290,20:32,Thursday,5,698,27,High,2,4,10.2,Heavy,Clear,Dense Urban,Moderate,Yes,73,74,Z7,Z4,No
ORD-2291,18:38,Friday,2,696,8,Low,1,3,6.9,Moderate,Clear,Urban,Experienced,No,33,52,Z5,Z2,No
ORD-2292,20:39,Monday,2,477,12,Very High,3,5,4.1,Heavy,Clear,Urban,Moderate,Yes,37,42,Z6,Z3,No
ORD-2293,20:35,Saturday,2,387,18,High,6,6,0.7,Heavy,Hot,Dense Urban,Experienced,Yes,39,31,Z4,Z6,No
ORD-2294,13:47,Thursday,4,695,16,High,16,2,0.7,Heavy,Clear,Dense Urban,Experienced,Yes,42,33,Z6,Z4,No
ORD-2295,19:39,Friday,3,610,20,Moderate,3,5,1.4,Heavy,Fog,Dense Urban,New,Yes,44,36,Z3,Z1,Yes
ORD-2296,21:02,Wednesday,4,523,22,Low,1,4,5.3,Severe,Fog,Urban,Moderate,Yes,58,50,Z1,Z5,No
ORD-2297,10:47,Tuesday,2,342,10,High,3,3,1.5,Moderate,Clear,Urban,Moderate,No,24,31,Z5,Z8,No
ORD-2298,19:42,Wednesday,2,548,16,High,6,4,3.1,Heavy,Rain,Urban,Experienced,Yes,41,36,Z2,Z2,No
ORD-2299,23:14,Thursday,2,215,12,High,1,5,10.3,Moderate,Hot,Suburban,New,No,52,61,Z8,Z2,No
ORD-2300,21:38,Tuesday,2,336,12,High,5,14,1.6,Heavy,Clear,Suburban,Moderate,Yes,51,36,Z3,Z3,No
ORD-2301,18:56,Saturday,3,933,14,High,1,11,1.8,Low,Clear,Dense Urban,New,No,38,33,Z8,Z5,No
ORD-2302,12:36,Wednesday,2,295,10,High,1,5,5.4,Moderate,Clear,Urban,Experienced,Yes,32,48,Z8,Z4,No
ORD-2303,21:09,Sunday,8,1770,35,High,3,6,2.7,Low,Clear,Suburban,New,Yes,53,41,Z7,Z7,No
ORD-2304,19:16,Sunday,4,612,26,Very High,4,2,5.9,Moderate,Rain,Urban,Experienced,Yes,50,51,Z2,Z4,No
ORD-2305,12:51,Sunday,3,452,21,Very High,1,1,3.8,Heavy,Cold,Urban,Experienced,Yes,39,45,Z1,Z7,No
ORD-2306,14:35,Friday,2,463,15,Low,2,1,5.1,Moderate,Cold,Dense Urban,Experienced,No,37,43,Z1,Z1,No
ORD-2307,22:09,Friday,5,863,17,High,7,7,1.4,Heavy,Clear,Dense Urban,Experienced,Yes,42,63,Z8,Z4,No
ORD-2308,18:55,Wednesday,1,139,14,Very High,1,3,1.0,Moderate,Clear,Urban,Moderate,No,24,27,Z8,Z2,No
ORD-2309,20:38,Monday,2,301,13,Moderate,1,4,2.3,Heavy,Clear,Urban,Moderate,Yes,30,55,Z1,Z5,No
ORD-2310,18:53,Saturday,2,368,10,Moderate,7,4,4.8,Low,Hot,Suburban,Moderate,No,35,39,Z8,Z7,No
ORD-2311,20:59,Friday,3,516,17,High,6,2,3.5,Moderate,Fog,Dense Urban,Moderate,Yes,43,45,Z6,Z4,No
ORD-2312,14:16,Wednesday,3,490,40,Very High,5,4,5.5,Severe,Rain,Dense Urban,Experienced,Yes,102,60,Z5,Z8,Yes
ORD-2313,19:50,Friday,2,233,10,High,12,2,2.5,Moderate,Clear,Dense Urban,Moderate,Yes,37,32,Z7,Z5,No
ORD-2314,19:39,Sunday,3,333,17,High,7,2,4.5,Heavy,Clear,Dense Urban,Moderate,Yes,66,43,Z8,Z1,Yes
ORD-2315,22:17,Tuesday,3,477,18,Moderate,6,2,3.2,Low,Hot,Urban,Experienced,Yes,36,37,Z3,Z2,No
ORD-2316,21:00,Monday,3,824,18,High,1,6,3.5,Moderate,Clear,Urban,Moderate,Yes,38,43,Z3,Z7,No
ORD-2317,12:34,Thursday,1,118,21,Very High,3,3,3.0,Moderate,Cold,Urban,Moderate,Yes,39,38,Z4,Z8,No
ORD-2318,21:25,Tuesday,2,321,9,Low,3,4,6.6,Moderate,Clear,Urban,Moderate,Yes,36,45,Z2,Z4,No
ORD-2319,20:23,Sunday,1,155,7,Low,1,3,1.0,Low,Clear,Suburban,Moderate,Yes,17,29,Z7,Z1,No
ORD-2320,20:52,Sunday,1,198,10,High,1,2,3.1,Heavy,Clear,Dense Urban,Experienced,Yes,31,35,Z2,Z4,No
ORD-2321,23:06,Tuesday,1,141,11,High,3,7,3.1,Moderate,Rain,Urban,New,No,37,36,Z2,Z5,No
ORD-2322,12:26,Wednesday,3,494,18,High,2,2,3.8,Moderate,Rain,Urban,New,Yes,42,45,Z6,Z8,Yes
ORD-2323,20:25,Saturday,1,165,9,Very High,9,6,3.9,Moderate,Clear,Dense Urban,Moderate,Yes,43,41,Z5,Z2,No
ORD-2324,17:19,Thursday,2,276,11,Low,4,1,2.3,Low,Rain,Urban,Experienced,No,37,26,Z6,Z8,No
ORD-2325,23:14,Sunday,5,845,20,High,10,4,3.7,Low,Clear,Suburban,New,No,45,44,Z2,Z4,No
ORD-2326,10:21,Sunday,3,527,8,Low,6,3,1.9,Heavy,Clear,Dense Urban,Experienced,No,30,31,Z5,Z4,No
ORD-2327,12:03,Monday,4,639,10,Low,10,2,2.5,Low,Clear,Suburban,Experienced,Yes,31,38,Z2,Z3,No
ORD-2328,20:33,Sunday,6,960,25,Moderate,3,2,0.9,Moderate,Hot,Dense Urban,Experienced,Yes,39,27,Z1,Z7,No
ORD-2329,13:29,Monday,2,365,15,High,2,6,1.3,Low,Clear,Suburban,New,Yes,30,31,Z1,Z7,No
ORD-2330,20:36,Tuesday,5,717,10,Moderate,5,2,4.1,Low,Rain,Urban,Experienced,Yes,32,44,Z7,Z8,No
ORD-2331,21:48,Saturday,3,618,18,High,3,2,2.3,Moderate,Clear,Urban,Moderate,Yes,33,39,Z3,Z2,No
ORD-2332,20:22,Saturday,4,622,15,Moderate,13,2,3.5,Low,Clear,Suburban,Moderate,Yes,39,40,Z1,Z6,No
ORD-2333,16:40,Tuesday,2,243,7,Low,5,3,3.7,Moderate,Hot,Urban,New,No,29,38,Z5,Z1,No
ORD-2334,19:27,Sunday,2,205,15,Very High,6,8,2.9,Heavy,Rain,Urban,Moderate,Yes,44,54,Z1,Z1,No
ORD-2335,18:25,Thursday,1,273,6,Moderate,6,2,1.8,Low,Fog,Urban,Experienced,No,22,25,Z8,Z5,No
ORD-2336,21:31,Friday,4,364,11,Moderate,3,3,3.0,Moderate,Rain,Urban,Experienced,Yes,30,36,Z4,Z2,No
ORD-2337,21:00,Tuesday,5,661,34,High,3,4,1.9,Heavy,Clear,Dense Urban,Experienced,Yes,54,41,Z7,Z4,No
ORD-2338,20:21,Sunday,3,365,16,High,9,4,5.9,Low,Clear,Urban,Moderate,Yes,47,48,Z8,Z5,No
ORD-2339,20:54,Sunday,5,627,20,High,5,4,4.5,Heavy,Hot,Dense Urban,Experienced,Yes,50,50,Z4,Z3,No
ORD-2340,20:35,Wednesday,2,445,9,Low,8,1,2.1,Heavy,Fog,Suburban,Moderate,Yes,28,40,Z1,Z4,No
ORD-2341,19:38,Friday,1,246,10,Moderate,4,6,2.8,Moderate,Clear,Dense Urban,New,Yes,38,29,Z2,Z4,Yes
ORD-2342,22:45,Monday,2,494,12,High,5,1,3.5,Low,Rain,Dense Urban,Experienced,No,32,32,Z6,Z1,No
ORD-2343,20:38,Sunday,4,626,23,Very High,8,3,5.7,Heavy,Rain,Urban,Moderate,Yes,63,56,Z3,Z4,No
ORD-2344,14:07,Tuesday,5,629,28,Very High,7,2,1.4,Moderate,Hot,Urban,Moderate,Yes,45,33,Z7,Z1,No
ORD-2345,18:32,Saturday,2,333,10,Moderate,5,4,8.3,Low,Rain,Urban,Experienced,No,59,51,Z3,Z6,No
ORD-2346,13:45,Tuesday,5,1289,12,Moderate,9,3,2.2,Severe,Clear,Dense Urban,Moderate,Yes,43,39,Z4,Z6,No
ORD-2347,20:21,Thursday,2,422,23,Very High,9,4,2.5,Heavy,Clear,Dense Urban,Moderate,Yes,55,35,Z8,Z6,Yes
ORD-2348,12:15,Sunday,6,405,19,Moderate,14,3,3.3,Low,Clear,Suburban,Experienced,Yes,45,38,Z5,Z7,No
ORD-2349,19:45,Tuesday,6,536,21,High,2,3,1.7,Moderate,Clear,Dense Urban,Experienced,Yes,36,40,Z8,Z3,No
ORD-2350,23:07,Tuesday,2,308,11,Low,1,4,2.6,Moderate,Cold,Dense Urban,Moderate,No,29,27,Z6,Z1,No
ORD-2351,18:57,Thursday,2,368,8,Low,2,4,4.7,Moderate,Clear,Dense Urban,Moderate,No,32,38,Z7,Z6,No
ORD-2352,12:15,Friday,4,1248,15,Moderate,1,10,5.8,Low,Clear,Suburban,New,Yes,48,42,Z5,Z6,No
ORD-2353,18:26,Monday,2,226,48,Low,3,2,4.7,Heavy,Rain,Urban,Experienced,No,75,38,Z4,Z1,No
ORD-2354,14:29,Thursday,2,298,9,Moderate,7,2,6.7,Severe,Clear,Suburban,Experienced,Yes,51,49,Z6,Z7,No
ORD-2355,15:46,Wednesday,5,1151,20,Moderate,1,3,6.8,Low,Clear,Suburban,Experienced,No,39,51,Z2,Z2,No
ORD-2356,12:32,Tuesday,1,155,13,Moderate,2,4,4.6,Severe,Clear,Dense Urban,Experienced,Yes,46,43,Z8,Z4,No
ORD-2357,20:57,Wednesday,2,327,12,High,3,4,1.5,Heavy,Hot,Urban,Moderate,Yes,28,34,Z6,Z8,No
ORD-2358,20:26,Friday,3,720,11,Moderate,5,5,4.6,Heavy,Rain,Suburban,Moderate,Yes,39,43,Z4,Z4,No
ORD-2359,11:58,Saturday,2,348,12,Moderate,1,5,1.6,Low,Clear,Urban,New,No,26,25,Z2,Z1,No
ORD-2360,19:51,Tuesday,4,639,23,Very High,4,7,3.1,Moderate,Clear,Urban,New,Yes,47,43,Z7,Z6,No
ORD-2361,13:10,Tuesday,8,1050,25,Moderate,10,5,2.0,Heavy,Rain,Suburban,New,Yes,51,37,Z5,Z6,No
ORD-2362,21:53,Saturday,2,335,8,High,5,4,3.2,Severe,Rain,Dense Urban,Moderate,Yes,47,36,Z6,Z7,No
ORD-2363,11:25,Sunday,3,636,12,Low,1,4,1.2,Low,Clear,Urban,New,No,24,30,Z1,Z5,No
ORD-2364,19:49,Friday,2,303,16,High,1,9,5.5,Heavy,Hot,Suburban,Experienced,Yes,44,47,Z4,Z2,No
ORD-2365,15:44,Sunday,2,466,11,Moderate,1,8,3.6,Moderate,Clear,Suburban,Moderate,No,31,39,Z7,Z3,No
ORD-2366,13:13,Friday,1,320,12,High,2,3,1.8,Moderate,Clear,Urban,New,Yes,26,32,Z8,Z4,No
ORD-2367,20:21,Wednesday,5,557,34,Very High,5,2,0.5,Severe,Cold,Dense Urban,New,Yes,50,35,Z4,Z4,No
ORD-2368,21:10,Sunday,1,154,12,Moderate,3,5,2.4,Heavy,Clear,Suburban,Experienced,Yes,33,34,Z3,Z2,Yes
ORD-2369,11:55,Tuesday,4,503,49,Low,7,1,4.0,Low,Hot,Suburban,Moderate,No,68,37,Z4,Z7,No
ORD-2370,20:34,Sunday,4,846,20,Very High,17,2,3.3,Heavy,Rain,Urban,Experienced,Yes,55,42,Z4,Z7,No
ORD-2371,10:43,Sunday,2,315,7,Moderate,4,2,3.1,Severe,Rain,Urban,Experienced,No,53,40,Z5,Z8,No
ORD-2372,11:06,Wednesday,3,507,12,Low,7,6,1.9,Moderate,Clear,Suburban,Moderate,No,34,26,Z1,Z1,No
ORD-2373,13:22,Monday,5,700,18,Low,2,4,2.2,Heavy,Clear,Dense Urban,Moderate,Yes,52,40,Z7,Z1,No
ORD-2374,23:23,Sunday,1,240,16,Very High,4,5,4.9,Low,Clear,Suburban,Experienced,No,39,39,Z7,Z7,No
ORD-2375,22:47,Friday,11,2863,18,Low,1,2,7.7,Low,Clear,Suburban,Moderate,No,42,84,Z5,Z6,Yes
ORD-2376,21:26,Wednesday,4,601,18,Very High,8,3,9.8,Moderate,Clear,Urban,Experienced,Yes,53,68,Z8,Z3,No
ORD-2377,22:29,Friday,9,1367,17,Low,11,3,3.1,Severe,Rain,Suburban,New,Yes,70,51,Z8,Z8,No
ORD-2378,10:41,Sunday,3,470,13,Moderate,5,1,1.2,Heavy,Rain,Dense Urban,Moderate,No,31,31,Z2,Z2,No
ORD-2379,09:42,Saturday,3,544,13,Moderate,1,14,2.5,Low,Clear,Dense Urban,New,No,41,33,Z6,Z8,No
ORD-2380,22:15,Friday,3,364,13,High,4,3,3.8,Heavy,Cold,Urban,New,Yes,37,44,Z3,Z6,No
ORD-2381,12:27,Saturday,2,225,14,Moderate,2,4,4.3,Moderate,Clear,Urban,Moderate,Yes,33,35,Z8,Z1,No
ORD-2382,18:37,Friday,3,256,15,Low,3,3,3.2,Moderate,Rain,Urban,New,No,35,35,Z7,Z6,No
ORD-2383,19:07,Thursday,4,876,14,Moderate,10,1,5.6,Heavy,Rain,Urban,Moderate,Yes,54,48,Z1,Z2,No
ORD-2384,09:43,Sunday,1,199,11,Moderate,5,8,4.6,Moderate,Rain,Suburban,New,No,44,41,Z8,Z4,No
ORD-2385,21:53,Thursday,3,613,13,Moderate,7,3,3.4,Heavy,Clear,Urban,New,Yes,37,39,Z2,Z6,No
ORD-2386,19:55,Friday,3,391,15,High,9,5,2.2,Severe,Clear,Dense Urban,Moderate,Yes,44,33,Z7,Z1,No
ORD-2387,13:10,Wednesday,6,1132,34,Very High,3,10,4.5,Heavy,Cold,Urban,New,Yes,71,54,Z8,Z7,Yes
ORD-2388,20:57,Saturday,1,224,19,Very High,2,5,6.2,Heavy,Clear,Dense Urban,New,Yes,57,47,Z6,Z4,No
ORD-2389,21:39,Sunday,2,584,10,Moderate,11,6,3.1,Low,Fog,Urban,Experienced,Yes,37,40,Z5,Z7,No
ORD-2390,15:16,Thursday,3,712,21,Low,3,2,4.6,Low,Cold,Urban,Experienced,No,38,42,Z4,Z8,No
ORD-2391,14:30,Saturday,2,232,8,Low,6,7,1.7,Low,Rain,Urban,New,No,29,29,Z1,Z2,No
ORD-2392,20:02,Sunday,2,321,15,High,4,6,1.9,Moderate,Clear,Urban,Experienced,Yes,37,31,Z7,Z5,Yes
ORD-2393,20:45,Friday,2,227,19,High,3,3,4.1,Moderate,Clear,Urban,Moderate,Yes,40,60,Z5,Z8,No
ORD-2394,20:27,Thursday,2,391,13,Very High,1,6,5.0,Heavy,Clear,Urban,Moderate,Yes,39,42,Z8,Z8,No
ORD-2395,14:02,Wednesday,2,193,16,Moderate,3,1,4.5,Moderate,Clear,Urban,Moderate,Yes,36,36,Z1,Z6,No
ORD-2396,20:43,Monday,2,414,10,Moderate,8,3,2.2,Heavy,Rain,Urban,New,Yes,34,31,Z3,Z4,No
ORD-2397,20:36,Thursday,3,598,21,High,2,2,2.2,Low,Clear,Urban,Experienced,Yes,33,32,Z8,Z2,No
ORD-2398,13:03,Wednesday,5,875,27,Very High,1,13,2.9,Heavy,Fog,Suburban,Moderate,Yes,55,43,Z3,Z4,No
ORD-2399,13:30,Wednesday,1,98,17,Very High,7,5,1.5,Low,Clear,Urban,New,Yes,37,46,Z4,Z1,No
ORD-2400,21:28,Thursday,1,173,15,Very High,3,14,5.3,Heavy,Clear,Dense Urban,Experienced,Yes,57,47,Z7,Z2,No
ORD-2401,12:40,Wednesday,1,154,14,Very High,9,4,1.6,Severe,Clear,Urban,Experienced,Yes,58,36,Z2,Z3,No
ORD-2402,22:11,Saturday,3,784,16,High,2,3,4.0,Moderate,Clear,Urban,Experienced,Yes,58,42,Z7,Z8,No
ORD-2403,21:40,Friday,3,387,19,Moderate,12,8,2.9,Low,Hot,Urban,New,Yes,49,38,Z2,Z8,No
ORD-2404,21:53,Saturday,3,606,13,Moderate,3,2,9.5,Low,Clear,Suburban,Moderate,Yes,38,53,Z3,Z2,No
ORD-2405,21:58,Monday,1,167,9,Moderate,5,2,2.8,Severe,Clear,Dense Urban,Moderate,Yes,41,35,Z1,Z6,Yes
ORD-2406,18:50,Sunday,3,579,10,High,2,1,3.6,Heavy,Rain,Dense Urban,Experienced,No,36,43,Z8,Z5,No
ORD-2407,12:04,Tuesday,6,1215,29,Moderate,3,4,4.1,Severe,Clear,Dense Urban,Moderate,Yes,59,44,Z7,Z7,No
ORD-2408,18:05,Wednesday,1,188,8,Low,3,4,6.0,Moderate,Clear,Urban,Moderate,No,35,51,Z1,Z3,No
ORD-2409,13:20,Saturday,4,582,29,High,7,3,2.2,Heavy,Hot,Suburban,Moderate,Yes,69,36,Z1,Z7,No
ORD-2410,23:28,Saturday,1,137,9,Moderate,6,2,3.8,Low,Clear,Urban,Experienced,No,28,36,Z5,Z1,No
ORD-2411,20:08,Saturday,11,3154,47,High,3,2,4.3,Heavy,Clear,Suburban,Moderate,Yes,88,54,Z4,Z6,No
ORD-2412,13:37,Friday,6,1294,41,High,8,3,3.6,Heavy,Clear,Dense Urban,Experienced,Yes,74,42,Z7,Z8,Yes
ORD-2413,13:16,Wednesday,3,533,15,Low,2,2,6.2,Heavy,Clear,Urban,Experienced,Yes,47,48,Z3,Z3,Yes
ORD-2414,21:41,Tuesday,3,423,15,Very High,3,4,4.2,Heavy,Clear,Urban,New,Yes,58,52,Z7,Z6,No
ORD-2415,18:57,Wednesday,4,639,18,Moderate,1,2,3.3,Low,Clear,Dense Urban,Experienced,No,33,34,Z3,Z1,No
ORD-2416,18:50,Tuesday,1,268,12,High,3,6,2.6,Low,Hot,Urban,Experienced,No,30,34,Z7,Z3,No
ORD-2417,19:56,Friday,2,262,12,Moderate,3,3,0.9,Heavy,Clear,Dense Urban,Moderate,Yes,27,25,Z6,Z3,No
ORD-2418,13:30,Saturday,3,349,14,High,11,1,1.0,Heavy,Rain,Dense Urban,Experienced,Yes,37,37,Z8,Z2,No
ORD-2419,20:00,Saturday,3,478,13,High,6,5,4.6,Low,Fog,Suburban,New,Yes,42,46,Z5,Z8,Yes
ORD-2420,19:38,Wednesday,4,707,13,Moderate,5,4,3.5,Moderate,Hot,Suburban,Moderate,Yes,35,42,Z1,Z1,No
ORD-2421,21:22,Friday,2,272,13,Moderate,2,5,3.8,Low,Hot,Urban,Moderate,Yes,32,36,Z5,Z4,No
ORD-2422,13:46,Sunday,2,256,14,High,7,9,3.0,Heavy,Rain,Urban,Experienced,Yes,45,40,Z1,Z8,No
ORD-2423,19:43,Friday,6,1063,19,High,5,7,3.3,Moderate,Clear,Urban,Moderate,Yes,49,41,Z5,Z7,Yes
ORD-2424,20:31,Tuesday,3,350,12,High,1,4,6.6,Severe,Clear,Urban,Moderate,Yes,53,78,Z7,Z6,No
ORD-2425,17:07,Saturday,2,382,10,Moderate,3,6,8.5,Moderate,Fog,Suburban,Moderate,No,43,58,Z1,Z6,No
ORD-2426,12:41,Wednesday,2,421,10,High,2,3,2.7,Moderate,Clear,Dense Urban,Experienced,Yes,26,36,Z4,Z5,No
ORD-2427,20:33,Sunday,8,1062,20,High,7,7,3.6,Moderate,Rain,Urban,Moderate,Yes,50,45,Z2,Z4,No
ORD-2428,13:12,Saturday,2,257,17,Moderate,2,6,0.7,Heavy,Clear,Urban,Moderate,Yes,31,25,Z4,Z5,No
ORD-2429,19:47,Tuesday,2,261,22,Very High,3,4,5.2,Heavy,Clear,Suburban,Moderate,Yes,50,46,Z1,Z3,No
ORD-2430,17:23,Monday,1,153,16,High,5,3,2.7,Low,Clear,Dense Urban,Moderate,No,35,32,Z3,Z7,No
ORD-2431,12:13,Wednesday,4,511,16,Very High,3,3,2.8,Low,Clear,Suburban,New,Yes,46,37,Z6,Z4,Yes
ORD-2432,22:50,Sunday,3,320,13,Low,3,8,1.2,Low,Rain,Urban,Experienced,No,31,23,Z3,Z8,No
ORD-2433,15:34,Sunday,3,307,21,High,2,4,2.0,Severe,Clear,Dense Urban,Experienced,No,42,29,Z2,Z2,No
ORD-2434,20:08,Friday,4,866,19,Very High,2,5,4.0,Moderate,Clear,Urban,Moderate,Yes,40,45,Z5,Z4,No
ORD-2435,10:02,Tuesday,3,449,15,Moderate,3,4,1.5,Heavy,Clear,Urban,New,No,31,29,Z4,Z6,No
ORD-2436,21:44,Thursday,2,656,12,Low,4,2,3.0,Moderate,Clear,Urban,Moderate,Yes,30,56,Z2,Z2,No
ORD-2437,20:41,Sunday,3,413,15,High,5,2,1.6,Moderate,Clear,Dense Urban,Experienced,Yes,32,48,Z3,Z6,No
ORD-2438,22:48,Friday,5,940,13,High,3,1,1.7,Moderate,Clear,Urban,Experienced,No,25,33,Z4,Z7,No
ORD-2439,12:29,Monday,2,369,12,High,7,8,2.7,Moderate,Clear,Dense Urban,New,Yes,60,33,Z4,Z3,No
ORD-2440,21:17,Friday,4,1001,17,Moderate,2,2,4.8,Moderate,Clear,Dense Urban,Experienced,Yes,41,44,Z1,Z6,No
ORD-2441,19:58,Sunday,4,909,11,Moderate,4,8,2.1,Heavy,Fog,Dense Urban,Experienced,Yes,36,38,Z3,Z5,No
ORD-2442,11:34,Monday,2,337,10,Moderate,3,2,2.9,Heavy,Hot,Dense Urban,Experienced,No,31,30,Z6,Z8,No
ORD-2443,20:30,Wednesday,2,224,8,Moderate,5,3,5.0,Heavy,Rain,Suburban,New,Yes,42,49,Z4,Z1,No
ORD-2444,12:59,Saturday,2,547,19,Very High,6,4,1.6,Heavy,Clear,Dense Urban,Experienced,Yes,41,28,Z1,Z7,No
ORD-2445,09:11,Saturday,1,334,10,Low,22,3,3.3,Low,Rain,Urban,Experienced,No,47,29,Z2,Z2,No
ORD-2446,13:13,Sunday,2,373,13,Moderate,7,2,6.5,Severe,Clear,Suburban,Experienced,Yes,62,54,Z4,Z2,Yes
ORD-2447,20:11,Tuesday,3,524,13,High,12,4,1.6,Moderate,Clear,Dense Urban,Moderate,Yes,40,32,Z7,Z8,No
ORD-2448,21:18,Friday,3,355,14,Moderate,1,3,6.8,Low,Clear,Suburban,Experienced,Yes,34,53,Z2,Z1,No
ORD-2449,20:00,Friday,3,623,20,High,2,10,2.7,Moderate,Rain,Urban,Experienced,Yes,61,33,Z4,Z3,No
ORD-2450,20:57,Friday,4,658,9,Moderate,7,6,3.3,Moderate,Hot,Suburban,Moderate,Yes,33,39,Z1,Z2,No
ORD-2451,14:16,Tuesday,2,330,27,Very High,10,5,4.4,Low,Clear,Suburban,New,Yes,55,44,Z3,Z3,No
ORD-2452,12:09,Saturday,3,533,27,High,2,3,6.7,Severe,Rain,Urban,Experienced,Yes,72,61,Z6,Z7,Yes
ORD-2453,13:17,Sunday,2,357,20,Moderate,4,3,3.7,Heavy,Clear,Urban,Moderate,Yes,45,39,Z1,Z1,No
ORD-2454,21:43,Wednesday,2,438,10,Moderate,4,4,3.1,Low,Cold,Urban,Moderate,Yes,45,38,Z4,Z1,No
ORD-2455,21:56,Sunday,2,313,15,High,2,2,2.2,Moderate,Clear,Suburban,New,Yes,33,33,Z1,Z8,Yes
ORD-2456,16:20,Friday,2,301,10,Low,5,4,3.4,Low,Hot,Dense Urban,Moderate,No,33,34,Z2,Z5,No
ORD-2457,21:12,Saturday,9,1516,29,High,2,2,8.1,Moderate,Clear,Urban,Experienced,Yes,59,84,Z8,Z6,Yes
ORD-2458,21:05,Saturday,4,882,14,Moderate,5,4,3.5,Moderate,Rain,Dense Urban,Moderate,Yes,41,36,Z2,Z3,No
ORD-2459,18:20,Saturday,3,844,21,Moderate,1,4,4.6,Low,Fog,Urban,New,No,43,42,Z7,Z7,No
ORD-2460,13:30,Sunday,4,636,16,High,12,5,1.9,Low,Fog,Suburban,Moderate,Yes,41,38,Z1,Z3,No
ORD-2461,19:00,Friday,3,302,18,High,6,6,2.2,Heavy,Rain,Urban,Moderate,Yes,43,39,Z7,Z8,No
ORD-2462,12:12,Tuesday,4,644,30,Moderate,4,5,6.9,Severe,Hot,Dense Urban,Experienced,Yes,98,77,Z8,Z5,No
ORD-2463,13:25,Wednesday,1,291,20,Moderate,1,2,1.9,Severe,Clear,Dense Urban,Experienced,Yes,39,28,Z4,Z7,No
ORD-2464,16:37,Tuesday,1,167,4,Low,1,7,3.3,Heavy,Clear,Urban,Experienced,No,27,33,Z7,Z4,No
ORD-2465,20:26,Monday,3,288,14,High,2,19,9.2,Low,Clear,Suburban,Experienced,Yes,55,59,Z5,Z7,No
ORD-2466,13:43,Sunday,1,275,6,Moderate,2,4,9.0,Low,Clear,Suburban,Experienced,Yes,31,51,Z8,Z8,No
ORD-2467,12:30,Friday,2,372,14,High,1,2,1.1,Heavy,Fog,Urban,New,Yes,26,31,Z3,Z8,No
ORD-2468,20:24,Wednesday,2,248,20,Very High,4,2,1.7,Heavy,Rain,Dense Urban,Moderate,Yes,39,32,Z8,Z1,No
ORD-2469,19:40,Wednesday,3,532,16,High,3,2,4.1,Moderate,Clear,Urban,Moderate,Yes,35,38,Z1,Z1,No
ORD-2470,13:14,Tuesday,2,429,7,Low,1,12,2.4,Moderate,Clear,Urban,Moderate,Yes,30,31,Z5,Z1,No
ORD-2471,19:44,Sunday,6,890,38,High,3,5,1.6,Heavy,Rain,Dense Urban,Experienced,Yes,59,38,Z5,Z4,No
ORD-2472,13:14,Sunday,10,1443,22,Low,5,2,6.0,Moderate,Cold,Urban,New,Yes,49,60,Z1,Z4,No
ORD-2473,11:47,Thursday,4,286,13,Moderate,1,2,5.8,Moderate,Clear,Dense Urban,Experienced,No,35,45,Z7,Z8,No
ORD-2474,20:31,Sunday,4,814,18,Moderate,5,5,2.4,Moderate,Clear,Dense Urban,New,Yes,42,37,Z7,Z3,No
ORD-2475,21:52,Monday,2,295,9,High,2,2,1.7,Moderate,Rain,Urban,Moderate,Yes,22,26,Z3,Z2,No
ORD-2476,19:44,Saturday,1,153,10,Moderate,1,2,3.9,Moderate,Rain,Suburban,Moderate,Yes,30,34,Z7,Z2,No
ORD-2477,20:09,Wednesday,2,197,11,Low,9,3,4.3,Low,Clear,Urban,Moderate,Yes,34,43,Z6,Z4,No
ORD-2478,23:18,Sunday,4,847,32,Very High,3,6,3.3,Moderate,Clear,Urban,Moderate,No,55,41,Z7,Z2,No
ORD-2479,10:11,Monday,1,256,16,Very High,1,7,8.0,Low,Hot,Dense Urban,Moderate,No,50,54,Z6,Z4,No
ORD-2480,11:32,Thursday,1,247,6,High,1,3,3.3,Heavy,Clear,Urban,Experienced,No,24,33,Z5,Z5,No
ORD-2481,21:40,Saturday,5,831,34,Very High,4,6,1.6,Heavy,Clear,Dense Urban,Experienced,Yes,58,34,Z8,Z5,Yes
ORD-2482,13:04,Tuesday,2,374,14,High,2,6,4.6,Low,Rain,Dense Urban,Experienced,Yes,40,43,Z4,Z8,No
ORD-2483,13:03,Saturday,4,331,22,Very High,12,10,0.4,Heavy,Hot,Suburban,Moderate,Yes,49,29,Z5,Z8,No
ORD-2484,11:33,Saturday,2,244,14,Moderate,8,1,2.3,Moderate,Clear,Dense Urban,Moderate,No,36,32,Z3,Z6,No
ORD-2485,13:33,Sunday,5,962,26,High,4,7,1.4,Heavy,Clear,Dense Urban,Experienced,Yes,48,40,Z8,Z4,No
ORD-2486,10:58,Sunday,6,1368,12,Moderate,1,2,5.4,Low,Rain,Suburban,Moderate,No,32,49,Z4,Z1,No
ORD-2487,19:34,Tuesday,3,803,10,Moderate,5,15,2.7,Heavy,Clear,Dense Urban,Experienced,Yes,45,32,Z7,Z6,No
ORD-2488,17:00,Tuesday,3,528,10,Low,4,3,1.6,Low,Cold,Urban,Experienced,No,24,34,Z4,Z3,No
ORD-2489,22:19,Wednesday,6,1655,26,Moderate,2,5,4.8,Severe,Clear,Urban,Moderate,Yes,59,54,Z5,Z2,No
ORD-2490,22:44,Friday,2,274,11,Moderate,10,3,3.7,Low,Hot,Suburban,Experienced,No,36,35,Z8,Z7,No
ORD-2491,18:49,Saturday,3,575,14,High,3,3,10.5,Moderate,Clear,Suburban,Experienced,No,47,64,Z6,Z4,No
ORD-2492,19:37,Sunday,1,276,20,Very High,5,9,3.0,Moderate,Rain,Urban,Moderate,Yes,50,33,Z5,Z6,Yes
ORD-2493,12:02,Sunday,4,659,12,Moderate,3,3,3.3,Heavy,Clear,Dense Urban,Experienced,Yes,36,37,Z7,Z4,No
ORD-2494,21:35,Wednesday,3,381,23,High,9,2,4.7,Heavy,Clear,Suburban,Moderate,Yes,57,45,Z7,Z1,Yes
ORD-2495,14:21,Friday,6,788,15,High,10,3,2.1,Heavy,Cold,Urban,Moderate,Yes,53,63,Z2,Z7,No
ORD-2496,13:04,Sunday,3,585,10,High,2,6,6.6,Moderate,Hot,Suburban,Experienced,Yes,35,51,Z1,Z7,No
ORD-2497,12:36,Friday,4,862,25,High,3,5,6.4,Heavy,Clear,Suburban,Moderate,Yes,59,64,Z1,Z1,No
ORD-2498,19:35,Saturday,6,1223,15,High,4,3,6.5,Moderate,Clear,Urban,Moderate,Yes,41,52,Z4,Z7,No
ORD-2499,23:29,Saturday,4,374,13,Moderate,5,6,0.9,Moderate,Clear,Urban,Moderate,No,31,24,Z8,Z2,No
ORD-2500,18:56,Tuesday,2,190,19,High,5,12,7.2,Moderate,Clear,Urban,Moderate,No,64,54,Z5,Z6,Yes
ORD-2501,17:46,Saturday,4,569,12,Low,8,8,1.5,Moderate,Rain,Urban,New,No,37,32,Z1,Z3,No
ORD-2502,12:50,Wednesday,2,279,22,High,2,3,3.5,Severe,Clear,Urban,New,Yes,44,37,Z6,Z8,No
ORD-2503,10:55,Friday,2,357,9,Low,10,1,11.9,Low,Hot,Suburban,Experienced,No,46,67,Z4,Z7,No
ORD-2504,19:45,Sunday,2,465,14,Very High,6,6,4.6,Severe,Clear,Dense Urban,Experienced,Yes,54,61,Z3,Z3,No
ORD-2505,14:27,Wednesday,3,671,22,High,9,3,2.8,Low,Clear,Urban,Moderate,Yes,44,36,Z8,Z4,No
ORD-2506,14:20,Sunday,4,562,20,High,6,3,3.2,Heavy,Clear,Urban,New,Yes,47,39,Z5,Z2,No
ORD-2507,11:55,Saturday,4,695,14,Moderate,6,2,1.9,Moderate,Hot,Suburban,Moderate,No,43,35,Z4,Z2,No
ORD-2508,19:06,Monday,2,479,11,Moderate,1,8,2.0,Moderate,Clear,Urban,Experienced,Yes,29,31,Z2,Z3,No
ORD-2509,12:38,Tuesday,2,476,11,Very High,5,3,1.0,Moderate,Clear,Dense Urban,New,Yes,28,28,Z1,Z6,No
ORD-2510,11:48,Friday,1,197,14,Very High,1,9,1.4,Moderate,Fog,Urban,Moderate,No,33,25,Z6,Z8,No
ORD-2511,21:21,Saturday,3,716,14,Moderate,5,7,3.3,Heavy,Rain,Urban,Moderate,Yes,43,38,Z6,Z5,No
ORD-2512,20:43,Sunday,4,729,43,Very High,5,4,1.6,Low,Clear,Suburban,Moderate,Yes,59,36,Z8,Z4,No
ORD-2513,20:18,Thursday,5,1352,24,Very High,3,2,1.4,Moderate,Clear,Urban,Moderate,Yes,40,33,Z7,Z1,Yes
ORD-2514,20:36,Thursday,3,277,9,Low,1,5,3.0,Heavy,Clear,Dense Urban,Experienced,Yes,31,36,Z1,Z2,No
ORD-2515,23:09,Sunday,3,299,17,Moderate,3,7,7.8,Moderate,Rain,Dense Urban,Moderate,No,66,50,Z2,Z4,No
ORD-2516,19:35,Monday,4,646,36,Very High,4,3,2.8,Moderate,Clear,Dense Urban,New,Yes,73,36,Z7,Z6,No
ORD-2517,21:15,Friday,4,816,12,Moderate,7,4,0.5,Severe,Fog,Dense Urban,Moderate,Yes,32,32,Z7,Z4,No
ORD-2518,21:01,Saturday,2,343,11,High,4,2,1.3,Severe,Cold,Dense Urban,Moderate,Yes,29,28,Z3,Z2,No
ORD-2519,13:25,Wednesday,1,219,11,Very High,16,4,0.8,Severe,Rain,Suburban,Moderate,Yes,39,40,Z8,Z1,No
ORD-2520,12:11,Sunday,3,353,13,Moderate,1,3,3.9,Moderate,Fog,Suburban,Experienced,Yes,35,38,Z1,Z4,Yes
ORD-2521,12:29,Saturday,3,826,15,High,3,5,2.3,Moderate,Clear,Dense Urban,Experienced,Yes,35,42,Z1,Z8,No
ORD-2522,16:11,Tuesday,3,972,14,Low,4,3,1.7,Moderate,Rain,Urban,Moderate,No,30,31,Z5,Z8,No
ORD-2523,19:43,Saturday,3,707,24,High,10,3,2.0,Low,Clear,Suburban,Moderate,Yes,44,38,Z1,Z4,No
ORD-2524,20:35,Friday,3,615,16,High,7,3,6.7,Heavy,Clear,Dense Urban,Moderate,Yes,60,56,Z1,Z5,No
ORD-2525,13:13,Monday,2,1001,13,Moderate,7,6,2.6,Moderate,Clear,Suburban,Moderate,Yes,40,32,Z4,Z4,Yes
ORD-2526,19:31,Wednesday,3,448,11,Moderate,9,6,0.8,Moderate,Clear,Urban,New,Yes,32,28,Z6,Z8,No
ORD-2527,10:44,Monday,1,219,9,Moderate,4,2,4.9,Low,Clear,Urban,New,No,30,38,Z6,Z7,No
ORD-2528,19:58,Tuesday,4,706,21,Very High,7,5,4.4,Heavy,Clear,Urban,New,Yes,54,44,Z4,Z1,No
ORD-2529,13:45,Saturday,2,396,13,High,22,3,7.1,Moderate,Clear,Urban,New,Yes,81,53,Z6,Z4,No
ORD-2530,22:22,Thursday,3,465,19,High,8,3,3.5,Moderate,Rain,Dense Urban,Experienced,Yes,50,40,Z8,Z1,Yes
ORD-2531,19:38,Tuesday,6,1298,9,Moderate,4,4,3.0,Moderate,Clear,Suburban,Moderate,Yes,28,37,Z6,Z4,No
ORD-2532,20:47,Friday,2,362,20,Very High,5,12,4.5,Heavy,Hot,Suburban,Moderate,Yes,55,46,Z2,Z6,No
ORD-2533,19:51,Monday,3,565,22,Very High,13,6,4.1,Low,Fog,Suburban,New,Yes,55,47,Z5,Z3,No
ORD-2534,12:21,Tuesday,4,940,9,Low,2,4,1.0,Moderate,Cold,Dense Urban,Moderate,Yes,24,48,Z4,Z8,No
ORD-2535,10:50,Saturday,4,1197,19,High,2,1,3.6,Low,Hot,Urban,Moderate,No,34,38,Z4,Z2,No
ORD-2536,21:31,Thursday,2,332,14,High,7,1,7.2,Moderate,Clear,Urban,Experienced,Yes,39,53,Z8,Z5,No
ORD-2537,19:50,Monday,4,817,21,Very High,5,4,1.8,Severe,Clear,Dense Urban,New,Yes,45,36,Z4,Z7,No
ORD-2538,21:58,Tuesday,2,441,19,Very High,2,4,8.5,Moderate,Rain,Urban,Moderate,Yes,57,63,Z5,Z6,No
ORD-2539,11:01,Thursday,6,1089,17,High,3,1,3.8,Low,Clear,Dense Urban,Experienced,No,38,41,Z7,Z8,Yes
ORD-2540,13:06,Thursday,5,1590,18,High,2,10,1.9,Heavy,Hot,Urban,Experienced,Yes,40,37,Z2,Z1,No
ORD-2541,12:28,Saturday,2,475,9,Low,2,3,4.0,Moderate,Clear,Urban,Moderate,Yes,29,60,Z7,Z2,No
ORD-2542,13:32,Saturday,2,307,11,Moderate,1,3,4.5,Heavy,Clear,Urban,New,Yes,35,44,Z4,Z8,No
ORD-2543,14:41,Thursday,4,550,17,Moderate,5,2,3.3,Moderate,Clear,Urban,Experienced,No,35,38,Z5,Z1,No
ORD-2544,20:12,Sunday,3,397,10,Moderate,2,3,4.2,Moderate,Cold,Urban,Experienced,Yes,28,37,Z5,Z6,No
ORD-2545,18:45,Thursday,2,656,13,Low,5,1,2.0,Heavy,Clear,Dense Urban,Experienced,No,31,30,Z4,Z8,No
ORD-2546,20:26,Wednesday,2,510,10,Moderate,10,5,1.2,Low,Clear,Dense Urban,New,Yes,34,25,Z4,Z7,No
ORD-2547,16:09,Monday,5,1084,8,Low,8,4,4.8,Moderate,Clear,Dense Urban,Moderate,No,42,63,Z5,Z4,No
ORD-2548,13:09,Friday,2,361,11,Moderate,2,4,6.9,Moderate,Clear,Urban,Experienced,Yes,41,47,Z3,Z6,Yes
ORD-2549,13:22,Friday,5,630,11,Moderate,8,2,1.8,Severe,Clear,Dense Urban,New,Yes,36,33,Z1,Z5,No
ORD-2550,12:02,Saturday,6,1396,33,Very High,2,5,1.4,Severe,Clear,Urban,Moderate,Yes,50,32,Z6,Z7,No
ORD-2551,21:26,Saturday,4,704,25,High,1,6,0.9,Heavy,Hot,Dense Urban,New,Yes,44,33,Z3,Z2,No
ORD-2552,19:50,Saturday,2,290,14,Moderate,4,3,1.6,Heavy,Rain,Urban,Moderate,Yes,32,44,Z4,Z2,No
ORD-2553,12:23,Sunday,4,776,9,Low,12,3,2.4,Low,Clear,Suburban,New,Yes,32,42,Z1,Z4,No
ORD-2554,19:52,Friday,2,304,11,Low,1,5,6.0,Moderate,Hot,Suburban,Experienced,Yes,32,48,Z2,Z3,No
ORD-2555,12:31,Sunday,2,587,10,Low,4,3,15.5,Severe,Clear,Urban,New,Yes,85,91,Z2,Z5,No
ORD-2556,09:05,Saturday,3,243,13,Low,1,5,5.9,Moderate,Rain,Urban,Experienced,No,40,43,Z6,Z1,No
ORD-2557,21:17,Tuesday,3,645,12,Moderate,2,6,3.6,Moderate,Cold,Urban,Experienced,Yes,31,39,Z3,Z2,No
ORD-2558,21:31,Thursday,1,287,10,Very High,1,2,2.7,Moderate,Clear,Dense Urban,Experienced,Yes,33,31,Z8,Z1,No
ORD-2559,14:16,Saturday,1,148,8,Low,1,2,2.5,Heavy,Clear,Urban,Experienced,Yes,22,35,Z5,Z1,No
ORD-2560,20:01,Tuesday,2,498,18,Very High,8,2,2.5,Moderate,Clear,Suburban,Moderate,Yes,37,31,Z1,Z4,No
ORD-2561,14:09,Sunday,1,176,11,Moderate,2,3,4.0,Heavy,Clear,Urban,Moderate,Yes,33,36,Z2,Z5,No
ORD-2562,21:14,Saturday,4,898,13,Moderate,2,2,7.5,Moderate,Clear,Urban,Moderate,Yes,46,58,Z6,Z5,Yes
ORD-2563,20:31,Friday,1,241,12,Moderate,10,10,2.3,Heavy,Rain,Suburban,New,Yes,46,36,Z5,Z3,No
ORD-2564,23:14,Tuesday,2,404,13,High,6,5,3.3,Low,Clear,Dense Urban,Moderate,No,37,35,Z7,Z6,No
ORD-2565,22:33,Friday,4,352,18,Moderate,4,4,1.8,Low,Clear,Urban,Experienced,No,36,34,Z7,Z5,Yes
ORD-2566,20:26,Sunday,5,1283,17,High,1,5,1.5,Low,Hot,Dense Urban,Moderate,Yes,33,34,Z8,Z7,No
ORD-2567,09:43,Saturday,3,446,28,High,1,2,1.9,Moderate,Clear,Dense Urban,Moderate,No,42,37,Z6,Z5,No
ORD-2568,20:21,Wednesday,5,695,29,Very High,6,6,1.2,Heavy,Clear,Urban,New,Yes,49,37,Z4,Z5,No
ORD-2569,13:29,Sunday,2,319,16,High,6,11,2.0,Heavy,Clear,Urban,Moderate,Yes,42,30,Z3,Z5,No
ORD-2570,22:14,Friday,4,1863,20,High,6,3,11.3,Severe,Hot,Suburban,Experienced,Yes,70,85,Z3,Z7,No
ORD-2571,17:59,Sunday,3,500,18,Moderate,1,3,1.3,Low,Clear,Urban,Moderate,No,32,29,Z7,Z5,Yes
ORD-2572,09:27,Saturday,3,430,13,Moderate,2,5,0.4,Moderate,Clear,Dense Urban,Experienced,No,27,22,Z6,Z3,No
ORD-2573,21:26,Sunday,2,396,16,High,3,2,3.3,Heavy,Rain,Suburban,Moderate,Yes,42,36,Z5,Z6,Yes
ORD-2574,11:58,Wednesday,3,612,24,Very High,3,4,5.7,Moderate,Clear,Suburban,Experienced,No,49,45,Z3,Z8,No
ORD-2575,13:43,Monday,2,378,23,Very High,2,5,5.3,Moderate,Clear,Suburban,Experienced,Yes,45,48,Z3,Z5,No
ORD-2576,20:20,Sunday,1,230,4,Moderate,1,2,7.1,Moderate,Clear,Urban,Experienced,Yes,42,44,Z4,Z4,No
ORD-2577,18:41,Friday,4,429,16,Moderate,3,1,3.7,Low,Clear,Urban,Experienced,No,30,34,Z1,Z8,No
ORD-2578,11:47,Wednesday,7,1374,23,High,7,11,4.0,Moderate,Rain,Dense Urban,Experienced,No,60,46,Z3,Z1,No
ORD-2579,12:43,Wednesday,6,709,20,High,2,6,3.0,Severe,Cold,Dense Urban,Moderate,Yes,48,48,Z4,Z5,No
ORD-2580,13:54,Friday,4,807,10,Moderate,11,2,2.3,Heavy,Clear,Urban,Moderate,Yes,55,36,Z5,Z6,No
ORD-2581,15:18,Sunday,5,930,17,Moderate,1,4,2.7,Severe,Clear,Dense Urban,Moderate,No,37,36,Z3,Z4,No
ORD-2582,21:47,Tuesday,4,772,25,High,4,1,2.0,Heavy,Rain,Dense Urban,Experienced,Yes,43,37,Z6,Z3,No
ORD-2583,14:29,Sunday,1,275,11,Moderate,4,3,9.2,Heavy,Clear,Suburban,Moderate,Yes,46,85,Z6,Z1,No
ORD-2584,22:36,Thursday,6,1095,14,Low,4,9,5.4,Moderate,Clear,Urban,Experienced,No,43,49,Z2,Z4,No
ORD-2585,14:04,Sunday,3,1087,11,Moderate,1,4,5.5,Heavy,Clear,Urban,Moderate,Yes,43,46,Z8,Z8,No
ORD-2586,12:06,Wednesday,3,386,13,High,2,4,3.6,Low,Clear,Urban,Moderate,Yes,30,44,Z5,Z8,No
ORD-2587,13:25,Saturday,1,161,13,High,2,10,3.7,Moderate,Clear,Urban,Moderate,Yes,42,35,Z3,Z1,Yes
ORD-2588,12:47,Friday,3,597,10,Moderate,6,5,0.9,Severe,Clear,Urban,Experienced,Yes,29,25,Z8,Z3,No
ORD-2589,18:55,Sunday,1,236,12,High,6,6,1.5,Heavy,Fog,Urban,Moderate,No,34,30,Z6,Z3,No
ORD-2590,20:36,Sunday,1,158,12,Very High,6,2,1.8,Heavy,Hot,Urban,Moderate,Yes,33,26,Z6,Z8,Yes
ORD-2591,23:12,Saturday,3,672,7,Moderate,4,6,0.6,Moderate,Clear,Urban,New,No,22,21,Z6,Z6,No
ORD-2592,13:34,Saturday,5,774,62,Very High,2,3,6.2,Heavy,Clear,Urban,New,Yes,96,53,Z2,Z7,Yes
ORD-2593,12:00,Wednesday,3,1239,21,High,1,5,1.0,Heavy,Hot,Dense Urban,Experienced,Yes,56,26,Z4,Z7,No
ORD-2594,14:50,Tuesday,3,517,25,High,2,7,5.7,Moderate,Rain,Urban,Experienced,No,53,43,Z1,Z3,No
ORD-2595,13:23,Saturday,1,343,10,High,5,6,4.6,Moderate,Clear,Suburban,Moderate,Yes,36,42,Z2,Z8,No
ORD-2596,21:37,Tuesday,2,331,15,High,4,2,2.8,Moderate,Clear,Urban,Experienced,Yes,31,38,Z7,Z5,No
ORD-2597,20:27,Tuesday,5,1414,14,Moderate,2,2,7.7,Heavy,Clear,Dense Urban,Moderate,Yes,59,56,Z2,Z6,No
ORD-2598,12:45,Friday,2,592,9,Moderate,4,3,3.1,Moderate,Clear,Urban,Moderate,Yes,49,32,Z6,Z2,No
ORD-2599,10:29,Monday,2,419,8,Low,8,3,3.9,Moderate,Clear,Urban,Experienced,No,37,58,Z4,Z2,No
ORD-2600,15:31,Monday,4,483,15,Low,31,5,11.9,Low,Fog,Suburban,Moderate,No,82,69,Z2,Z1,Yes
ORD-2601,19:23,Saturday,2,421,16,Very High,3,3,1.9,Severe,Hot,Dense Urban,Experienced,Yes,38,29,Z2,Z2,No
ORD-2602,12:35,Thursday,3,635,13,Moderate,3,2,1.3,Heavy,Fog,Suburban,Moderate,Yes,26,34,Z7,Z8,No
ORD-2603,12:58,Tuesday,1,174,13,High,2,3,3.8,Severe,Clear,Urban,New,Yes,41,47,Z1,Z5,No
ORD-2604,20:22,Friday,1,183,11,Moderate,14,4,2.0,Heavy,Cold,Urban,Experienced,Yes,57,32,Z7,Z1,No
ORD-2605,20:52,Saturday,6,1168,29,Very High,3,1,3.0,Heavy,Clear,Urban,Moderate,Yes,45,43,Z7,Z3,No
ORD-2606,13:06,Thursday,1,265,10,Moderate,2,8,2.8,Heavy,Fog,Urban,Experienced,Yes,36,34,Z4,Z1,Yes
ORD-2607,22:20,Tuesday,3,352,19,High,3,3,1.8,Heavy,Clear,Dense Urban,Experienced,Yes,40,35,Z5,Z5,Yes
ORD-2608,22:53,Tuesday,3,442,10,Low,4,2,7.8,Moderate,Cold,Urban,Experienced,No,41,48,Z8,Z3,No
ORD-2609,12:35,Saturday,2,633,30,Very High,5,5,3.7,Moderate,Hot,Dense Urban,New,Yes,61,36,Z3,Z5,No
ORD-2610,21:33,Tuesday,4,954,20,High,1,2,4.2,Moderate,Hot,Urban,Moderate,Yes,41,45,Z5,Z6,Yes
ORD-2611,22:16,Sunday,2,226,19,Moderate,2,4,4.6,Heavy,Clear,Urban,Experienced,Yes,41,46,Z8,Z2,No
ORD-2612,20:10,Sunday,3,389,9,Moderate,3,2,4.8,Heavy,Clear,Urban,Moderate,Yes,35,39,Z4,Z1,No
ORD-2613,21:41,Wednesday,2,387,16,High,1,7,3.4,Heavy,Cold,Dense Urban,New,Yes,45,43,Z8,Z3,Yes
ORD-2614,20:52,Wednesday,6,977,15,Moderate,5,7,5.3,Heavy,Clear,Urban,Experienced,Yes,46,54,Z4,Z2,No
ORD-2615,12:48,Sunday,5,701,17,Moderate,10,1,2.7,Heavy,Clear,Urban,Experienced,Yes,39,35,Z1,Z5,No
ORD-2616,14:46,Sunday,4,1180,20,Very High,1,5,3.0,Moderate,Clear,Dense Urban,Experienced,No,42,40,Z7,Z7,No
ORD-2617,19:41,Sunday,3,832,21,Very High,3,2,2.3,Moderate,Clear,Urban,Moderate,Yes,35,32,Z2,Z7,No
ORD-2618,21:44,Saturday,4,1162,13,Low,1,3,6.8,Low,Clear,Urban,Experienced,Yes,35,51,Z3,Z5,No
ORD-2619,20:31,Friday,2,560,16,High,5,3,5.2,Moderate,Rain,Suburban,New,Yes,43,40,Z5,Z7,No
ORD-2620,14:42,Wednesday,1,161,13,High,5,5,3.7,Moderate,Clear,Suburban,Experienced,No,36,32,Z1,Z8,No
ORD-2621,12:21,Tuesday,8,1787,23,High,7,4,4.8,Severe,Clear,Urban,Experienced,Yes,57,56,Z5,Z5,No
ORD-2622,13:19,Saturday,8,1021,19,Moderate,10,1,13.2,Low,Hot,Suburban,Experienced,Yes,56,83,Z4,Z7,No
ORD-2623,22:59,Saturday,2,255,20,High,2,6,4.6,Low,Clear,Dense Urban,New,No,46,39,Z1,Z4,No
ORD-2624,22:55,Saturday,3,385,19,Moderate,8,4,2.1,Moderate,Clear,Dense Urban,Experienced,No,44,27,Z6,Z6,No
ORD-2625,12:19,Wednesday,4,529,16,High,7,9,4.9,Heavy,Rain,Urban,Moderate,Yes,55,52,Z7,Z1,No
ORD-2626,20:09,Saturday,3,427,14,Moderate,1,2,3.2,Heavy,Clear,Dense Urban,Moderate,Yes,56,40,Z3,Z6,No
ORD-2627,12:49,Saturday,4,911,25,High,2,1,4.6,Severe,Rain,Urban,Experienced,Yes,54,69,Z1,Z7,No
ORD-2628,13:12,Thursday,4,431,19,Very High,2,2,3.6,Severe,Hot,Dense Urban,Moderate,Yes,51,45,Z2,Z1,No
ORD-2629,13:21,Monday,4,412,25,High,8,2,2.7,Moderate,Rain,Dense Urban,New,Yes,51,37,Z7,Z8,No
ORD-2630,18:36,Sunday,2,363,6,Low,3,3,4.8,Heavy,Clear,Dense Urban,Experienced,No,34,38,Z3,Z1,No
ORD-2631,13:46,Friday,3,285,11,High,2,3,2.2,Moderate,Cold,Urban,New,Yes,27,31,Z7,Z3,No
ORD-2632,20:42,Friday,2,297,10,Moderate,2,5,3.2,Severe,Clear,Urban,Experienced,Yes,46,35,Z5,Z7,No
ORD-2633,15:12,Monday,5,722,21,Moderate,5,5,4.8,Moderate,Fog,Suburban,Experienced,No,50,47,Z6,Z7,Yes
ORD-2634,21:35,Friday,3,355,14,High,5,4,6.9,Low,Clear,Suburban,New,Yes,40,52,Z7,Z3,No
ORD-2635,11:21,Friday,3,482,15,Low,2,5,0.8,Heavy,Clear,Urban,Moderate,No,29,23,Z5,Z1,No
ORD-2636,19:22,Thursday,4,679,12,High,22,5,1.1,Heavy,Rain,Suburban,Moderate,Yes,47,34,Z6,Z7,No
ORD-2637,09:20,Saturday,5,788,25,High,3,8,4.3,Low,Clear,Urban,Moderate,No,62,44,Z4,Z5,No
ORD-2638,12:59,Sunday,1,139,6,Moderate,2,4,3.1,Moderate,Rain,Dense Urban,Experienced,Yes,26,35,Z3,Z8,No
ORD-2639,12:43,Sunday,2,284,12,Moderate,9,5,3.0,Moderate,Hot,Dense Urban,New,Yes,62,46,Z5,Z6,No
ORD-2640,13:48,Monday,2,614,7,Moderate,1,1,0.9,Heavy,Fog,Urban,Experienced,Yes,16,30,Z5,Z3,No
ORD-2641,20:18,Monday,3,629,14,High,4,7,5.8,Moderate,Clear,Urban,New,Yes,43,65,Z2,Z8,No
ORD-2642,13:55,Wednesday,2,183,15,Moderate,4,4,2.9,Moderate,Clear,Dense Urban,Experienced,Yes,39,35,Z4,Z5,Yes
ORD-2643,20:04,Saturday,3,713,13,Moderate,4,5,3.8,Moderate,Clear,Urban,Experienced,Yes,33,38,Z6,Z2,No
ORD-2644,21:21,Tuesday,4,778,37,Very High,9,3,3.3,Heavy,Clear,Urban,Moderate,Yes,65,44,Z3,Z2,Yes
ORD-2645,17:49,Tuesday,4,799,16,Low,5,2,2.9,Low,Clear,Urban,Moderate,No,36,31,Z5,Z3,Yes
ORD-2646,21:19,Wednesday,3,409,16,High,1,9,2.1,Moderate,Clear,Urban,New,Yes,36,37,Z4,Z3,No
ORD-2647,21:16,Friday,3,567,24,High,1,3,5.1,Heavy,Cold,Dense Urban,Experienced,Yes,47,53,Z6,Z1,No
ORD-2648,13:41,Sunday,2,457,13,Moderate,10,1,4.3,Moderate,Hot,Urban,Experienced,Yes,39,39,Z3,Z7,No
ORD-2649,20:29,Friday,5,788,11,Moderate,4,2,3.4,Moderate,Rain,Dense Urban,Experienced,Yes,33,42,Z8,Z4,No
ORD-2650,14:02,Friday,1,177,23,Very High,3,2,0.4,Moderate,Clear,Dense Urban,Experienced,Yes,35,26,Z2,Z1,No
ORD-2651,18:39,Friday,2,354,10,Low,1,2,3.2,Moderate,Rain,Dense Urban,Experienced,No,29,38,Z3,Z1,No
ORD-2652,13:42,Friday,3,777,23,High,1,4,3.3,Heavy,Clear,Urban,Moderate,Yes,45,40,Z5,Z4,No
ORD-2653,16:26,Saturday,2,597,12,High,3,4,5.9,Moderate,Clear,Suburban,Moderate,No,39,41,Z7,Z7,No
ORD-2654,20:35,Thursday,4,479,18,Moderate,9,1,4.2,Moderate,Rain,Urban,Experienced,Yes,47,40,Z4,Z8,No
ORD-2655,12:41,Friday,3,924,19,High,3,2,7.2,Moderate,Rain,Urban,Experienced,Yes,52,51,Z7,Z6,No
ORD-2656,20:51,Saturday,5,487,19,Moderate,3,4,4.4,Heavy,Clear,Suburban,Experienced,Yes,40,42,Z5,Z5,No
ORD-2657,20:26,Wednesday,3,636,21,Very High,3,7,5.1,Heavy,Hot,Suburban,Experienced,Yes,61,51,Z5,Z5,No
ORD-2658,20:39,Thursday,2,263,24,High,5,2,1.7,Moderate,Clear,Urban,New,Yes,53,31,Z8,Z5,No
ORD-2659,14:44,Monday,6,1503,30,High,7,4,7.2,Low,Rain,Suburban,Experienced,No,60,58,Z1,Z2,No
ORD-2660,14:08,Tuesday,2,411,7,Moderate,1,3,3.2,Heavy,Hot,Dense Urban,New,Yes,49,35,Z6,Z8,No
ORD-2661,18:02,Friday,1,265,8,Low,1,2,1.5,Moderate,Clear,Urban,New,No,19,29,Z6,Z1,No
ORD-2662,15:16,Sunday,3,775,13,Moderate,4,2,3.7,Moderate,Rain,Urban,Moderate,No,34,41,Z8,Z7,No
ORD-2663,21:38,Thursday,3,766,14,High,3,3,2.5,Severe,Rain,Dense Urban,Moderate,Yes,42,42,Z4,Z3,No
ORD-2664,12:50,Friday,4,600,14,High,4,5,4.7,Low,Hot,Suburban,Experienced,Yes,39,48,Z1,Z3,Yes
ORD-2665,19:16,Saturday,2,227,13,High,1,5,3.7,Heavy,Clear,Dense Urban,New,Yes,42,44,Z1,Z6,Yes
ORD-2666,13:56,Thursday,8,1652,26,High,17,5,3.4,Heavy,Rain,Urban,New,Yes,69,51,Z7,Z3,Yes
ORD-2667,12:39,Saturday,5,632,21,Moderate,3,2,1.3,Moderate,Cold,Urban,Experienced,Yes,33,28,Z1,Z6,No
ORD-2668,13:03,Tuesday,4,885,10,Moderate,5,2,1.4,Moderate,Clear,Urban,Moderate,Yes,25,48,Z1,Z4,No
ORD-2669,13:20,Tuesday,6,1021,28,High,4,5,4.9,Moderate,Hot,Urban,New,Yes,56,47,Z3,Z4,No
ORD-2670,21:16,Sunday,5,649,19,High,3,6,2.5,Severe,Clear,Dense Urban,Moderate,Yes,51,43,Z3,Z3,Yes
ORD-2671,20:20,Saturday,1,233,14,Very High,3,3,1.7,Heavy,Rain,Urban,Moderate,Yes,31,36,Z5,Z4,No
ORD-2672,13:07,Monday,2,390,18,High,8,5,1.9,Heavy,Clear,Dense Urban,Experienced,Yes,43,32,Z1,Z1,No
ORD-2673,17:16,Friday,2,513,12,Moderate,7,2,3.3,Moderate,Rain,Dense Urban,Experienced,No,45,38,Z1,Z8,Yes
ORD-2674,15:11,Sunday,2,437,29,High,2,9,1.2,Moderate,Clear,Dense Urban,Moderate,No,49,30,Z8,Z4,No
ORD-2675,13:28,Sunday,3,865,21,Very High,11,2,1.8,Low,Rain,Suburban,Experienced,Yes,42,30,Z2,Z1,No
ORD-2676,20:38,Sunday,3,436,12,Moderate,6,4,2.9,Moderate,Hot,Urban,New,Yes,36,39,Z2,Z2,No
ORD-2677,21:53,Thursday,3,601,15,High,10,3,1.7,Severe,Rain,Urban,Experienced,Yes,39,29,Z2,Z4,No
ORD-2678,12:23,Monday,3,1043,14,Moderate,6,1,2.1,Moderate,Hot,Dense Urban,Moderate,Yes,33,33,Z2,Z3,No
ORD-2679,22:02,Sunday,1,309,10,Moderate,6,3,3.8,Low,Clear,Suburban,New,Yes,32,32,Z6,Z2,No
ORD-2680,11:50,Sunday,3,865,10,Moderate,2,3,2.8,Moderate,Clear,Urban,Experienced,No,26,31,Z3,Z1,No
ORD-2681,21:08,Monday,3,301,16,High,4,3,3.9,Heavy,Clear,Suburban,Experienced,Yes,42,41,Z8,Z5,Yes
ORD-2682,21:14,Wednesday,4,619,10,Low,2,3,1.5,Severe,Clear,Urban,Experienced,Yes,41,36,Z8,Z6,No
ORD-2683,12:21,Wednesday,1,255,13,Very High,2,3,1.6,Heavy,Fog,Dense Urban,Moderate,Yes,31,30,Z7,Z5,No
ORD-2684,13:03,Wednesday,3,701,8,Low,8,5,2.3,Severe,Clear,Dense Urban,New,Yes,41,54,Z6,Z3,No
ORD-2685,21:59,Sunday,1,240,8,Moderate,8,2,0.4,Heavy,Hot,Dense Urban,Experienced,Yes,26,26,Z6,Z6,No
ORD-2686,19:58,Wednesday,2,370,23,Very High,4,7,7.5,Severe,Clear,Urban,Moderate,Yes,64,61,Z5,Z4,No
ORD-2687,20:41,Monday,4,1100,15,Moderate,2,3,4.2,Moderate,Clear,Suburban,Experienced,Yes,38,39,Z4,Z3,Yes
ORD-2688,19:45,Saturday,3,424,9,Moderate,2,3,3.7,Moderate,Clear,Dense Urban,New,Yes,40,36,Z6,Z7,No
ORD-2689,18:43,Friday,3,343,15,Low,7,5,2.3,Low,Clear,Suburban,Moderate,No,38,34,Z7,Z5,Yes
ORD-2690,13:35,Saturday,6,892,15,Moderate,21,4,4.7,Heavy,Clear,Urban,Moderate,Yes,60,48,Z4,Z3,No
ORD-2691,12:40,Saturday,3,494,15,High,8,9,4.3,Heavy,Clear,Suburban,Moderate,Yes,49,48,Z5,Z8,No
ORD-2692,14:16,Sunday,5,553,9,Moderate,6,2,9.3,Moderate,Clear,Suburban,Experienced,Yes,44,72,Z3,Z8,Yes
ORD-2693,16:02,Thursday,3,482,17,High,1,2,2.6,Low,Clear,Urban,Moderate,No,29,36,Z2,Z4,No
ORD-2694,13:02,Friday,2,343,13,High,2,3,3.1,Severe,Rain,Dense Urban,Experienced,Yes,43,42,Z8,Z1,No
ORD-2695,13:19,Sunday,4,1028,16,High,2,3,1.8,Low,Clear,Urban,Moderate,Yes,28,36,Z8,Z3,No
ORD-2696,20:44,Tuesday,2,214,5,Low,9,4,4.8,Moderate,Clear,Urban,Experienced,Yes,33,58,Z1,Z2,No
ORD-2697,19:58,Thursday,2,271,16,High,2,3,2.0,Moderate,Clear,Dense Urban,Experienced,Yes,33,39,Z3,Z1,No
ORD-2698,12:59,Sunday,4,1105,23,High,2,9,5.4,Severe,Clear,Dense Urban,Experienced,Yes,64,50,Z8,Z5,No
ORD-2699,13:22,Sunday,4,943,14,Very High,3,3,4.7,Heavy,Clear,Dense Urban,Moderate,Yes,42,46,Z8,Z2,No
ORD-2700,13:40,Saturday,1,221,12,Very High,2,2,2.4,Low,Hot,Dense Urban,Moderate,Yes,29,30,Z8,Z8,No
ORD-2701,18:13,Saturday,1,342,11,Moderate,7,3,3.1,Low,Clear,Suburban,Moderate,No,32,32,Z5,Z6,No
ORD-2702,13:11,Saturday,3,535,16,High,12,3,2.8,Heavy,Clear,Dense Urban,New,Yes,52,58,Z8,Z2,No
ORD-2703,18:47,Sunday,4,832,11,Low,1,6,5.5,Moderate,Rain,Urban,Moderate,No,38,44,Z7,Z5,No
ORD-2704,12:44,Friday,3,744,19,High,3,7,1.3,Moderate,Fog,Urban,Moderate,Yes,36,29,Z6,Z5,No
ORD-2705,22:12,Thursday,3,1095,10,Moderate,3,2,3.0,Moderate,Rain,Suburban,Moderate,Yes,36,33,Z8,Z5,No
ORD-2706,15:58,Friday,3,753,10,Low,4,7,2.1,Heavy,Clear,Dense Urban,Moderate,No,34,32,Z1,Z3,No
ORD-2707,12:51,Wednesday,5,763,22,Very High,11,3,3.9,Moderate,Clear,Suburban,Moderate,Yes,50,41,Z8,Z4,No
ORD-2708,12:24,Thursday,5,739,26,High,7,2,1.3,Severe,Clear,Urban,Experienced,Yes,47,35,Z4,Z8,Yes
ORD-2709,20:53,Saturday,4,619,13,High,6,3,5.9,Low,Clear,Urban,Experienced,Yes,39,48,Z6,Z7,No
ORD-2710,20:26,Monday,1,210,7,Moderate,2,5,3.3,Heavy,Cold,Urban,Moderate,Yes,40,39,Z7,Z7,No
ORD-2711,19:27,Sunday,2,274,11,Moderate,1,2,1.7,Heavy,Fog,Urban,Moderate,Yes,25,29,Z2,Z5,No
ORD-2712,09:53,Wednesday,2,251,11,Low,3,2,3.6,Low,Hot,Suburban,Moderate,No,28,31,Z2,Z2,No
ORD-2713,21:12,Friday,2,399,11,Low,4,1,2.8,Heavy,Clear,Dense Urban,Experienced,Yes,31,35,Z8,Z1,No
ORD-2714,20:15,Tuesday,1,137,15,Very High,2,2,2.8,Moderate,Clear,Suburban,Moderate,Yes,30,39,Z4,Z7,No
ORD-2715,22:52,Saturday,5,988,17,Moderate,1,4,2.2,Low,Clear,Urban,New,No,31,37,Z2,Z3,No
ORD-2716,17:56,Saturday,5,1338,11,Low,4,2,3.7,Low,Hot,Suburban,Moderate,No,26,38,Z4,Z7,No
ORD-2717,21:26,Tuesday,5,1033,24,Very High,3,3,3.6,Severe,Hot,Dense Urban,Moderate,Yes,57,49,Z3,Z3,No
ORD-2718,13:57,Thursday,3,350,22,High,9,6,4.3,Heavy,Clear,Dense Urban,Moderate,Yes,73,41,Z2,Z2,No
ORD-2719,13:53,Friday,1,190,14,Very High,3,3,3.7,Severe,Clear,Urban,Experienced,Yes,41,43,Z2,Z5,No
ORD-2720,14:50,Friday,3,594,16,High,6,2,2.3,Severe,Clear,Dense Urban,Experienced,No,37,32,Z7,Z2,No
ORD-2721,13:21,Monday,1,218,11,High,7,10,3.7,Moderate,Clear,Urban,Moderate,Yes,41,38,Z6,Z1,No
ORD-2722,18:37,Saturday,4,637,19,High,3,7,2.2,Moderate,Rain,Dense Urban,New,No,45,32,Z8,Z2,No
ORD-2723,12:43,Saturday,4,894,31,High,5,6,3.8,Heavy,Clear,Suburban,Moderate,Yes,59,47,Z5,Z5,No
ORD-2724,13:48,Friday,1,203,14,Very High,3,4,2.1,Severe,Cold,Dense Urban,Moderate,Yes,39,31,Z7,Z7,No
ORD-2725,20:59,Wednesday,2,340,14,Very High,2,3,3.1,Low,Rain,Urban,Experienced,Yes,30,43,Z4,Z4,No
ORD-2726,21:59,Friday,2,508,21,High,3,5,6.4,Moderate,Clear,Dense Urban,Moderate,Yes,50,50,Z1,Z7,No
ORD-2727,12:39,Friday,2,272,11,Moderate,1,2,3.0,Heavy,Clear,Dense Urban,Experienced,Yes,29,33,Z3,Z7,No
ORD-2728,20:14,Wednesday,5,823,13,High,3,1,4.2,Low,Hot,Urban,Experienced,Yes,29,39,Z3,Z7,No
ORD-2729,21:56,Thursday,4,812,15,High,2,9,5.5,Heavy,Cold,Urban,Experienced,Yes,48,56,Z3,Z1,No
ORD-2730,20:16,Sunday,2,266,18,Very High,5,2,3.9,Moderate,Cold,Suburban,Experienced,Yes,41,41,Z2,Z6,Yes
ORD-2731,10:55,Wednesday,3,395,8,Moderate,3,2,1.8,Moderate,Hot,Urban,Moderate,No,22,29,Z4,Z5,No
ORD-2732,15:53,Thursday,5,790,15,High,1,5,1.7,Moderate,Clear,Suburban,Experienced,No,32,33,Z8,Z8,Yes
ORD-2733,19:35,Wednesday,3,518,17,High,5,2,4.0,Moderate,Hot,Dense Urban,Experienced,Yes,44,48,Z7,Z5,No
ORD-2734,16:41,Saturday,3,390,10,Low,2,4,1.8,Heavy,Clear,Dense Urban,Moderate,No,29,27,Z6,Z6,No
ORD-2735,21:16,Thursday,4,436,22,Very High,4,2,2.5,Moderate,Clear,Dense Urban,Moderate,Yes,41,35,Z4,Z7,No
ORD-2736,11:08,Sunday,1,405,10,Moderate,5,5,1.0,Moderate,Hot,Urban,Experienced,No,26,22,Z7,Z1,No
ORD-2737,12:39,Tuesday,4,771,13,Moderate,1,2,2.9,Severe,Clear,Urban,Experienced,Yes,32,43,Z7,Z2,No
ORD-2738,11:28,Wednesday,2,329,8,Moderate,5,4,2.9,Moderate,Clear,Urban,Moderate,No,29,35,Z4,Z4,No
ORD-2739,15:03,Sunday,2,843,10,Moderate,1,1,1.2,Low,Clear,Dense Urban,Moderate,No,21,22,Z7,Z7,No
ORD-2740,21:29,Saturday,5,1821,22,Moderate,2,4,2.9,Heavy,Clear,Dense Urban,Moderate,Yes,44,41,Z8,Z4,No
ORD-2741,20:17,Saturday,3,577,14,Moderate,1,6,3.5,Moderate,Hot,Dense Urban,Moderate,Yes,39,48,Z5,Z4,No
ORD-2742,13:56,Thursday,3,540,13,High,5,2,7.3,Moderate,Cold,Urban,Experienced,Yes,42,55,Z8,Z8,No
ORD-2743,23:02,Monday,3,450,24,High,5,5,3.1,Low,Clear,Urban,Moderate,No,44,31,Z1,Z8,No
ORD-2744,20:26,Monday,6,1594,14,Moderate,4,2,6.4,Moderate,Clear,Dense Urban,New,Yes,48,53,Z3,Z5,Yes
ORD-2745,20:36,Saturday,2,466,10,Moderate,9,8,5.3,Moderate,Clear,Suburban,Moderate,Yes,41,42,Z8,Z6,No
ORD-2746,12:05,Sunday,3,387,35,Very High,3,2,3.8,Moderate,Clear,Dense Urban,Moderate,Yes,56,42,Z5,Z1,No
ORD-2747,18:08,Thursday,3,454,16,Moderate,7,9,1.9,Moderate,Rain,Urban,Moderate,No,41,30,Z2,Z3,No
ORD-2748,11:56,Saturday,3,539,8,Low,3,3,5.5,Low,Clear,Urban,Moderate,No,29,43,Z6,Z3,No
ORD-2749,19:57,Wednesday,4,1046,26,Very High,1,4,5.8,Low,Hot,Suburban,Experienced,Yes,45,48,Z8,Z8,No
ORD-2750,11:02,Saturday,3,553,23,High,4,3,2.3,Low,Clear,Urban,Experienced,No,38,32,Z3,Z3,No
ORD-2751,09:17,Wednesday,5,664,11,Low,3,4,0.6,Heavy,Clear,Urban,Experienced,No,27,24,Z7,Z8,Yes
ORD-2752,17:19,Thursday,1,148,14,Moderate,8,1,2.9,Severe,Clear,Dense Urban,Experienced,No,41,36,Z2,Z3,No
ORD-2753,12:04,Saturday,1,222,9,Moderate,12,3,4.0,Moderate,Clear,Suburban,Moderate,Yes,36,37,Z5,Z7,No
ORD-2754,14:33,Friday,4,803,10,Low,1,4,2.3,Low,Hot,Dense Urban,Experienced,No,26,31,Z8,Z1,No
ORD-2755,12:01,Friday,5,389,32,Very High,3,2,1.4,Heavy,Fog,Urban,Moderate,Yes,45,34,Z2,Z1,No
ORD-2756,19:42,Monday,7,1227,24,Very High,13,2,8.9,Moderate,Clear,Urban,Experienced,Yes,68,79,Z5,Z4,No
ORD-2757,13:21,Wednesday,3,775,20,High,1,3,2.2,Heavy,Clear,Urban,New,Yes,36,34,Z2,Z1,No
ORD-2758,21:34,Wednesday,1,207,13,High,1,2,5.4,Moderate,Clear,Dense Urban,New,Yes,36,45,Z1,Z7,No
ORD-2759,13:07,Thursday,4,456,27,Very High,4,3,6.5,Moderate,Clear,Dense Urban,New,Yes,64,58,Z6,Z1,No
ORD-2760,20:57,Tuesday,2,266,14,High,2,4,3.3,Heavy,Hot,Dense Urban,Moderate,Yes,39,63,Z2,Z8,No
ORD-2761,14:32,Sunday,3,316,15,Moderate,5,2,1.4,Heavy,Rain,Dense Urban,Experienced,No,33,27,Z4,Z5,No
ORD-2762,13:20,Saturday,1,234,9,High,6,2,4.8,Severe,Rain,Urban,Moderate,Yes,43,45,Z4,Z2,No
ORD-2763,21:41,Saturday,1,164,8,Moderate,1,3,0.8,Heavy,Rain,Dense Urban,Experienced,Yes,22,25,Z3,Z8,No
ORD-2764,15:09,Thursday,3,629,12,Moderate,4,4,1.3,Moderate,Hot,Urban,Experienced,No,31,31,Z7,Z3,Yes
ORD-2765,20:38,Friday,3,588,21,Very High,3,5,3.0,Heavy,Clear,Urban,Moderate,Yes,43,41,Z6,Z3,No
ORD-2766,19:51,Wednesday,4,764,23,High,1,2,5.0,Moderate,Clear,Urban,Moderate,Yes,42,51,Z3,Z5,No
ORD-2767,19:38,Wednesday,5,536,20,High,8,2,5.7,Heavy,Clear,Urban,Experienced,Yes,50,53,Z8,Z1,No
ORD-2768,20:35,Sunday,4,1106,45,Moderate,2,2,2.5,Moderate,Clear,Suburban,New,Yes,59,52,Z3,Z7,No
ORD-2769,17:09,Saturday,2,384,13,High,3,2,2.9,Low,Rain,Urban,Experienced,No,29,39,Z3,Z4,No
ORD-2770,19:42,Sunday,2,553,21,High,5,3,2.8,Moderate,Clear,Suburban,New,Yes,40,36,Z2,Z8,No
ORD-2771,20:42,Friday,4,382,14,Moderate,18,3,0.5,Heavy,Clear,Dense Urban,Moderate,Yes,43,49,Z4,Z7,No
ORD-2772,21:08,Saturday,4,750,13,High,2,4,3.5,Moderate,Clear,Urban,Experienced,Yes,35,39,Z2,Z1,Yes
ORD-2773,19:50,Sunday,2,260,23,Very High,10,6,6.1,Heavy,Clear,Urban,Experienced,Yes,60,49,Z8,Z6,No
ORD-2774,19:36,Friday,10,1911,22,Low,1,3,5.0,Low,Rain,Urban,Experienced,Yes,42,52,Z4,Z3,No
ORD-2775,15:59,Wednesday,5,588,37,High,38,3,0.9,Low,Rain,Suburban,Experienced,No,99,36,Z8,Z8,No
ORD-2776,23:21,Tuesday,2,211,9,Moderate,4,3,1.7,Moderate,Clear,Urban,Moderate,No,24,28,Z8,Z3,No
ORD-2777,21:47,Sunday,4,1357,19,High,4,3,1.5,Moderate,Clear,Urban,Experienced,Yes,33,36,Z5,Z8,No
ORD-2778,13:56,Tuesday,4,480,25,High,6,3,1.9,Moderate,Clear,Dense Urban,Moderate,Yes,45,39,Z5,Z2,No
ORD-2779,21:18,Monday,2,482,15,Very High,2,2,2.9,Heavy,Clear,Urban,Experienced,Yes,31,35,Z8,Z7,No
ORD-2780,20:22,Friday,1,232,17,Very High,4,4,1.5,Heavy,Hot,Dense Urban,Experienced,Yes,53,45,Z1,Z5,No
ORD-2781,14:28,Monday,3,294,14,Moderate,4,2,3.2,Heavy,Clear,Urban,Moderate,Yes,35,41,Z7,Z1,No
ORD-2782,21:33,Thursday,4,564,21,High,10,3,3.4,Heavy,Clear,Dense Urban,Moderate,Yes,69,37,Z2,Z7,No
ORD-2783,19:14,Wednesday,1,367,14,Very High,4,3,4.8,Heavy,Cold,Suburban,Experienced,Yes,36,44,Z5,Z2,No
ORD-2784,11:17,Wednesday,3,733,10,Low,1,1,1.6,Low,Fog,Urban,Experienced,No,19,31,Z3,Z5,No
ORD-2785,19:45,Saturday,2,382,15,Low,7,3,6.6,Severe,Clear,Urban,Experienced,Yes,54,63,Z6,Z1,No
ORD-2786,12:03,Wednesday,2,563,16,Moderate,11,5,6.0,Low,Clear,Urban,Moderate,Yes,50,43,Z3,Z3,No
ORD-2787,14:29,Sunday,1,199,6,Moderate,5,11,1.6,Low,Clear,Urban,New,Yes,29,26,Z5,Z1,No
ORD-2788,20:27,Saturday,3,395,16,High,8,2,0.8,Heavy,Clear,Suburban,Moderate,Yes,32,26,Z5,Z3,No
ORD-2789,23:22,Sunday,4,983,20,High,1,3,1.0,Moderate,Hot,Dense Urban,Moderate,No,33,49,Z2,Z8,No
ORD-2790,14:28,Wednesday,3,408,7,Low,1,5,2.4,Moderate,Clear,Urban,New,Yes,24,36,Z7,Z3,No
ORD-2791,22:17,Wednesday,2,357,11,Moderate,1,4,4.4,Heavy,Clear,Urban,Experienced,Yes,35,40,Z6,Z7,No
ORD-2792,15:01,Wednesday,1,271,9,Moderate,2,3,3.1,Moderate,Hot,Dense Urban,New,No,31,33,Z8,Z1,No
ORD-2793,13:21,Thursday,2,360,14,High,3,2,7.2,Heavy,Clear,Urban,Experienced,Yes,46,50,Z5,Z3,No
ORD-2794,14:55,Wednesday,7,1066,24,Moderate,2,6,2.9,Low,Hot,Suburban,Moderate,No,42,42,Z5,Z5,No
ORD-2795,12:13,Thursday,3,387,23,High,1,2,3.2,Severe,Clear,Urban,Moderate,Yes,41,46,Z4,Z5,No
ORD-2796,12:19,Friday,3,444,8,Moderate,6,3,7.7,Heavy,Clear,Urban,Moderate,Yes,49,59,Z2,Z2,No
ORD-2797,11:50,Friday,3,322,10,Moderate,2,6,3.9,Moderate,Rain,Dense Urban,Moderate,No,39,37,Z8,Z4,No
ORD-2798,10:16,Saturday,2,285,12,High,2,4,4.9,Severe,Clear,Urban,Experienced,No,43,61,Z3,Z8,No
ORD-2799,12:48,Sunday,5,741,10,Low,1,4,4.0,Moderate,Rain,Urban,Moderate,Yes,30,48,Z7,Z3,No
ORD-2800,21:21,Thursday,10,1345,32,Moderate,7,2,0.7,Moderate,Cold,Urban,Experienced,Yes,47,43,Z8,Z5,No
ORD-2801,20:21,Sunday,5,1089,33,High,4,3,1.5,Low,Clear,Urban,Experienced,Yes,47,33,Z8,Z3,No
ORD-2802,19:45,Thursday,4,429,25,High,2,5,3.8,Moderate,Clear,Urban,New,Yes,49,64,Z2,Z7,No
ORD-2803,22:35,Tuesday,4,483,13,Moderate,1,1,4.4,Low,Clear,Urban,Moderate,No,29,36,Z4,Z5,No
ORD-2804,21:17,Thursday,2,215,11,High,8,4,4.4,Heavy,Clear,Urban,Moderate,Yes,41,40,Z1,Z2,No
ORD-2805,12:40,Wednesday,4,823,15,Very High,9,4,4.6,Moderate,Clear,Urban,Moderate,Yes,45,41,Z7,Z4,No
ORD-2806,13:08,Wednesday,3,755,22,Very High,1,5,4.6,Low,Clear,Urban,Experienced,Yes,40,47,Z5,Z2,No
ORD-2807,13:27,Monday,3,673,12,Moderate,1,3,2.0,Heavy,Cold,Dense Urban,Experienced,Yes,29,36,Z6,Z6,No
ORD-2808,22:58,Sunday,3,690,14,High,2,3,2.9,Moderate,Clear,Dense Urban,Moderate,No,35,41,Z7,Z7,No
ORD-2809,16:10,Wednesday,6,1001,16,Moderate,3,3,3.0,Low,Fog,Suburban,Experienced,No,33,36,Z1,Z2,No
ORD-2810,19:52,Sunday,5,655,32,High,3,3,1.1,Heavy,Clear,Dense Urban,Moderate,Yes,48,30,Z2,Z8,No
ORD-2811,18:38,Sunday,3,538,11,Moderate,4,1,9.4,Low,Rain,Suburban,Experienced,No,41,60,Z8,Z4,No
ORD-2812,22:46,Sunday,6,1545,25,Moderate,1,4,4.6,Heavy,Hot,Urban,New,No,49,50,Z1,Z7,No
ORD-2813,12:29,Wednesday,1,292,13,Very High,5,5,1.1,Heavy,Clear,Urban,Moderate,Yes,30,30,Z6,Z1,No
ORD-2814,18:51,Monday,1,224,9,Low,4,4,3.9,Low,Hot,Dense Urban,New,No,37,34,Z6,Z6,Yes
ORD-2815,23:09,Saturday,5,1260,38,High,4,5,5.7,Moderate,Rain,Dense Urban,Moderate,No,72,49,Z2,Z3,No
ORD-2816,18:23,Saturday,1,254,20,Very High,19,3,3.3,Moderate,Rain,Urban,Moderate,No,55,34,Z8,Z8,No
ORD-2817,21:45,Sunday,5,954,18,High,6,4,2.4,Heavy,Clear,Urban,New,Yes,42,38,Z5,Z3,No
ORD-2818,22:08,Friday,3,809,10,Low,3,2,1.8,Moderate,Clear,Urban,Experienced,Yes,24,30,Z3,Z2,No
ORD-2819,13:53,Sunday,1,226,8,High,3,6,2.6,Heavy,Clear,Dense Urban,New,Yes,33,36,Z7,Z1,No
ORD-2820,21:00,Wednesday,3,781,6,Moderate,4,5,1.6,Moderate,Clear,Dense Urban,New,Yes,26,26,Z5,Z1,No
ORD-2821,14:55,Monday,4,1110,22,High,4,4,0.9,Heavy,Clear,Dense Urban,Moderate,No,39,29,Z4,Z4,No
ORD-2822,22:13,Tuesday,3,440,14,High,7,4,2.7,Heavy,Clear,Urban,Moderate,Yes,44,34,Z4,Z3,No
ORD-2823,18:19,Sunday,5,1284,13,Low,3,2,4.3,Low,Rain,Dense Urban,Moderate,No,37,42,Z1,Z2,No
ORD-2824,12:41,Saturday,5,973,27,High,3,2,2.7,Heavy,Clear,Urban,Moderate,Yes,46,41,Z5,Z5,No
ORD-2825,23:22,Tuesday,4,548,23,Moderate,3,5,3.3,Moderate,Clear,Suburban,Experienced,No,41,34,Z3,Z7,No
ORD-2826,20:25,Wednesday,3,790,14,High,3,2,1.7,Moderate,Rain,Suburban,Experienced,Yes,31,31,Z3,Z7,Yes
ORD-2827,12:50,Thursday,3,722,24,Moderate,2,4,2.4,Heavy,Clear,Dense Urban,New,Yes,47,31,Z6,Z4,No
ORD-2828,12:35,Sunday,2,322,19,Very High,5,5,1.6,Heavy,Rain,Urban,New,Yes,48,31,Z4,Z3,No
ORD-2829,21:24,Saturday,2,380,18,High,4,8,7.1,Low,Clear,Urban,New,Yes,50,56,Z4,Z8,No
ORD-2830,11:38,Tuesday,1,131,6,Moderate,5,1,7.7,Moderate,Clear,Urban,Moderate,No,59,49,Z7,Z8,No
ORD-2831,14:36,Wednesday,3,710,8,Low,1,7,4.6,Moderate,Clear,Urban,Experienced,No,33,44,Z3,Z1,No
ORD-2832,20:13,Sunday,3,607,23,High,6,3,3.2,Heavy,Rain,Urban,Experienced,Yes,52,39,Z3,Z5,No
ORD-2833,22:36,Saturday,2,356,14,Moderate,9,10,2.3,Moderate,Clear,Dense Urban,Experienced,No,49,30,Z2,Z8,Yes
ORD-2834,19:47,Saturday,6,1001,27,High,7,3,2.8,Moderate,Clear,Dense Urban,Moderate,Yes,51,37,Z6,Z3,No
ORD-2835,11:39,Thursday,6,719,12,Moderate,5,4,11.3,Low,Clear,Suburban,Moderate,No,44,64,Z2,Z4,No
ORD-2836,13:26,Sunday,5,805,24,Moderate,3,4,2.7,Heavy,Clear,Dense Urban,Experienced,Yes,54,40,Z6,Z5,Yes
ORD-2837,14:05,Tuesday,2,342,10,Moderate,1,1,0.5,Moderate,Clear,Dense Urban,Moderate,Yes,20,22,Z5,Z8,No
ORD-2838,12:54,Monday,7,1187,29,High,2,3,3.9,Heavy,Clear,Urban,Moderate,Yes,51,68,Z2,Z4,No
ORD-2839,16:29,Sunday,1,365,8,Low,4,2,3.5,Moderate,Rain,Dense Urban,Moderate,No,32,33,Z1,Z5,No
ORD-2840,21:53,Monday,2,392,8,High,1,6,2.2,Moderate,Hot,Dense Urban,Moderate,Yes,29,38,Z8,Z3,No
ORD-2841,21:01,Monday,5,613,14,High,2,1,2.4,Heavy,Fog,Dense Urban,Moderate,Yes,33,42,Z5,Z8,No
ORD-2842,20:42,Saturday,2,434,12,High,11,2,2.8,Heavy,Cold,Suburban,Moderate,Yes,36,35,Z7,Z8,No
ORD-2843,20:17,Thursday,5,696,22,Very High,4,11,3.3,Moderate,Clear,Dense Urban,New,Yes,55,44,Z1,Z3,No
ORD-2844,18:33,Sunday,3,526,13,Low,2,2,10.2,Low,Clear,Suburban,Experienced,No,37,62,Z6,Z4,No
ORD-2845,21:02,Thursday,4,427,21,High,16,3,1.6,Heavy,Rain,Urban,Experienced,Yes,50,36,Z6,Z1,No
ORD-2846,23:13,Friday,6,1487,23,Low,1,3,2.3,Heavy,Hot,Urban,New,No,40,54,Z8,Z2,No
ORD-2847,13:20,Thursday,2,323,13,High,3,5,3.3,Heavy,Clear,Dense Urban,Moderate,Yes,43,36,Z6,Z2,No
ORD-2848,20:11,Friday,1,118,14,Very High,3,2,1.1,Heavy,Hot,Dense Urban,New,Yes,30,22,Z3,Z7,No
ORD-2849,13:59,Wednesday,3,718,29,Very High,10,4,8.0,Moderate,Clear,Suburban,Moderate,Yes,69,58,Z7,Z8,Yes
ORD-2850,21:15,Monday,4,1285,19,Low,3,1,3.4,Heavy,Clear,Dense Urban,Experienced,Yes,40,36,Z4,Z1,No
ORD-2851,17:14,Thursday,2,163,11,Low,3,4,3.6,Low,Clear,Urban,Moderate,No,29,30,Z5,Z7,No
ORD-2852,19:49,Thursday,3,499,18,High,17,5,3.1,Heavy,Rain,Suburban,Experienced,Yes,73,37,Z8,Z5,No
ORD-2853,20:16,Friday,6,1047,35,Very High,8,4,4.0,Low,Rain,Suburban,Experienced,Yes,59,47,Z2,Z2,No
ORD-2854,20:59,Monday,3,593,22,Very High,3,5,4.5,Severe,Clear,Dense Urban,Experienced,Yes,58,47,Z8,Z1,No
ORD-2855,17:59,Wednesday,4,541,23,Low,1,3,1.2,Severe,Clear,Dense Urban,Moderate,No,40,31,Z1,Z8,No
ORD-2856,21:40,Monday,5,857,15,Low,2,6,1.3,Moderate,Rain,Urban,New,Yes,36,32,Z2,Z3,Yes
ORD-2857,14:00,Monday,3,523,12,High,1,1,1.9,Heavy,Cold,Urban,Moderate,Yes,28,32,Z6,Z1,Yes
ORD-2858,18:21,Wednesday,3,534,17,High,1,2,1.4,Heavy,Hot,Dense Urban,New,No,32,35,Z6,Z7,No
ORD-2859,18:35,Monday,4,708,12,High,6,3,4.1,Moderate,Clear,Suburban,New,No,35,39,Z5,Z8,No
ORD-2860,13:26,Tuesday,3,350,12,Low,4,2,1.4,Heavy,Rain,Urban,New,Yes,44,27,Z6,Z5,No
ORD-2861,09:21,Friday,9,2247,18,Low,2,8,4.1,Low,Rain,Dense Urban,Moderate,No,44,45,Z1,Z8,No
ORD-2862,20:46,Friday,5,607,16,Moderate,3,7,2.3,Severe,Rain,Urban,Experienced,Yes,40,39,Z8,Z7,No
ORD-2863,14:11,Wednesday,3,390,16,High,1,2,0.6,Severe,Clear,Urban,New,Yes,25,33,Z1,Z5,No
ORD-2864,23:26,Monday,5,999,22,Low,3,2,0.5,Low,Fog,Urban,Moderate,No,32,30,Z7,Z2,No
ORD-2865,20:36,Sunday,2,511,17,Moderate,3,3,2.4,Heavy,Clear,Dense Urban,Experienced,Yes,41,29,Z4,Z7,Yes
ORD-2866,21:56,Sunday,7,1183,52,Very High,4,2,3.7,Heavy,Clear,Urban,Moderate,Yes,74,44,Z5,Z1,No
ORD-2867,20:54,Wednesday,5,1075,25,High,3,3,4.3,Heavy,Clear,Urban,Moderate,Yes,52,49,Z3,Z6,Yes
ORD-2868,21:03,Friday,4,838,26,High,8,3,2.6,Heavy,Clear,Urban,Experienced,Yes,48,43,Z2,Z7,No
ORD-2869,12:57,Tuesday,2,309,9,Low,1,2,5.7,Moderate,Rain,Urban,Moderate,Yes,32,47,Z8,Z6,No
ORD-2870,14:52,Friday,4,1071,16,Moderate,8,6,4.4,Heavy,Clear,Dense Urban,Moderate,No,49,42,Z2,Z6,No
ORD-2871,20:43,Tuesday,5,577,22,Moderate,7,2,3.1,Moderate,Rain,Urban,Moderate,Yes,42,40,Z3,Z8,No
ORD-2872,19:19,Friday,6,2153,17,Moderate,5,2,1.3,Heavy,Clear,Urban,Moderate,Yes,33,41,Z5,Z3,No
ORD-2873,12:48,Sunday,3,509,13,Moderate,4,3,1.0,Moderate,Clear,Suburban,Experienced,Yes,26,30,Z2,Z5,No
ORD-2874,21:48,Saturday,2,332,10,Moderate,3,2,9.1,Moderate,Clear,Urban,Moderate,Yes,60,59,Z5,Z6,No
ORD-2875,13:04,Wednesday,2,274,8,Low,4,2,0.7,Low,Clear,Suburban,Moderate,Yes,33,23,Z5,Z2,No
ORD-2876,22:34,Sunday,4,811,18,Moderate,1,5,4.5,Moderate,Fog,Urban,Moderate,No,41,44,Z7,Z1,No
ORD-2877,21:45,Wednesday,4,607,11,Moderate,2,3,6.7,Severe,Clear,Dense Urban,New,Yes,61,57,Z3,Z6,No
ORD-2878,17:52,Saturday,6,566,19,High,4,9,4.1,Moderate,Rain,Dense Urban,Experienced,No,56,59,Z5,Z5,No
ORD-2879,12:42,Tuesday,2,374,18,High,4,2,1.6,Moderate,Clear,Urban,Moderate,Yes,35,34,Z3,Z2,Yes
ORD-2880,12:23,Sunday,4,546,16,Moderate,5,10,2.0,Heavy,Clear,Dense Urban,Experienced,Yes,55,35,Z8,Z8,No
ORD-2881,21:26,Tuesday,3,454,14,High,5,3,6.2,Heavy,Clear,Dense Urban,Experienced,Yes,58,51,Z2,Z7,No
ORD-2882,13:44,Tuesday,6,931,20,Moderate,4,1,1.2,Heavy,Rain,Dense Urban,Moderate,Yes,37,32,Z8,Z1,No
ORD-2883,12:11,Friday,4,694,15,Moderate,7,4,6.9,Heavy,Rain,Suburban,New,Yes,54,55,Z7,Z7,No
ORD-2884,18:55,Monday,2,381,9,Moderate,4,11,2.4,Moderate,Clear,Suburban,New,No,38,32,Z1,Z7,Yes
ORD-2885,19:07,Saturday,2,327,22,High,3,3,2.3,Low,Clear,Suburban,Experienced,Yes,35,37,Z4,Z5,No
ORD-2886,13:32,Wednesday,5,1440,25,Very High,4,3,3.1,Severe,Rain,Urban,Experienced,Yes,50,42,Z2,Z8,No
ORD-2887,20:39,Sunday,2,572,15,High,1,5,4.4,Severe,Clear,Dense Urban,New,Yes,59,43,Z5,Z6,Yes
ORD-2888,13:57,Wednesday,6,1097,24,Moderate,6,3,6.2,Moderate,Clear,Suburban,Moderate,Yes,51,50,Z8,Z4,No
ORD-2889,20:52,Friday,1,121,12,Very High,7,9,3.5,Moderate,Clear,Suburban,Experienced,Yes,40,40,Z2,Z3,No
ORD-2890,21:45,Friday,5,577,24,Moderate,2,3,2.4,Severe,Clear,Urban,Moderate,Yes,43,39,Z6,Z1,No
ORD-2891,18:54,Saturday,2,594,13,Moderate,1,1,6.8,Low,Clear,Suburban,Moderate,No,54,47,Z2,Z1,No
ORD-2892,18:58,Wednesday,3,359,13,Low,5,1,2.5,Low,Clear,Dense Urban,Moderate,No,29,33,Z2,Z7,No
ORD-2893,09:19,Monday,3,406,11,Moderate,2,3,2.3,Moderate,Cold,Dense Urban,Moderate,No,29,53,Z4,Z3,No
ORD-2894,12:14,Sunday,4,1005,38,Very High,8,3,7.8,Low,Clear,Suburban,New,Yes,74,60,Z6,Z5,Yes
ORD-2895,18:44,Wednesday,2,514,8,Moderate,2,2,6.3,Moderate,Clear,Dense Urban,Experienced,No,34,40,Z6,Z8,No
ORD-2896,18:25,Sunday,3,280,9,Low,5,8,2.8,Low,Clear,Urban,Experienced,No,51,36,Z1,Z3,No
ORD-2897,11:56,Wednesday,3,617,14,High,1,4,1.9,Moderate,Clear,Urban,Moderate,No,27,51,Z7,Z8,No
ORD-2898,15:03,Wednesday,4,367,17,Moderate,6,2,1.9,Heavy,Clear,Dense Urban,Moderate,No,37,33,Z5,Z8,No
ORD-2899,18:22,Wednesday,5,1004,16,Low,6,2,1.6,Low,Rain,Suburban,Moderate,No,31,34,Z1,Z1,No
ORD-2900,12:19,Saturday,1,255,8,Low,5,5,3.2,Heavy,Clear,Dense Urban,Experienced,Yes,34,30,Z2,Z4,No
ORD-2901,19:37,Tuesday,3,649,17,High,1,4,5.3,Moderate,Clear,Suburban,Moderate,Yes,38,61,Z6,Z1,No
ORD-2902,22:37,Saturday,2,215,10,Moderate,2,3,4.7,Low,Clear,Urban,Moderate,No,28,35,Z4,Z6,No
ORD-2903,21:17,Thursday,1,225,8,Moderate,5,3,1.2,Low,Clear,Suburban,Moderate,Yes,22,29,Z1,Z5,No
ORD-2904,21:19,Friday,4,789,13,High,3,4,4.1,Moderate,Clear,Urban,Moderate,Yes,33,45,Z7,Z3,No
ORD-2905,14:30,Sunday,2,471,14,Moderate,1,5,2.5,Low,Clear,Dense Urban,Moderate,No,31,31,Z1,Z7,No
ORD-2906,20:07,Monday,3,404,16,High,3,5,2.0,Moderate,Rain,Suburban,New,Yes,35,33,Z6,Z8,No
ORD-2907,16:17,Saturday,3,661,11,Low,10,7,4.8,Low,Rain,Suburban,Experienced,No,43,42,Z3,Z5,No
ORD-2908,09:29,Friday,5,404,14,Moderate,3,3,3.6,Low,Clear,Suburban,Experienced,No,30,40,Z8,Z1,No
ORD-2909,19:18,Wednesday,1,178,13,Very High,3,4,4.9,Moderate,Clear,Urban,New,Yes,42,42,Z3,Z2,Yes
ORD-2910,19:00,Monday,2,368,16,High,3,6,3.6,Moderate,Clear,Urban,Experienced,Yes,35,46,Z7,Z3,No
ORD-2911,20:26,Sunday,2,356,17,High,2,3,3.4,Moderate,Clear,Urban,Experienced,Yes,36,42,Z3,Z4,Yes
ORD-2912,19:24,Friday,4,533,18,Low,12,2,2.0,Severe,Clear,Dense Urban,Moderate,Yes,47,35,Z2,Z7,No
ORD-2913,21:31,Sunday,7,2070,28,Very High,1,2,1.5,Moderate,Clear,Urban,Experienced,Yes,38,36,Z5,Z2,No
ORD-2914,22:13,Friday,4,628,22,High,9,3,1.9,Moderate,Cold,Suburban,Moderate,Yes,42,36,Z7,Z8,No
ORD-2915,13:59,Thursday,6,828,20,Moderate,6,7,2.3,Moderate,Hot,Suburban,New,Yes,43,41,Z2,Z6,No
ORD-2916,14:21,Friday,3,374,16,High,1,4,4.1,Heavy,Clear,Urban,Experienced,Yes,39,39,Z5,Z3,No
ORD-2917,11:36,Sunday,3,612,9,Low,2,3,4.6,Severe,Rain,Dense Urban,New,No,63,42,Z7,Z5,No
ORD-2918,13:00,Tuesday,3,560,18,High,8,3,2.2,Severe,Clear,Dense Urban,Moderate,Yes,50,34,Z8,Z4,No
ORD-2919,10:11,Sunday,2,452,6,Moderate,4,4,2.5,Heavy,Clear,Dense Urban,Experienced,No,28,30,Z5,Z7,No
ORD-2920,19:14,Wednesday,2,242,15,Very High,7,6,2.5,Moderate,Cold,Suburban,Moderate,Yes,38,58,Z4,Z6,No
ORD-2921,13:58,Thursday,4,1208,13,Low,1,1,2.2,Moderate,Rain,Dense Urban,Experienced,Yes,29,35,Z5,Z3,No
ORD-2922,13:11,Friday,2,388,9,Low,4,2,4.3,Heavy,Clear,Urban,Experienced,Yes,36,36,Z7,Z5,Yes
ORD-2923,19:53,Tuesday,3,459,8,Low,4,3,5.6,Low,Clear,Urban,New,Yes,34,47,Z1,Z2,No
ORD-2924,11:07,Wednesday,3,461,18,Moderate,1,2,6.7,Low,Cold,Urban,Experienced,No,38,50,Z8,Z1,No
ORD-2925,13:09,Wednesday,3,400,28,Very High,5,2,0.9,Severe,Fog,Urban,Experienced,Yes,47,34,Z1,Z7,Yes
ORD-2926,14:12,Wednesday,2,275,14,Moderate,4,2,2.9,Moderate,Rain,Dense Urban,Experienced,Yes,40,33,Z1,Z4,Yes
ORD-2927,18:26,Monday,3,745,22,Moderate,2,7,2.6,Moderate,Rain,Urban,Experienced,No,41,32,Z3,Z3,No
ORD-2928,22:20,Saturday,2,447,13,Moderate,5,3,0.9,Moderate,Clear,Urban,Moderate,Yes,28,30,Z7,Z5,No
ORD-2929,12:55,Sunday,3,262,16,High,6,3,1.1,Moderate,Rain,Dense Urban,Moderate,Yes,35,34,Z8,Z1,No
ORD-2930,10:36,Wednesday,1,202,8,Low,2,9,4.4,Moderate,Clear,Urban,New,No,36,39,Z7,Z3,No
ORD-2931,14:28,Monday,3,763,24,High,4,3,1.1,Heavy,Clear,Dense Urban,Experienced,Yes,54,24,Z6,Z4,No
ORD-2932,19:45,Friday,3,301,13,High,5,5,2.1,Heavy,Clear,Urban,Moderate,Yes,47,31,Z4,Z7,No
ORD-2933,22:07,Thursday,4,895,22,Moderate,4,4,5.2,Heavy,Clear,Suburban,Experienced,Yes,52,45,Z4,Z5,Yes
ORD-2934,20:11,Monday,3,543,25,Very High,3,13,5.7,Low,Clear,Suburban,Experienced,Yes,56,47,Z2,Z5,No
ORD-2935,13:25,Sunday,2,520,21,High,3,6,1.3,Heavy,Clear,Urban,Experienced,Yes,38,36,Z4,Z2,No
ORD-2936,21:46,Friday,2,245,11,High,6,12,4.7,Heavy,Clear,Urban,Moderate,Yes,48,44,Z8,Z7,No
ORD-2937,14:24,Saturday,3,720,17,Very High,9,4,1.9,Moderate,Clear,Suburban,Moderate,Yes,59,34,Z4,Z5,No
ORD-2938,22:07,Monday,3,1078,12,High,9,6,2.8,Low,Clear,Suburban,New,Yes,37,37,Z5,Z8,No
ORD-2939,19:47,Thursday,3,537,19,High,2,4,1.2,Heavy,Clear,Dense Urban,Moderate,Yes,35,36,Z6,Z7,No
ORD-2940,21:05,Friday,3,645,13,Moderate,9,4,4.6,Heavy,Clear,Suburban,Experienced,Yes,41,41,Z7,Z5,No
ORD-2941,10:10,Thursday,2,466,9,Low,2,5,2.0,Low,Rain,Dense Urban,Experienced,No,27,31,Z1,Z6,No
ORD-2942,22:51,Saturday,4,768,14,Moderate,3,3,3.5,Moderate,Clear,Suburban,Moderate,No,33,38,Z3,Z8,No
ORD-2943,20:44,Sunday,2,259,10,Moderate,2,1,0.4,Moderate,Clear,Suburban,Moderate,Yes,21,28,Z6,Z8,Yes
ORD-2944,20:56,Saturday,6,950,45,Very High,6,3,2.1,Severe,Clear,Urban,New,Yes,69,41,Z2,Z2,No
ORD-2945,12:00,Wednesday,5,1106,26,Very High,5,5,2.2,Moderate,Hot,Urban,Moderate,Yes,46,35,Z2,Z6,No
ORD-2946,11:31,Thursday,3,484,18,Low,5,2,2.1,Low,Clear,Urban,Moderate,No,52,29,Z8,Z8,Yes
ORD-2947,21:18,Friday,5,1157,13,Moderate,2,3,0.8,Heavy,Clear,Urban,Moderate,Yes,25,34,Z6,Z4,No
ORD-2948,15:51,Tuesday,1,238,8,Moderate,2,3,3.9,Low,Cold,Suburban,Experienced,No,24,31,Z5,Z8,No
ORD-2949,21:29,Friday,3,464,10,Moderate,9,10,4.4,Heavy,Fog,Dense Urban,Experienced,Yes,52,40,Z6,Z5,No
ORD-2950,20:23,Saturday,3,475,15,Moderate,1,1,2.3,Severe,Hot,Dense Urban,Experienced,Yes,32,40,Z6,Z7,No
ORD-2951,12:49,Monday,3,503,23,High,5,4,2.1,Low,Clear,Urban,Experienced,Yes,39,32,Z5,Z5,No
ORD-2952,09:43,Saturday,3,760,23,High,1,2,1.4,Heavy,Clear,Urban,Experienced,No,34,26,Z4,Z2,No
ORD-2953,21:32,Friday,2,316,11,High,1,2,3.9,Low,Clear,Suburban,Experienced,Yes,26,38,Z8,Z8,No
ORD-2954,11:46,Saturday,3,663,9,High,5,3,1.9,Moderate,Hot,Urban,Moderate,No,26,35,Z6,Z2,No
ORD-2955,11:22,Tuesday,4,508,10,Low,3,4,3.9,Moderate,Clear,Dense Urban,New,No,35,39,Z3,Z1,No
ORD-2956,09:31,Saturday,3,502,13,Moderate,1,2,2.8,Heavy,Fog,Dense Urban,Moderate,No,37,45,Z6,Z4,Yes
ORD-2957,09:10,Tuesday,4,1213,16,Moderate,4,2,3.1,Moderate,Rain,Urban,Moderate,No,35,34,Z6,Z3,No
ORD-2958,10:28,Thursday,2,337,22,Very High,6,6,4.8,Heavy,Rain,Dense Urban,New,No,74,44,Z2,Z7,No
ORD-2959,18:31,Sunday,3,581,11,Moderate,2,3,3.5,Low,Hot,Urban,New,No,28,37,Z6,Z2,No
ORD-2960,20:14,Saturday,2,290,17,High,2,5,7.3,Moderate,Rain,Urban,Moderate,Yes,54,55,Z3,Z8,No
ORD-2961,18:47,Thursday,3,435,24,High,1,8,5.6,Low,Clear,Dense Urban,New,No,58,49,Z7,Z5,Yes
ORD-2962,13:41,Sunday,3,525,25,High,9,4,2.0,Moderate,Hot,Dense Urban,Moderate,Yes,54,36,Z6,Z5,Yes
ORD-2963,22:04,Monday,3,738,6,Low,3,6,1.0,Severe,Clear,Dense Urban,Experienced,Yes,25,32,Z7,Z5,No
ORD-2964,14:12,Tuesday,3,575,16,Very High,7,4,6.3,Moderate,Clear,Suburban,Moderate,Yes,51,47,Z2,Z2,No
ORD-2965,12:44,Saturday,2,302,10,Moderate,2,3,2.8,Moderate,Rain,Urban,New,Yes,27,53,Z3,Z3,No
ORD-2966,19:43,Wednesday,3,337,14,Moderate,8,1,3.6,Moderate,Clear,Suburban,Moderate,Yes,36,41,Z2,Z4,No
ORD-2967,12:32,Saturday,1,245,13,High,1,4,3.1,Heavy,Clear,Urban,New,Yes,32,34,Z3,Z2,No
ORD-2968,20:51,Monday,4,340,11,Low,4,7,2.3,Heavy,Rain,Urban,New,Yes,38,38,Z4,Z2,No
ORD-2969,19:34,Monday,5,608,20,Moderate,3,6,0.6,Moderate,Rain,Urban,New,Yes,35,27,Z1,Z2,No
ORD-2970,19:44,Thursday,2,298,18,Very High,2,4,3.4,Heavy,Clear,Urban,Experienced,Yes,37,42,Z6,Z6,No
ORD-2971,11:50,Thursday,2,220,15,High,4,2,3.8,Low,Clear,Urban,Moderate,No,34,37,Z7,Z1,No
ORD-2972,11:30,Saturday,1,187,12,High,6,7,5.5,Severe,Clear,Urban,Moderate,No,54,46,Z1,Z4,Yes
ORD-2973,19:25,Friday,2,314,13,High,5,2,2.7,Moderate,Clear,Urban,Experienced,Yes,31,41,Z4,Z6,No
ORD-2974,13:14,Sunday,2,315,11,Moderate,5,4,5.3,Moderate,Rain,Dense Urban,New,Yes,50,47,Z5,Z3,No
ORD-2975,21:56,Monday,1,112,11,Very High,8,11,4.0,Severe,Rain,Urban,Experienced,Yes,52,42,Z3,Z2,No
ORD-2976,15:45,Thursday,2,635,10,Low,5,6,2.4,Low,Clear,Suburban,Moderate,No,30,27,Z6,Z1,No
ORD-2977,14:12,Friday,1,280,12,High,1,3,1.2,Moderate,Cold,Dense Urban,Experienced,Yes,26,32,Z8,Z2,No
ORD-2978,21:10,Monday,2,427,8,Low,5,3,5.8,Moderate,Clear,Suburban,Moderate,Yes,34,45,Z4,Z5,No
ORD-2979,20:16,Sunday,3,945,12,High,9,3,0.5,Moderate,Rain,Dense Urban,New,Yes,32,29,Z6,Z6,No
ORD-2980,20:12,Saturday,2,463,18,Moderate,2,3,2.0,Heavy,Rain,Urban,Moderate,Yes,35,32,Z5,Z6,No
ORD-2981,20:37,Thursday,5,1299,14,Moderate,2,7,3.4,Heavy,Rain,Suburban,Moderate,Yes,39,42,Z4,Z2,No
ORD-2982,15:50,Friday,3,480,14,High,4,1,2.6,Low,Clear,Urban,Moderate,No,29,38,Z3,Z3,No
ORD-2983,19:25,Wednesday,1,167,7,Low,2,2,1.7,Moderate,Clear,Urban,Moderate,Yes,19,28,Z8,Z3,No
ORD-2984,20:51,Thursday,1,172,10,Low,3,11,2.3,Moderate,Clear,Suburban,Moderate,Yes,34,33,Z7,Z4,No
ORD-2985,12:57,Tuesday,4,831,21,Very High,5,4,4.8,Severe,Clear,Suburban,Experienced,Yes,47,54,Z7,Z1,No
ORD-2986,13:35,Monday,1,181,10,Moderate,2,3,5.0,Heavy,Clear,Urban,Experienced,Yes,36,43,Z2,Z5,No
ORD-2987,12:39,Tuesday,6,695,21,High,1,2,5.8,Severe,Clear,Urban,Experienced,Yes,48,58,Z7,Z7,No
ORD-2988,12:53,Saturday,2,476,18,Moderate,3,5,4.0,Heavy,Rain,Suburban,Experienced,Yes,45,40,Z7,Z8,No
ORD-2989,18:05,Wednesday,3,430,10,Moderate,2,2,6.3,Moderate,Clear,Urban,Moderate,No,34,44,Z3,Z4,No
ORD-2990,13:27,Saturday,1,143,17,High,2,9,2.5,Moderate,Clear,Urban,Experienced,Yes,42,52,Z3,Z6,Yes
ORD-2991,12:47,Sunday,3,765,14,Moderate,6,6,2.8,Severe,Clear,Urban,New,Yes,62,34,Z1,Z3,No
ORD-2992,21:27,Tuesday,3,474,15,High,3,5,2.0,Heavy,Hot,Dense Urban,Moderate,Yes,36,36,Z6,Z5,No
ORD-2993,19:08,Saturday,5,742,28,Very High,3,2,2.5,Moderate,Fog,Dense Urban,Moderate,Yes,49,40,Z2,Z5,No
ORD-2994,16:40,Thursday,4,676,17,Low,8,4,1.4,Moderate,Hot,Dense Urban,New,No,40,26,Z7,Z3,No
ORD-2995,20:53,Friday,5,1019,30,High,25,2,2.1,Moderate,Cold,Suburban,Experienced,Yes,65,47,Z5,Z3,No
ORD-2996,12:05,Sunday,2,927,21,Very High,5,3,2.2,Moderate,Clear,Dense Urban,Moderate,Yes,41,38,Z8,Z7,No
ORD-2997,12:58,Saturday,5,363,22,Moderate,7,4,4.7,Moderate,Clear,Urban,Moderate,Yes,48,43,Z3,Z2,No
ORD-2998,14:16,Saturday,1,295,11,High,27,2,3.0,Severe,Clear,Urban,Moderate,Yes,57,58,Z3,Z2,No
ORD-2999,14:28,Tuesday,2,453,18,Very High,4,1,2.9,Moderate,Clear,Dense Urban,Experienced,Yes,37,33,Z3,Z7,No
ORD-3000,11:00,Saturday,2,424,15,Low,7,1,2.1,Low,Rain,Suburban,Moderate,No,33,28,Z4,Z7,No
ORD-3001,18:31,Sunday,3,421,7,Low,3,3,2.4,Heavy,Clear,Dense Urban,Experienced,No,28,31,Z3,Z1,No
ORD-3002,16:00,Sunday,2,222,11,Low,2,4,0.9,Moderate,Clear,Urban,Moderate,No,23,28,Z5,Z1,No
ORD-3003,11:18,Saturday,3,652,12,Low,6,3,3.1,Heavy,Clear,Dense Urban,Experienced,No,38,31,Z6,Z4,No
ORD-3004,21:38,Sunday,3,612,15,High,3,5,3.0,Heavy,Hot,Dense Urban,Moderate,Yes,42,67,Z1,Z6,No
ORD-3005,19:20,Friday,3,395,15,High,5,3,3.2,Moderate,Hot,Urban,Moderate,Yes,37,40,Z4,Z3,No
ORD-3006,21:32,Sunday,2,469,11,Moderate,5,6,2.5,Heavy,Fog,Urban,New,Yes,37,34,Z2,Z8,No
ORD-3007,20:52,Saturday,4,882,33,Very High,5,3,6.8,Moderate,Rain,Urban,New,Yes,72,57,Z3,Z3,Yes
ORD-3008,18:56,Monday,1,133,48,High,7,4,2.9,Severe,Clear,Urban,New,No,81,40,Z4,Z7,No
ORD-3009,12:31,Wednesday,2,304,9,Moderate,3,2,1.7,Heavy,Clear,Dense Urban,Moderate,Yes,25,29,Z3,Z1,No
ORD-3010,14:25,Monday,2,565,15,High,8,7,1.1,Moderate,Clear,Suburban,Moderate,Yes,37,48,Z3,Z1,No
ORD-3011,15:24,Sunday,5,704,16,Low,9,7,4.0,Heavy,Clear,Urban,Experienced,No,59,37,Z7,Z5,No
ORD-3012,20:54,Monday,3,726,13,High,3,10,2.4,Heavy,Clear,Suburban,Moderate,Yes,56,35,Z4,Z6,No
ORD-3013,20:26,Friday,6,858,33,High,4,3,4.3,Low,Clear,Urban,Experienced,Yes,52,45,Z4,Z2,No
ORD-3014,12:43,Saturday,3,475,11,High,1,2,3.0,Heavy,Clear,Urban,Moderate,Yes,28,43,Z3,Z3,No
ORD-3015,22:36,Thursday,2,197,8,Low,3,3,2.8,Low,Fog,Suburban,Moderate,No,23,33,Z8,Z2,No
ORD-3016,20:45,Sunday,6,1334,20,High,4,3,4.5,Heavy,Clear,Urban,Moderate,Yes,47,54,Z1,Z1,No
ORD-3017,19:53,Wednesday,6,794,13,Moderate,1,5,4.6,Heavy,Clear,Urban,New,Yes,37,51,Z4,Z5,No
ORD-3018,20:22,Thursday,2,292,9,High,6,5,3.0,Heavy,Clear,Dense Urban,Moderate,Yes,36,42,Z4,Z4,No
ORD-3019,21:30,Tuesday,2,302,14,High,3,4,3.1,Moderate,Clear,Dense Urban,Moderate,Yes,37,38,Z6,Z2,No
ORD-3020,20:47,Sunday,3,397,22,High,3,4,3.7,Heavy,Clear,Urban,Moderate,Yes,59,47,Z3,Z4,No
ORD-3021,19:21,Friday,2,507,13,Low,2,2,3.7,Moderate,Fog,Urban,Moderate,Yes,31,36,Z7,Z6,No
ORD-3022,21:29,Saturday,2,382,14,High,3,7,1.3,Moderate,Fog,Suburban,New,Yes,32,29,Z1,Z8,No
ORD-3023,12:50,Friday,4,599,18,Very High,3,12,3.6,Moderate,Clear,Urban,Moderate,Yes,45,43,Z3,Z7,No
ORD-3024,20:34,Thursday,2,287,10,High,2,2,3.0,Heavy,Clear,Urban,New,Yes,29,35,Z8,Z6,No
ORD-3025,21:49,Monday,2,580,22,High,2,2,3.8,Heavy,Clear,Urban,Moderate,Yes,45,39,Z2,Z3,Yes
ORD-3026,15:07,Saturday,1,178,10,Low,3,2,2.2,Heavy,Rain,Urban,Moderate,No,28,25,Z6,Z1,No
ORD-3027,13:05,Sunday,1,286,8,Moderate,5,3,3.0,Moderate,Clear,Dense Urban,New,Yes,37,31,Z7,Z8,Yes
ORD-3028,18:33,Tuesday,3,428,14,Moderate,1,2,1.9,Heavy,Clear,Urban,New,No,28,28,Z4,Z8,No
ORD-3029,12:21,Friday,4,553,32,Very High,5,6,2.9,Severe,Clear,Dense Urban,New,Yes,65,43,Z4,Z6,No
ORD-3030,16:11,Friday,3,628,13,Moderate,1,1,5.2,Moderate,Clear,Suburban,Experienced,No,30,45,Z6,Z1,No
ORD-3031,13:09,Monday,1,157,8,High,9,4,6.0,Heavy,Clear,Urban,Moderate,Yes,49,53,Z7,Z8,Yes
ORD-3032,13:48,Friday,2,522,9,Low,7,4,1.6,Heavy,Hot,Urban,New,Yes,36,30,Z6,Z3,Yes
ORD-3033,10:20,Saturday,3,420,17,High,2,4,3.3,Moderate,Clear,Dense Urban,Experienced,No,38,55,Z6,Z4,No
ORD-3034,22:28,Saturday,2,256,8,Moderate,6,6,4.3,Heavy,Clear,Urban,New,Yes,40,41,Z7,Z4,No
ORD-3035,20:45,Friday,2,203,19,Very High,4,2,9.0,Moderate,Fog,Suburban,Moderate,Yes,49,61,Z7,Z4,No
ORD-3036,14:09,Monday,6,1678,24,High,1,13,2.6,Low,Clear,Suburban,Moderate,Yes,46,58,Z7,Z5,No
ORD-3037,14:02,Friday,5,1035,20,High,4,5,2.0,Heavy,Clear,Urban,Experienced,Yes,39,35,Z1,Z8,No
ORD-3038,21:25,Sunday,4,624,25,Very High,15,1,1.7,Moderate,Hot,Urban,Experienced,Yes,49,32,Z8,Z5,No
ORD-3039,21:54,Friday,2,274,17,High,3,3,3.4,Heavy,Clear,Urban,New,Yes,43,39,Z8,Z1,Yes
ORD-3040,12:38,Friday,5,873,22,High,2,2,0.7,Heavy,Fog,Dense Urban,Experienced,Yes,38,30,Z8,Z5,Yes
ORD-3041,09:10,Monday,4,747,14,High,1,9,3.6,Low,Cold,Urban,Moderate,No,36,37,Z5,Z6,No
ORD-3042,09:25,Saturday,3,801,11,High,3,5,1.8,Moderate,Clear,Dense Urban,New,No,30,34,Z8,Z4,No
ORD-3043,17:41,Wednesday,2,337,12,Low,7,7,1.6,Heavy,Clear,Dense Urban,Experienced,No,38,24,Z2,Z1,No
ORD-3044,18:34,Monday,2,289,6,Low,4,5,5.9,Heavy,Clear,Dense Urban,Experienced,No,47,43,Z7,Z8,No
ORD-3045,13:35,Sunday,5,1173,19,High,4,1,4.7,Severe,Clear,Dense Urban,Moderate,Yes,49,52,Z6,Z3,No
ORD-3046,12:06,Wednesday,3,746,9,Low,3,7,6.8,Heavy,Fog,Urban,Moderate,Yes,57,52,Z5,Z8,Yes
ORD-3047,22:42,Sunday,2,271,8,Low,5,1,1.9,Severe,Hot,Urban,Moderate,No,26,31,Z3,Z6,No
ORD-3048,13:36,Wednesday,4,647,19,High,10,3,3.3,Moderate,Clear,Urban,Moderate,Yes,46,40,Z8,Z3,No
ORD-3049,13:05,Tuesday,4,726,28,Very High,2,8,1.1,Severe,Rain,Urban,New,Yes,53,50,Z4,Z5,Yes
ORD-3050,22:57,Sunday,2,263,8,Low,1,5,5.0,Heavy,Clear,Dense Urban,Experienced,No,39,44,Z5,Z2,No
ORD-3051,23:45,Monday,4,1275,20,High,1,5,5.1,Low,Hot,Urban,Experienced,No,43,47,Z4,Z5,Yes
ORD-3052,12:58,Thursday,4,1079,14,High,7,3,3.5,Heavy,Clear,Urban,Moderate,Yes,40,42,Z4,Z3,No
ORD-3053,11:07,Friday,3,399,10,Low,10,1,6.7,Moderate,Rain,Dense Urban,Moderate,No,54,51,Z8,Z8,No
ORD-3054,15:44,Sunday,3,1088,10,Low,2,3,5.7,Moderate,Clear,Urban,Experienced,No,31,47,Z5,Z5,No
ORD-3055,20:06,Friday,3,722,15,Very High,10,5,8.9,Moderate,Clear,Suburban,Experienced,Yes,54,82,Z7,Z8,No
ORD-3056,20:04,Thursday,3,912,16,High,3,7,0.6,Moderate,Clear,Suburban,Moderate,Yes,31,31,Z4,Z5,No
ORD-3057,09:28,Wednesday,3,856,16,High,5,5,3.4,Low,Clear,Urban,Experienced,No,51,42,Z2,Z1,No
ORD-3058,14:11,Wednesday,3,338,10,Moderate,5,3,2.3,Heavy,Clear,Dense Urban,New,Yes,36,38,Z5,Z6,No
ORD-3059,19:24,Wednesday,3,526,26,Very High,2,4,3.6,Severe,Clear,Dense Urban,Experienced,Yes,55,45,Z3,Z1,No
ORD-3060,13:42,Thursday,3,312,18,High,8,3,1.2,Moderate,Clear,Urban,Moderate,Yes,36,50,Z1,Z4,No
ORD-3061,19:31,Monday,2,458,10,Moderate,9,5,1.6,Heavy,Clear,Dense Urban,New,Yes,37,34,Z7,Z6,No
ORD-3062,14:50,Saturday,5,498,22,High,6,5,5.8,Moderate,Rain,Urban,Moderate,No,57,54,Z4,Z3,No
ORD-3063,14:23,Sunday,3,367,19,Very High,5,2,2.1,Low,Rain,Urban,Moderate,Yes,35,39,Z5,Z8,No
ORD-3064,11:05,Thursday,2,329,8,Moderate,2,2,3.8,Low,Rain,Suburban,Moderate,No,24,36,Z8,Z1,No
ORD-3065,20:35,Saturday,3,735,17,High,18,2,6.5,Low,Fog,Suburban,Moderate,Yes,51,47,Z5,Z4,No
ORD-3066,19:29,Sunday,4,796,14,Very High,5,4,2.4,Heavy,Clear,Urban,Moderate,Yes,34,32,Z5,Z3,No
ORD-3067,14:10,Saturday,1,97,14,Very High,4,2,1.6,Heavy,Clear,Urban,Moderate,Yes,30,48,Z2,Z6,No
ORD-3068,21:53,Thursday,4,508,20,Very High,2,6,3.6,Heavy,Hot,Dense Urban,New,Yes,52,40,Z8,Z5,No
ORD-3069,14:00,Monday,3,579,18,High,16,5,2.3,Heavy,Clear,Dense Urban,Experienced,Yes,57,33,Z7,Z2,Yes
ORD-3070,21:07,Thursday,3,714,13,Moderate,4,4,1.0,Moderate,Hot,Urban,Experienced,Yes,32,32,Z2,Z6,Yes
ORD-3071,12:41,Wednesday,2,318,12,High,3,3,7.8,Moderate,Fog,Urban,New,Yes,52,60,Z4,Z8,No
ORD-3072,14:17,Monday,3,749,15,Moderate,3,7,4.8,Severe,Hot,Urban,Experienced,Yes,47,50,Z5,Z8,No
ORD-3073,21:47,Monday,2,123,11,High,3,10,5.7,Moderate,Hot,Dense Urban,New,Yes,46,49,Z8,Z4,No
ORD-3074,12:10,Friday,3,944,15,Very High,6,11,8.4,Severe,Clear,Suburban,Experienced,Yes,69,67,Z8,Z6,No
ORD-3075,14:07,Saturday,4,1364,23,Very High,11,3,2.9,Moderate,Clear,Suburban,Moderate,Yes,49,40,Z2,Z7,No
ORD-3076,21:05,Monday,2,452,9,High,6,9,3.9,Heavy,Clear,Urban,Moderate,Yes,40,47,Z2,Z8,No
ORD-3077,11:20,Wednesday,2,370,24,Very High,2,5,2.6,Moderate,Clear,Dense Urban,Experienced,No,45,33,Z1,Z2,No
ORD-3078,19:29,Monday,1,169,10,High,7,1,6.5,Heavy,Clear,Suburban,Moderate,Yes,41,51,Z6,Z6,No
ORD-3079,21:08,Saturday,2,259,16,High,5,3,4.2,Heavy,Rain,Urban,Experienced,Yes,43,41,Z2,Z8,No
ORD-3080,14:13,Saturday,3,1173,22,Very High,4,7,4.9,Moderate,Clear,Urban,Moderate,Yes,64,47,Z5,Z3,No
ORD-3081,19:30,Tuesday,1,288,9,High,4,7,3.8,Heavy,Hot,Dense Urban,Moderate,Yes,44,59,Z1,Z4,Yes
ORD-3082,17:54,Saturday,4,700,11,Moderate,2,9,1.3,Low,Clear,Urban,Experienced,No,28,30,Z3,Z2,No
ORD-3083,14:21,Thursday,2,320,13,Moderate,10,5,8.3,Low,Clear,Suburban,Experienced,Yes,45,52,Z4,Z3,No
ORD-3084,13:15,Sunday,3,224,15,High,7,18,5.4,Moderate,Clear,Dense Urban,Experienced,Yes,61,50,Z4,Z7,No
ORD-3085,15:19,Sunday,2,378,14,Moderate,1,2,4.7,Moderate,Clear,Urban,Experienced,No,33,36,Z3,Z4,No
ORD-3086,23:13,Sunday,3,317,15,Moderate,2,3,8.4,Heavy,Clear,Urban,Moderate,No,47,57,Z3,Z1,No
ORD-3087,17:25,Saturday,13,3535,17,Low,1,4,5.6,Low,Clear,Urban,New,No,39,52,Z6,Z6,No
ORD-3088,16:47,Sunday,3,245,8,Moderate,1,5,4.3,Heavy,Clear,Suburban,New,No,31,36,Z3,Z8,No
ORD-3089,11:23,Friday,2,359,8,Moderate,3,4,4.7,Low,Clear,Urban,Experienced,No,26,39,Z4,Z1,No
ORD-3090,16:49,Saturday,1,181,5,Moderate,6,4,1.8,Moderate,Clear,Urban,Experienced,No,23,25,Z6,Z3,No
ORD-3091,14:07,Monday,2,377,21,Very High,2,7,3.3,Moderate,Rain,Dense Urban,New,Yes,60,57,Z1,Z5,Yes
ORD-3092,19:15,Friday,1,240,16,Very High,2,6,1.9,Heavy,Clear,Dense Urban,Experienced,Yes,36,36,Z6,Z3,No
ORD-3093,18:10,Saturday,1,181,12,Very High,6,3,2.6,Low,Rain,Urban,New,No,34,35,Z4,Z2,No
ORD-3094,11:52,Sunday,6,1224,17,Low,1,2,0.6,Moderate,Hot,Dense Urban,Experienced,No,28,31,Z3,Z8,No
ORD-3095,21:13,Tuesday,6,1526,11,Moderate,2,3,3.0,Moderate,Fog,Suburban,Experienced,Yes,28,41,Z5,Z5,No
ORD-3096,13:21,Sunday,3,825,13,Moderate,1,2,6.7,Low,Clear,Urban,Experienced,Yes,34,48,Z8,Z1,No
ORD-3097,15:19,Wednesday,3,826,12,Low,3,6,1.2,Moderate,Clear,Urban,Moderate,No,28,25,Z3,Z7,No
ORD-3098,14:33,Tuesday,4,511,8,Moderate,1,5,5.6,Heavy,Hot,Dense Urban,Moderate,No,43,51,Z4,Z3,No
ORD-3099,14:18,Monday,9,1256,22,Moderate,5,7,2.4,Moderate,Rain,Dense Urban,Experienced,Yes,47,45,Z6,Z2,No
ORD-3100,11:52,Wednesday,2,172,13,High,3,3,1.6,Moderate,Clear,Suburban,Moderate,No,27,27,Z7,Z5,No
ORD-3101,18:53,Sunday,6,1161,23,Moderate,5,3,2.4,Heavy,Clear,Dense Urban,Experienced,No,44,38,Z1,Z1,No
ORD-3102,14:34,Friday,3,370,14,Moderate,3,2,2.8,Heavy,Hot,Dense Urban,Experienced,No,35,36,Z7,Z8,No
ORD-3103,20:50,Monday,1,288,9,Very High,6,1,2.6,Moderate,Clear,Urban,Moderate,Yes,26,33,Z5,Z4,No
ORD-3104,17:53,Thursday,2,235,23,High,1,7,5.2,Low,Clear,Dense Urban,New,No,53,44,Z5,Z2,Yes
ORD-3105,21:49,Thursday,1,298,8,Moderate,7,6,3.1,Moderate,Fog,Dense Urban,New,Yes,46,34,Z5,Z6,No
ORD-3106,20:22,Saturday,2,296,16,Very High,2,4,1.6,Heavy,Clear,Dense Urban,New,Yes,34,37,Z8,Z7,No
ORD-3107,22:20,Friday,4,1155,10,Moderate,3,3,4.1,Heavy,Clear,Dense Urban,Experienced,Yes,38,47,Z3,Z1,Yes
ORD-3108,22:37,Tuesday,3,500,15,Moderate,4,4,1.0,Heavy,Clear,Urban,New,No,31,28,Z1,Z3,No
ORD-3109,20:06,Saturday,2,382,20,High,11,5,6.6,Heavy,Rain,Urban,Experienced,Yes,65,55,Z4,Z5,No
ORD-3110,13:08,Friday,4,728,19,Moderate,4,8,4.0,Heavy,Rain,Dense Urban,Moderate,Yes,62,42,Z5,Z2,Yes
ORD-3111,14:00,Monday,6,548,26,Very High,2,6,2.6,Moderate,Clear,Urban,Moderate,Yes,46,38,Z8,Z6,No
ORD-3112,11:29,Saturday,3,348,19,High,3,9,5.3,Low,Clear,Dense Urban,Experienced,No,48,44,Z1,Z4,No
ORD-3113,22:48,Friday,2,544,11,Moderate,2,8,8.6,Moderate,Hot,Suburban,Moderate,No,42,52,Z7,Z4,No
ORD-3114,21:20,Sunday,4,735,18,Moderate,2,1,2.4,Heavy,Clear,Urban,Experienced,Yes,33,39,Z5,Z8,No
ORD-3115,19:54,Friday,2,441,17,High,1,4,4.4,Severe,Hot,Suburban,Experienced,Yes,47,62,Z2,Z8,No
ORD-3116,20:12,Saturday,5,609,17,Moderate,2,4,1.2,Severe,Clear,Urban,Experienced,Yes,32,32,Z4,Z3,No
ORD-3117,21:17,Wednesday,3,400,19,High,3,1,2.4,Heavy,Clear,Urban,Experienced,Yes,34,38,Z1,Z8,No
ORD-3118,09:53,Saturday,3,606,18,Very High,2,13,3.1,Low,Fog,Urban,New,No,43,33,Z3,Z1,No
ORD-3119,20:25,Monday,1,186,14,Very High,18,2,1.0,Moderate,Clear,Suburban,Moderate,Yes,40,34,Z3,Z8,No
ORD-3120,20:10,Saturday,4,737,19,Low,2,3,1.3,Heavy,Hot,Urban,Moderate,Yes,32,32,Z8,Z8,No
ORD-3121,20:33,Monday,6,1490,20,Moderate,5,4,1.4,Low,Clear,Urban,Moderate,Yes,36,35,Z8,Z8,No
ORD-3122,23:02,Friday,3,368,13,Moderate,1,2,3.2,Low,Fog,Dense Urban,Moderate,No,30,37,Z7,Z4,No
ORD-3123,12:36,Friday,9,1673,23,Low,5,5,2.2,Low,Clear,Urban,New,Yes,62,39,Z1,Z7,Yes
ORD-3124,13:28,Monday,3,386,17,Moderate,11,2,1.5,Heavy,Fog,Dense Urban,Experienced,Yes,46,35,Z3,Z6,Yes
ORD-3125,12:40,Thursday,2,529,23,Very High,1,2,2.7,Moderate,Hot,Suburban,Experienced,Yes,35,33,Z2,Z4,No
ORD-3126,12:20,Tuesday,3,490,18,High,6,4,1.3,Heavy,Fog,Dense Urban,Experienced,Yes,40,33,Z3,Z4,No
ORD-3127,23:07,Saturday,3,440,23,Very High,1,12,3.7,Low,Clear,Urban,Moderate,No,49,37,Z4,Z3,No
ORD-3128,22:05,Thursday,4,1019,8,Moderate,2,6,1.9,Heavy,Clear,Dense Urban,Moderate,Yes,29,35,Z4,Z7,No
ORD-3129,18:35,Friday,7,1469,41,Very High,1,2,2.8,Moderate,Fog,Urban,Moderate,No,55,41,Z4,Z7,No
ORD-3130,19:24,Monday,5,553,18,Moderate,1,2,2.8,Heavy,Clear,Urban,Moderate,Yes,37,42,Z5,Z6,No
ORD-3131,13:09,Friday,1,194,18,Very High,9,3,0.4,Heavy,Hot,Urban,Experienced,Yes,35,22,Z1,Z5,No
ORD-3132,20:07,Wednesday,2,454,12,Moderate,3,3,2.8,Heavy,Clear,Urban,New,Yes,37,36,Z4,Z6,Yes
ORD-3133,16:06,Sunday,4,804,12,Low,12,2,1.4,Low,Clear,Suburban,Moderate,No,33,29,Z7,Z2,No
ORD-3134,20:39,Saturday,3,380,9,Moderate,2,2,2.3,Moderate,Clear,Dense Urban,Experienced,Yes,25,33,Z3,Z1,No
ORD-3135,21:33,Monday,1,212,9,High,5,3,4.3,Moderate,Clear,Suburban,Experienced,Yes,29,41,Z3,Z7,No
ORD-3136,19:29,Tuesday,3,597,12,High,4,9,1.3,Severe,Clear,Urban,Moderate,Yes,34,39,Z4,Z1,No
ORD-3137,11:50,Monday,2,324,9,Low,2,4,5.5,Moderate,Clear,Suburban,Moderate,No,31,40,Z3,Z7,No
ORD-3138,19:46,Sunday,5,979,14,Moderate,5,2,3.7,Heavy,Clear,Dense Urban,Experienced,Yes,38,46,Z4,Z3,No
ORD-3139,20:05,Saturday,1,263,8,Moderate,2,2,3.5,Heavy,Hot,Dense Urban,Moderate,Yes,30,39,Z3,Z7,No
ORD-3140,19:51,Monday,3,727,13,Moderate,3,6,3.3,Severe,Clear,Urban,Moderate,Yes,40,38,Z1,Z4,No
ORD-3141,11:53,Friday,2,240,12,Moderate,1,2,2.5,Low,Clear,Dense Urban,Moderate,No,27,30,Z3,Z5,No
ORD-3142,21:50,Saturday,3,455,16,High,1,5,4.8,Moderate,Clear,Urban,Moderate,Yes,41,43,Z6,Z3,Yes
ORD-3143,20:48,Monday,1,200,11,Moderate,3,2,3.2,Heavy,Clear,Urban,Moderate,Yes,31,35,Z2,Z4,No
ORD-3144,21:49,Tuesday,1,190,13,Very High,6,5,0.5,Moderate,Hot,Urban,New,Yes,29,22,Z2,Z5,No
ORD-3145,13:12,Tuesday,4,428,18,High,6,4,8.9,Moderate,Rain,Urban,Moderate,Yes,59,65,Z8,Z5,No
ORD-3146,09:21,Tuesday,6,1323,22,Moderate,1,6,0.5,Moderate,Clear,Urban,Experienced,No,34,27,Z2,Z5,No
ORD-3147,19:36,Monday,4,547,16,High,6,4,2.2,Moderate,Cold,Urban,New,Yes,37,41,Z4,Z8,No
ORD-3148,20:14,Friday,1,131,20,Very High,2,3,0.9,Moderate,Clear,Urban,Experienced,Yes,31,25,Z3,Z5,No
ORD-3149,10:39,Tuesday,3,439,10,Moderate,3,2,2.8,Moderate,Clear,Urban,Experienced,No,28,37,Z4,Z7,Yes
ORD-3150,21:46,Saturday,2,416,14,High,2,12,6.7,Severe,Clear,Suburban,Moderate,Yes,64,52,Z5,Z8,No
ORD-3151,17:02,Thursday,3,508,7,Moderate,3,5,0.5,Moderate,Clear,Urban,Experienced,No,20,23,Z8,Z4,No
ORD-3152,22:23,Tuesday,3,596,14,Low,1,3,1.4,Heavy,Clear,Dense Urban,New,Yes,31,29,Z3,Z1,No
ORD-3153,15:28,Thursday,5,736,37,High,2,3,3.0,Low,Clear,Dense Urban,Moderate,No,57,55,Z3,Z8,No
ORD-3154,20:34,Sunday,2,253,17,High,11,4,2.8,Heavy,Rain,Urban,Experienced,Yes,53,39,Z4,Z5,No
ORD-3155,15:19,Sunday,2,309,9,Moderate,3,2,1.3,Severe,Clear,Urban,Moderate,No,24,41,Z1,Z8,No
ORD-3156,20:53,Sunday,1,172,11,Moderate,14,7,7.5,Low,Rain,Suburban,Moderate,Yes,56,52,Z1,Z7,No
ORD-3157,19:47,Friday,2,568,10,Low,7,7,0.7,Heavy,Hot,Dense Urban,New,Yes,33,27,Z8,Z4,No
ORD-3158,22:04,Tuesday,2,454,12,High,4,4,1.7,Moderate,Rain,Urban,New,Yes,34,35,Z1,Z6,Yes
ORD-3159,21:10,Tuesday,4,422,29,High,4,3,1.2,Low,Clear,Urban,New,Yes,43,32,Z7,Z3,No
ORD-3160,19:28,Saturday,1,254,9,High,5,5,4.1,Moderate,Hot,Suburban,Moderate,Yes,34,41,Z7,Z3,No
ORD-3161,12:31,Friday,3,563,16,High,4,3,2.8,Heavy,Clear,Urban,Moderate,Yes,46,39,Z1,Z6,No
ORD-3162,20:16,Sunday,2,343,9,Moderate,10,2,1.1,Heavy,Cold,Dense Urban,Moderate,Yes,32,25,Z3,Z8,No
ORD-3163,18:22,Sunday,3,884,16,Very High,2,3,5.6,Heavy,Clear,Suburban,New,No,41,45,Z3,Z5,No
ORD-3164,12:42,Saturday,5,654,22,High,2,3,3.8,Heavy,Clear,Urban,New,Yes,46,50,Z8,Z3,No
ORD-3165,13:04,Sunday,3,437,11,Moderate,6,5,1.1,Heavy,Clear,Urban,New,Yes,31,30,Z3,Z2,No
ORD-3166,19:28,Friday,1,140,12,High,4,4,3.9,Moderate,Clear,Dense Urban,Moderate,Yes,36,40,Z1,Z4,No
ORD-3167,22:19,Sunday,3,893,12,Moderate,2,2,5.6,Severe,Fog,Dense Urban,Experienced,Yes,53,54,Z4,Z1,No
ORD-3168,13:07,Thursday,6,471,27,High,6,6,5.8,Moderate,Hot,Suburban,Experienced,Yes,56,50,Z2,Z7,No
ORD-3169,13:54,Friday,3,482,20,High,2,3,4.4,Moderate,Clear,Urban,Experienced,Yes,38,63,Z8,Z7,No
ORD-3170,18:37,Sunday,3,416,14,Low,4,3,3.4,Moderate,Clear,Urban,Moderate,No,52,32,Z3,Z5,No
ORD-3171,10:13,Saturday,7,935,20,Low,1,3,4.0,Low,Clear,Suburban,Moderate,No,38,38,Z1,Z6,Yes
ORD-3172,13:24,Friday,3,543,11,Moderate,2,3,2.3,Severe,Clear,Dense Urban,Moderate,Yes,35,39,Z5,Z1,No
ORD-3173,19:41,Tuesday,2,324,18,Very High,7,3,7.7,Low,Clear,Suburban,Moderate,Yes,48,57,Z6,Z3,No
ORD-3174,19:49,Tuesday,2,352,15,Very High,14,3,3.8,Severe,Clear,Suburban,Moderate,Yes,51,41,Z2,Z4,No
ORD-3175,12:58,Sunday,3,282,14,Very High,8,5,2.3,Severe,Clear,Suburban,Moderate,Yes,42,40,Z1,Z2,No
ORD-3176,15:06,Monday,3,673,19,Moderate,1,4,2.5,Moderate,Rain,Dense Urban,Experienced,No,38,31,Z5,Z6,No
ORD-3177,21:09,Friday,2,394,9,Moderate,5,9,2.8,Heavy,Rain,Urban,New,Yes,40,33,Z3,Z1,No
ORD-3178,12:01,Saturday,1,253,10,Moderate,22,1,3.5,Heavy,Clear,Urban,Experienced,Yes,46,35,Z1,Z5,No
ORD-3179,23:07,Wednesday,5,1337,15,Moderate,1,2,1.4,Moderate,Clear,Suburban,Moderate,No,26,33,Z8,Z5,No
ORD-3180,18:09,Tuesday,4,738,16,Low,1,4,2.3,Moderate,Clear,Dense Urban,Experienced,No,34,34,Z8,Z2,No
ORD-3181,13:37,Friday,3,428,25,High,10,2,6.0,Heavy,Clear,Suburban,New,Yes,59,52,Z2,Z4,No
ORD-3182,14:46,Sunday,5,484,14,Low,8,2,1.8,Low,Rain,Dense Urban,Experienced,No,35,27,Z5,Z1,No
ORD-3183,10:51,Friday,2,346,10,Low,2,9,3.7,Heavy,Hot,Urban,New,No,62,56,Z3,Z1,No
ORD-3184,12:56,Friday,3,383,15,Low,3,4,1.2,Heavy,Clear,Dense Urban,Experienced,Yes,32,33,Z3,Z5,No
ORD-3185,12:55,Thursday,4,836,18,High,5,2,1.9,Moderate,Clear,Urban,Moderate,Yes,34,36,Z6,Z8,No
ORD-3186,17:45,Tuesday,3,381,8,Low,2,4,2.7,Low,Clear,Dense Urban,Experienced,No,26,32,Z2,Z4,No
ORD-3187,21:37,Friday,2,516,24,High,2,6,8.0,Moderate,Clear,Urban,Moderate,Yes,57,54,Z8,Z4,No
ORD-3188,20:44,Saturday,5,926,10,High,8,2,4.2,Moderate,Hot,Suburban,Experienced,Yes,35,42,Z8,Z5,No
ORD-3189,23:26,Friday,7,1099,12,Low,4,2,2.5,Moderate,Hot,Dense Urban,Experienced,No,53,36,Z4,Z6,Yes
ORD-3190,18:39,Sunday,9,1289,34,Moderate,3,1,1.8,Severe,Hot,Dense Urban,Experienced,No,51,35,Z1,Z1,No
ORD-3191,18:52,Sunday,2,446,14,Low,4,3,7.7,Low,Hot,Suburban,Experienced,No,37,49,Z1,Z7,No
ORD-3192,20:11,Tuesday,2,320,9,Moderate,5,3,2.6,Heavy,Cold,Dense Urban,Experienced,Yes,36,32,Z4,Z4,Yes
ORD-3193,20:18,Wednesday,2,543,6,Moderate,5,4,9.2,Heavy,Clear,Urban,Moderate,Yes,46,58,Z5,Z4,No
ORD-3194,18:55,Saturday,2,486,9,Moderate,3,4,0.4,Moderate,Clear,Dense Urban,Moderate,No,23,23,Z4,Z7,No
ORD-3195,12:51,Friday,6,1040,22,Moderate,6,1,2.0,Severe,Clear,Urban,New,Yes,42,41,Z2,Z7,No
ORD-3196,22:34,Monday,4,657,16,Low,3,4,4.0,Low,Clear,Suburban,New,No,35,42,Z4,Z4,No
ORD-3197,12:27,Thursday,2,642,7,Moderate,5,2,0.9,Heavy,Rain,Dense Urban,Experienced,Yes,24,24,Z8,Z7,No
ORD-3198,13:05,Wednesday,2,333,20,High,5,2,2.8,Low,Rain,Dense Urban,Experienced,Yes,39,35,Z3,Z7,No
ORD-3199,12:41,Sunday,5,1178,18,High,4,2,5.9,Severe,Clear,Suburban,New,Yes,52,50,Z7,Z5,No
ORD-3200,21:28,Monday,5,716,18,High,2,3,1.6,Heavy,Clear,Urban,Experienced,Yes,32,58,Z7,Z4,No
ORD-3201,13:56,Sunday,4,655,13,Low,1,1,0.7,Heavy,Clear,Dense Urban,Moderate,Yes,24,49,Z7,Z2,No
ORD-3202,13:48,Sunday,3,346,23,Very High,5,6,6.3,Heavy,Clear,Suburban,Moderate,Yes,59,50,Z2,Z4,No
ORD-3203,12:31,Wednesday,2,229,13,High,4,9,4.7,Heavy,Rain,Dense Urban,Moderate,Yes,53,43,Z1,Z4,No
ORD-3204,19:17,Friday,1,248,8,Low,1,3,2.9,Heavy,Fog,Dense Urban,Moderate,Yes,31,42,Z8,Z4,No
ORD-3205,17:40,Friday,4,1329,11,High,1,3,4.2,Heavy,Fog,Urban,New,No,36,40,Z6,Z8,No
ORD-3206,12:50,Sunday,9,1325,33,High,5,3,1.4,Low,Clear,Urban,Moderate,Yes,48,47,Z3,Z3,No
ORD-3207,20:44,Wednesday,1,215,16,High,6,1,0.6,Heavy,Fog,Urban,New,Yes,30,28,Z1,Z2,No
ORD-3208,21:35,Friday,2,345,9,Moderate,12,8,11.7,Heavy,Clear,Suburban,Experienced,Yes,75,72,Z3,Z3,Yes
ORD-3209,12:30,Thursday,3,624,20,Very High,6,7,6.8,Moderate,Clear,Urban,Moderate,Yes,54,53,Z8,Z1,No
ORD-3210,13:16,Sunday,1,284,12,High,9,6,3.5,Moderate,Rain,Dense Urban,Moderate,Yes,47,39,Z6,Z3,No
ORD-3211,18:40,Sunday,3,372,11,Low,7,3,5.3,Heavy,Clear,Urban,Moderate,No,57,48,Z7,Z3,No
ORD-3212,22:23,Tuesday,3,344,20,High,1,13,2.1,Severe,Hot,Urban,Experienced,Yes,45,35,Z1,Z1,No
ORD-3213,11:34,Friday,7,949,19,Moderate,2,1,5.5,Low,Clear,Urban,Moderate,No,37,47,Z5,Z4,No
ORD-3214,12:20,Friday,2,461,12,High,3,4,2.6,Moderate,Rain,Urban,Experienced,Yes,29,52,Z2,Z1,No
ORD-3215,17:06,Tuesday,4,978,17,High,3,5,2.8,Low,Hot,Dense Urban,Moderate,No,39,38,Z8,Z4,No
ORD-3216,19:54,Thursday,2,394,11,High,6,3,2.3,Moderate,Clear,Dense Urban,Experienced,Yes,35,32,Z3,Z4,Yes
ORD-3217,13:04,Tuesday,2,531,14,High,2,4,5.1,Moderate,Clear,Urban,New,Yes,38,60,Z1,Z1,No
ORD-3218,22:42,Wednesday,3,474,13,High,3,1,7.0,Moderate,Hot,Urban,Experienced,No,42,61,Z3,Z7,Yes
ORD-3219,14:50,Thursday,4,366,12,Moderate,2,3,1.9,Moderate,Fog,Urban,Experienced,No,26,28,Z2,Z2,No
ORD-3220,23:22,Monday,7,1172,22,Moderate,3,2,4.6,Heavy,Clear,Dense Urban,Moderate,No,48,45,Z6,Z3,No
ORD-3221,19:30,Wednesday,2,334,15,High,5,4,3.4,Heavy,Clear,Suburban,Moderate,Yes,40,66,Z3,Z2,No
ORD-3222,14:06,Wednesday,1,195,9,High,6,2,1.9,Heavy,Clear,Dense Urban,Experienced,Yes,28,27,Z1,Z2,No
ORD-3223,13:03,Monday,3,995,14,Moderate,9,2,5.6,Moderate,Clear,Urban,Moderate,Yes,43,49,Z1,Z5,No
ORD-3224,09:36,Sunday,2,319,14,High,1,4,4.2,Heavy,Clear,Urban,Moderate,No,38,38,Z4,Z3,No
ORD-3225,19:23,Sunday,6,794,30,High,2,3,9.2,Low,Clear,Urban,Moderate,Yes,56,67,Z5,Z6,No
ORD-3226,12:58,Saturday,6,995,32,High,6,3,1.0,Severe,Clear,Urban,Experienced,Yes,49,35,Z6,Z1,No
ORD-3227,20:28,Saturday,2,532,11,Moderate,4,5,2.2,Severe,Clear,Dense Urban,Experienced,Yes,35,33,Z7,Z5,No
ORD-3228,21:02,Tuesday,1,244,9,Moderate,1,3,1.8,Moderate,Clear,Dense Urban,Experienced,Yes,24,29,Z6,Z3,No
ORD-3229,20:27,Thursday,4,485,16,High,1,2,1.8,Heavy,Clear,Dense Urban,Experienced,Yes,30,37,Z5,Z5,No
ORD-3230,18:52,Monday,2,817,14,High,1,4,2.1,Heavy,Hot,Dense Urban,Moderate,No,33,33,Z8,Z3,No
ORD-3231,12:50,Tuesday,1,170,5,Low,5,10,3.4,Heavy,Clear,Urban,Moderate,Yes,47,60,Z8,Z8,No
ORD-3232,13:48,Monday,5,872,13,Moderate,3,2,3.1,Moderate,Clear,Urban,Moderate,Yes,35,43,Z7,Z6,Yes
ORD-3233,15:25,Saturday,8,1110,19,Moderate,1,6,1.2,Moderate,Rain,Urban,New,No,42,37,Z1,Z1,Yes
ORD-3234,13:38,Sunday,1,140,10,Moderate,4,4,6.0,Severe,Clear,Urban,Moderate,Yes,52,48,Z5,Z4,No
ORD-3235,15:30,Tuesday,2,495,9,Moderate,5,4,4.1,Moderate,Clear,Suburban,New,No,32,33,Z7,Z7,No
ORD-3236,14:27,Monday,3,409,15,High,6,2,3.1,Low,Clear,Urban,Experienced,Yes,36,38,Z3,Z3,Yes
ORD-3237,14:13,Tuesday,1,217,6,Moderate,3,6,2.5,Heavy,Clear,Urban,Moderate,Yes,28,29,Z8,Z1,No
ORD-3238,20:44,Sunday,2,477,9,Moderate,3,9,1.5,Heavy,Rain,Urban,Moderate,Yes,49,34,Z8,Z1,No
ORD-3239,21:47,Wednesday,1,229,16,High,4,2,2.2,Low,Clear,Urban,Experienced,Yes,41,35,Z3,Z1,Yes
ORD-3240,20:01,Thursday,1,308,11,Moderate,4,9,3.4,Severe,Clear,Urban,Moderate,Yes,44,39,Z3,Z4,No
ORD-3241,12:37,Sunday,4,585,31,High,1,3,2.2,Heavy,Cold,Dense Urban,Moderate,Yes,48,42,Z5,Z8,No
ORD-3242,19:00,Monday,2,349,15,Moderate,6,3,6.3,Heavy,Clear,Dense Urban,New,Yes,58,65,Z2,Z7,No
ORD-3243,20:12,Friday,2,328,19,Very High,1,2,2.8,Moderate,Clear,Suburban,Experienced,Yes,32,49,Z4,Z4,No
ORD-3244,20:19,Friday,1,205,13,Moderate,5,2,8.8,Moderate,Clear,Suburban,Experienced,Yes,44,51,Z3,Z6,No
ORD-3245,21:31,Tuesday,5,504,25,High,4,2,1.8,Moderate,Rain,Suburban,New,Yes,41,37,Z1,Z6,No
ORD-3246,11:34,Friday,3,356,14,Moderate,2,5,5.7,Heavy,Clear,Suburban,Moderate,No,41,45,Z6,Z8,No
ORD-3247,20:46,Sunday,4,691,19,Moderate,2,4,4.9,Moderate,Cold,Dense Urban,Moderate,Yes,43,40,Z1,Z8,No
ORD-3248,19:30,Tuesday,3,470,24,Very High,9,3,7.5,Moderate,Fog,Urban,Experienced,Yes,61,53,Z2,Z3,No
ORD-3249,20:42,Tuesday,2,236,17,High,1,5,4.1,Heavy,Clear,Urban,New,Yes,42,42,Z7,Z5,No
ORD-3250,12:51,Friday,3,474,20,High,3,2,1.9,Severe,Fog,Dense Urban,Moderate,Yes,42,42,Z6,Z7,No
ORD-3251,11:55,Saturday,4,873,26,Low,1,2,2.0,Severe,Clear,Dense Urban,Moderate,No,46,30,Z5,Z5,No
ORD-3252,20:27,Saturday,5,981,18,Moderate,3,2,1.6,Heavy,Clear,Suburban,Moderate,Yes,31,39,Z3,Z6,No
ORD-3253,14:45,Sunday,3,430,14,High,1,9,3.1,Low,Clear,Dense Urban,Moderate,No,41,34,Z2,Z3,Yes
ORD-3254,12:56,Sunday,1,222,9,Moderate,7,11,6.3,Heavy,Clear,Urban,Moderate,Yes,51,50,Z1,Z7,No
ORD-3255,12:42,Friday,4,926,20,High,13,1,1.4,Severe,Rain,Suburban,Experienced,Yes,44,65,Z8,Z4,No
ORD-3256,12:43,Friday,5,704,36,High,1,5,2.6,Heavy,Clear,Dense Urban,Experienced,Yes,69,41,Z4,Z8,No
ORD-3257,19:48,Friday,2,571,11,High,1,2,1.1,Moderate,Clear,Urban,Moderate,Yes,42,32,Z1,Z8,Yes
ORD-3258,13:52,Thursday,2,256,13,Moderate,2,1,5.9,Severe,Clear,Suburban,Moderate,Yes,44,60,Z7,Z4,No
ORD-3259,13:22,Saturday,2,362,17,High,1,3,7.7,Heavy,Clear,Suburban,New,Yes,50,60,Z7,Z2,No
ORD-3260,15:55,Tuesday,1,257,18,Very High,3,1,6.2,Low,Clear,Urban,Experienced,No,37,43,Z2,Z6,No
ORD-3261,13:43,Saturday,6,1205,44,Very High,6,11,1.0,Heavy,Hot,Urban,New,Yes,69,35,Z1,Z2,No
ORD-3262,19:36,Tuesday,4,1029,17,Very High,11,4,1.9,Severe,Rain,Urban,New,Yes,48,40,Z4,Z5,No
ORD-3263,13:24,Wednesday,7,1570,20,Moderate,2,2,4.2,Low,Hot,Urban,Moderate,Yes,40,44,Z4,Z7,Yes
ORD-3264,15:30,Thursday,1,152,10,High,2,7,1.0,Moderate,Hot,Dense Urban,Moderate,No,28,24,Z4,Z4,No
ORD-3265,12:39,Sunday,3,816,9,Low,17,3,8.3,Moderate,Hot,Suburban,Experienced,Yes,53,56,Z1,Z2,No
ORD-3266,18:58,Sunday,2,258,12,Moderate,2,3,2.2,Moderate,Fog,Dense Urban,Moderate,No,30,27,Z3,Z5,No
ORD-3267,23:23,Saturday,4,667,20,High,7,4,2.4,Low,Clear,Dense Urban,Moderate,No,42,33,Z5,Z7,No
ORD-3268,17:47,Friday,4,869,13,Moderate,3,3,2.2,Moderate,Clear,Suburban,Moderate,No,28,32,Z4,Z2,No
ORD-3269,19:19,Saturday,5,1014,30,Very High,5,4,3.4,Severe,Clear,Urban,Moderate,Yes,56,39,Z4,Z2,No
ORD-3270,18:14,Tuesday,4,821,20,Very High,10,6,2.6,Heavy,Clear,Dense Urban,Experienced,No,52,47,Z4,Z1,No
ORD-3271,14:09,Friday,2,386,15,Moderate,11,3,0.9,Low,Hot,Urban,New,Yes,35,26,Z1,Z6,No
ORD-3272,18:18,Sunday,3,534,11,Moderate,5,1,3.8,Moderate,Clear,Urban,Experienced,No,30,41,Z6,Z7,No
ORD-3273,23:07,Friday,2,191,8,Low,1,2,2.2,Moderate,Clear,Urban,Experienced,No,19,30,Z6,Z2,No
ORD-3274,19:41,Thursday,3,619,23,Very High,6,1,1.8,Severe,Hot,Suburban,Moderate,Yes,61,49,Z5,Z4,No
ORD-3275,21:25,Wednesday,3,495,14,Very High,3,15,4.4,Heavy,Rain,Urban,Experienced,Yes,52,60,Z2,Z4,No
ORD-3276,16:26,Thursday,2,223,9,High,5,2,2.6,Moderate,Clear,Suburban,Moderate,No,25,36,Z8,Z4,No
ORD-3277,13:11,Thursday,4,688,14,Moderate,9,3,2.9,Moderate,Rain,Urban,Moderate,Yes,39,34,Z5,Z8,No
ORD-3278,23:06,Friday,5,756,31,High,4,7,1.2,Heavy,Rain,Dense Urban,New,No,56,33,Z3,Z3,No
ORD-3279,21:04,Sunday,5,489,16,High,3,3,7.6,Low,Cold,Suburban,Experienced,Yes,39,53,Z6,Z6,No
ORD-3280,14:11,Thursday,1,159,8,Low,1,7,4.1,Moderate,Cold,Urban,Experienced,Yes,29,36,Z4,Z3,No
ORD-3281,12:04,Friday,3,416,12,High,9,5,5.2,Heavy,Rain,Suburban,Moderate,Yes,48,48,Z1,Z4,No
ORD-3282,21:38,Saturday,4,622,20,Very High,4,4,0.9,Low,Rain,Urban,Experienced,Yes,34,32,Z7,Z3,No
ORD-3283,13:11,Tuesday,1,296,12,Moderate,19,2,3.3,Severe,Rain,Dense Urban,Experienced,Yes,58,42,Z3,Z4,No
ORD-3284,22:02,Friday,3,522,15,High,1,2,5.1,Moderate,Cold,Urban,Experienced,Yes,33,48,Z4,Z2,No
ORD-3285,18:08,Friday,1,252,6,Low,3,2,1.4,Low,Cold,Urban,Moderate,No,18,21,Z2,Z6,No
ORD-3286,13:17,Saturday,2,426,24,High,6,1,1.7,Heavy,Rain,Urban,Moderate,Yes,42,36,Z7,Z1,No
ORD-3287,12:23,Saturday,1,271,17,Very High,14,4,1.2,Moderate,Hot,Dense Urban,New,Yes,45,33,Z1,Z8,No
ORD-3288,19:35,Monday,1,328,4,Low,4,2,5.3,Low,Clear,Suburban,Experienced,Yes,23,44,Z6,Z7,No
ORD-3289,14:10,Wednesday,1,196,12,Very High,5,5,2.3,Heavy,Clear,Urban,Experienced,Yes,35,46,Z7,Z3,No
ORD-3290,18:33,Monday,2,351,12,Moderate,4,11,2.9,Moderate,Fog,Dense Urban,New,No,48,29,Z5,Z3,No
ORD-3291,21:39,Saturday,5,780,16,Moderate,7,6,2.0,Moderate,Clear,Dense Urban,Moderate,Yes,40,38,Z8,Z1,No
ORD-3292,14:49,Saturday,4,485,55,Moderate,1,2,2.5,Severe,Clear,Urban,Experienced,No,85,33,Z3,Z3,No
ORD-3293,11:03,Friday,3,571,10,Moderate,9,6,2.8,Moderate,Clear,Dense Urban,Experienced,No,40,31,Z7,Z2,No
ORD-3294,21:19,Sunday,1,180,10,High,7,4,2.8,Heavy,Rain,Suburban,Moderate,Yes,35,35,Z1,Z7,No
ORD-3295,18:58,Sunday,3,508,10,Low,3,4,2.6,Moderate,Clear,Dense Urban,Experienced,No,30,31,Z4,Z5,No
ORD-3296,22:21,Wednesday,4,1039,21,Moderate,7,7,1.7,Heavy,Clear,Urban,Moderate,Yes,48,29,Z5,Z1,Yes
ORD-3297,20:06,Sunday,3,616,28,Very High,1,3,2.2,Severe,Clear,Dense Urban,Moderate,Yes,50,34,Z2,Z4,No
ORD-3298,22:16,Friday,5,1220,23,High,4,4,3.5,Moderate,Clear,Urban,Moderate,Yes,48,38,Z5,Z3,Yes
ORD-3299,14:31,Sunday,1,286,13,Very High,9,2,2.3,Low,Clear,Dense Urban,Experienced,No,35,31,Z1,Z1,No
ORD-3300,19:38,Monday,3,584,18,High,7,3,1.7,Moderate,Clear,Dense Urban,Moderate,Yes,39,34,Z2,Z3,No
ORD-3301,11:56,Tuesday,2,303,14,High,4,2,4.3,Low,Clear,Urban,New,No,33,35,Z7,Z1,No
ORD-3302,18:42,Saturday,2,276,7,Low,12,2,4.3,Moderate,Clear,Suburban,Moderate,No,33,49,Z2,Z4,No
ORD-3303,13:44,Tuesday,4,613,12,Low,3,4,1.9,Low,Clear,Urban,Moderate,Yes,26,36,Z3,Z2,No
ORD-3304,20:19,Saturday,3,386,15,High,3,3,4.6,Heavy,Rain,Dense Urban,Moderate,Yes,50,48,Z4,Z6,No
ORD-3305,19:33,Tuesday,2,251,11,Moderate,8,4,1.7,Severe,Clear,Dense Urban,Moderate,Yes,41,32,Z6,Z6,Yes
ORD-3306,13:57,Sunday,6,824,15,Moderate,2,2,2.3,Heavy,Clear,Dense Urban,New,Yes,35,36,Z1,Z7,No
ORD-3307,15:16,Friday,4,624,18,Very High,3,4,1.0,Moderate,Clear,Urban,Experienced,No,31,28,Z7,Z8,No
ORD-3308,12:36,Monday,2,401,15,Very High,1,4,3.8,Heavy,Hot,Dense Urban,Experienced,Yes,39,47,Z1,Z1,No
ORD-3309,12:17,Wednesday,3,692,10,Moderate,6,5,7.3,Heavy,Clear,Urban,Moderate,Yes,60,59,Z4,Z1,No
ORD-3310,11:37,Thursday,3,283,9,Low,3,3,2.6,Moderate,Clear,Dense Urban,Experienced,No,28,32,Z5,Z6,No
ORD-3311,22:25,Saturday,2,625,10,High,8,3,4.2,Moderate,Clear,Dense Urban,Moderate,Yes,38,61,Z6,Z6,No
ORD-3312,19:15,Wednesday,5,525,16,Low,6,5,3.0,Severe,Clear,Urban,Moderate,Yes,45,43,Z8,Z3,No
ORD-3313,13:37,Saturday,4,831,17,High,5,12,7.6,Severe,Clear,Suburban,Moderate,Yes,69,67,Z6,Z3,Yes
ORD-3314,22:49,Saturday,2,313,9,Low,5,5,5.8,Low,Clear,Suburban,Moderate,No,33,41,Z8,Z7,No
ORD-3315,19:16,Sunday,2,306,14,Very High,6,2,4.0,Moderate,Clear,Urban,Moderate,Yes,35,46,Z8,Z1,No
ORD-3316,22:13,Thursday,4,681,26,Very High,1,4,6.2,Moderate,Clear,Suburban,Moderate,Yes,49,52,Z7,Z6,No
ORD-3317,20:33,Monday,3,531,12,High,1,6,1.4,Moderate,Clear,Dense Urban,New,Yes,30,28,Z2,Z5,No
ORD-3318,21:47,Tuesday,4,945,14,Moderate,7,2,2.9,Severe,Hot,Dense Urban,Experienced,Yes,43,42,Z5,Z8,No
ORD-3319,13:45,Saturday,4,748,11,Low,2,5,3.1,Heavy,Hot,Dense Urban,Moderate,Yes,36,37,Z1,Z8,No
ORD-3320,13:50,Thursday,4,665,18,Very High,14,7,8.2,Moderate,Hot,Suburban,Moderate,Yes,66,67,Z2,Z5,No
ORD-3321,19:12,Friday,3,360,14,Moderate,10,10,1.5,Moderate,Clear,Urban,Experienced,Yes,42,34,Z3,Z1,No
ORD-3322,14:22,Wednesday,3,509,6,Low,9,1,0.4,Heavy,Clear,Dense Urban,Moderate,Yes,23,28,Z7,Z5,No
ORD-3323,11:29,Saturday,6,313,22,High,4,3,6.5,Severe,Clear,Suburban,Moderate,No,55,63,Z8,Z1,No
ORD-3324,19:58,Monday,4,504,16,Low,5,3,4.5,Severe,Rain,Suburban,Experienced,Yes,56,52,Z8,Z3,Yes
ORD-3325,19:34,Sunday,2,570,16,High,10,3,1.8,Heavy,Rain,Urban,Experienced,Yes,40,30,Z7,Z8,No
ORD-3326,20:48,Saturday,3,354,23,Very High,3,2,5.2,Heavy,Clear,Dense Urban,Moderate,Yes,63,52,Z7,Z1,Yes
ORD-3327,14:13,Tuesday,4,486,18,Moderate,8,5,2.2,Heavy,Fog,Suburban,Moderate,Yes,42,38,Z1,Z7,No
ORD-3328,21:01,Saturday,1,232,21,Very High,2,12,6.2,Moderate,Clear,Suburban,Moderate,Yes,56,49,Z2,Z7,Yes
ORD-3329,21:17,Tuesday,4,747,19,Moderate,9,4,8.4,Heavy,Clear,Suburban,Experienced,Yes,59,65,Z3,Z1,No
ORD-3330,13:20,Wednesday,3,920,7,Low,5,2,2.3,Heavy,Clear,Urban,Moderate,Yes,25,34,Z8,Z4,No
ORD-3331,21:05,Friday,4,1065,17,High,1,4,5.7,Heavy,Clear,Urban,New,Yes,48,49,Z6,Z4,No
ORD-3332,19:33,Friday,3,237,9,Moderate,9,1,1.2,Heavy,Clear,Urban,Experienced,Yes,27,33,Z2,Z8,No
ORD-3333,11:30,Saturday,1,175,14,Very High,10,10,3.5,Low,Rain,Suburban,Moderate,No,46,58,Z7,Z7,No
ORD-3334,23:22,Saturday,3,570,4,Low,1,4,1.6,Low,Clear,Dense Urban,Moderate,No,18,24,Z6,Z4,No
ORD-3335,19:26,Monday,3,870,17,High,7,9,5.7,Low,Fog,Suburban,New,Yes,50,52,Z5,Z3,No
ORD-3336,21:47,Tuesday,3,590,12,Moderate,6,7,4.4,Moderate,Clear,Dense Urban,Moderate,Yes,45,39,Z6,Z6,No
ORD-3337,21:35,Monday,3,442,24,High,5,3,2.6,Low,Clear,Suburban,Moderate,Yes,41,55,Z5,Z5,No
ORD-3338,13:56,Saturday,3,1095,8,Moderate,6,7,2.5,Low,Hot,Dense Urban,Moderate,Yes,34,33,Z5,Z2,No
ORD-3339,19:46,Friday,3,615,18,Very High,4,4,2.2,Severe,Fog,Dense Urban,Experienced,Yes,45,37,Z7,Z7,No
ORD-3340,12:19,Sunday,2,492,22,High,1,5,4.2,Moderate,Hot,Dense Urban,Moderate,Yes,49,43,Z1,Z2,No
ORD-3341,13:13,Friday,3,1052,22,High,3,2,5.3,Heavy,Clear,Urban,Moderate,Yes,51,45,Z3,Z6,No
ORD-3342,20:22,Friday,4,681,17,Very High,2,9,4.1,Severe,Rain,Suburban,Experienced,Yes,47,45,Z5,Z7,No
ORD-3343,18:21,Saturday,3,465,13,Moderate,2,2,4.5,Low,Rain,Suburban,Experienced,No,31,36,Z6,Z3,No
ORD-3344,19:51,Tuesday,1,193,10,High,3,3,4.0,Heavy,Clear,Suburban,Experienced,Yes,32,38,Z5,Z2,No
ORD-3345,12:22,Thursday,2,197,62,Very High,5,3,5.4,Moderate,Clear,Urban,Moderate,Yes,87,47,Z3,Z2,No
ORD-3346,20:41,Saturday,3,870,19,Very High,7,3,1.5,Moderate,Rain,Urban,New,Yes,38,33,Z7,Z2,No
ORD-3347,21:16,Thursday,2,860,13,High,7,6,1.6,Heavy,Clear,Dense Urban,Moderate,Yes,37,54,Z1,Z7,No
ORD-3348,20:18,Friday,3,348,10,Moderate,5,5,1.4,Severe,Hot,Dense Urban,Experienced,Yes,32,54,Z2,Z7,No
ORD-3349,20:37,Monday,3,522,21,Very High,5,2,8.6,Severe,Clear,Urban,New,Yes,75,64,Z6,Z5,No
ORD-3350,09:39,Thursday,5,750,12,Moderate,8,4,4.2,Low,Clear,Suburban,New,No,40,42,Z2,Z8,Yes
ORD-3351,10:11,Thursday,2,410,14,High,3,5,5.1,Moderate,Rain,Urban,New,No,42,46,Z8,Z7,No
ORD-3352,14:07,Saturday,3,525,13,Moderate,2,2,2.4,Heavy,Rain,Urban,Moderate,Yes,29,38,Z5,Z2,No
ORD-3353,13:41,Saturday,2,307,12,Moderate,1,3,2.5,Moderate,Hot,Urban,Experienced,Yes,25,33,Z2,Z1,No
ORD-3354,21:01,Sunday,5,309,22,Moderate,7,7,2.0,Low,Rain,Urban,Moderate,Yes,45,31,Z4,Z8,No
ORD-3355,13:29,Saturday,1,274,11,High,11,3,2.9,Heavy,Cold,Urban,Moderate,Yes,39,41,Z4,Z1,No
ORD-3356,13:17,Thursday,2,454,17,Moderate,4,14,5.9,Heavy,Clear,Suburban,Experienced,Yes,60,44,Z5,Z3,No
ORD-3357,11:36,Saturday,2,428,13,Moderate,1,8,4.1,Low,Cold,Suburban,Moderate,No,35,33,Z8,Z3,No
ORD-3358,11:40,Thursday,7,2078,22,Low,2,2,3.4,Heavy,Clear,Urban,Moderate,No,50,38,Z2,Z6,No
ORD-3359,12:58,Thursday,2,518,13,High,8,5,3.3,Moderate,Clear,Suburban,New,Yes,41,39,Z3,Z5,Yes
ORD-3360,22:04,Wednesday,3,799,19,High,5,1,7.0,Moderate,Hot,Suburban,Moderate,Yes,49,51,Z8,Z8,No
ORD-3361,12:25,Sunday,2,465,17,Moderate,10,5,4.3,Low,Rain,Urban,Moderate,Yes,46,36,Z8,Z2,No
ORD-3362,13:07,Wednesday,3,560,16,Moderate,3,9,1.6,Low,Clear,Urban,New,Yes,39,32,Z3,Z7,Yes
ORD-3363,13:27,Monday,4,546,13,High,7,1,3.8,Heavy,Rain,Suburban,Moderate,Yes,37,51,Z5,Z7,No
ORD-3364,09:06,Monday,2,373,11,Moderate,2,3,7.5,Low,Clear,Suburban,Experienced,No,33,51,Z5,Z2,No
ORD-3365,19:24,Wednesday,5,685,34,Very High,2,4,1.9,Moderate,Clear,Dense Urban,Experienced,Yes,54,32,Z7,Z3,Yes
ORD-3366,14:37,Monday,1,199,8,Low,2,2,1.8,Moderate,Clear,Urban,New,No,20,23,Z7,Z6,No
ORD-3367,13:42,Saturday,4,897,23,Very High,6,2,3.7,Moderate,Hot,Suburban,Moderate,Yes,45,64,Z5,Z4,No
ORD-3368,19:10,Tuesday,2,280,14,Moderate,4,3,3.6,Moderate,Clear,Suburban,Moderate,Yes,32,52,Z3,Z1,No
ORD-3369,11:42,Wednesday,5,572,22,High,2,7,1.3,Moderate,Clear,Urban,New,No,39,30,Z1,Z3,No
ORD-3370,13:46,Saturday,4,774,11,Moderate,1,6,1.7,Moderate,Clear,Dense Urban,Experienced,Yes,29,35,Z1,Z8,No
ORD-3371,19:21,Sunday,1,148,12,High,3,4,3.3,Heavy,Cold,Dense Urban,Experienced,Yes,36,65,Z8,Z3,No
ORD-3372,20:29,Saturday,3,487,21,Moderate,1,3,6.6,Moderate,Clear,Urban,Moderate,Yes,55,51,Z2,Z8,No
ORD-3373,20:55,Friday,3,551,14,Low,5,5,1.4,Low,Clear,Suburban,New,Yes,56,30,Z8,Z1,Yes
ORD-3374,11:28,Saturday,3,506,11,High,4,2,14.1,Heavy,Clear,Suburban,Experienced,No,68,80,Z4,Z4,No
ORD-3375,13:54,Wednesday,5,750,20,High,4,9,3.9,Moderate,Clear,Urban,Experienced,Yes,46,44,Z4,Z7,No
ORD-3376,13:39,Sunday,3,363,13,High,3,7,2.5,Moderate,Clear,Urban,New,Yes,46,36,Z4,Z1,No
ORD-3377,13:42,Thursday,2,432,29,Very High,2,8,2.9,Heavy,Clear,Dense Urban,Experienced,Yes,61,37,Z8,Z2,No
ORD-3378,18:45,Saturday,3,283,13,Moderate,5,5,4.6,Moderate,Hot,Suburban,Experienced,No,38,40,Z7,Z2,No
ORD-3379,12:57,Friday,3,445,5,Low,4,2,6.1,Moderate,Hot,Suburban,Experienced,Yes,30,44,Z7,Z4,No
ORD-3380,21:17,Thursday,3,469,12,Low,1,4,3.3,Heavy,Clear,Dense Urban,New,Yes,38,35,Z3,Z1,No
ORD-3381,10:25,Tuesday,4,603,24,Very High,2,4,3.2,Moderate,Clear,Dense Urban,New,No,46,38,Z6,Z3,No
ORD-3382,14:22,Sunday,3,425,12,High,4,3,2.1,Low,Cold,Suburban,Moderate,Yes,28,33,Z5,Z1,No
ORD-3383,19:34,Friday,3,436,17,High,3,3,1.6,Low,Clear,Suburban,Moderate,Yes,36,31,Z8,Z4,No
ORD-3384,20:33,Saturday,2,525,21,Moderate,5,3,2.7,Moderate,Clear,Suburban,Experienced,Yes,51,35,Z7,Z6,No
ORD-3385,15:50,Friday,3,1146,12,Very High,2,7,6.1,Moderate,Clear,Suburban,New,No,41,45,Z8,Z7,No
ORD-3386,20:53,Wednesday,5,633,15,Low,3,4,2.7,Heavy,Clear,Urban,Moderate,Yes,35,41,Z5,Z2,No
ORD-3387,16:41,Friday,4,841,14,Moderate,4,2,1.5,Moderate,Clear,Dense Urban,Moderate,No,30,25,Z8,Z1,No
ORD-3388,17:44,Friday,2,307,8,Low,8,3,5.6,Moderate,Rain,Dense Urban,Moderate,No,62,47,Z1,Z3,Yes
ORD-3389,21:38,Wednesday,3,1026,12,High,6,2,3.5,Moderate,Hot,Suburban,Moderate,Yes,49,37,Z7,Z2,No
ORD-3390,12:24,Monday,1,230,9,Moderate,3,1,2.9,Heavy,Clear,Urban,New,Yes,28,37,Z8,Z1,No
ORD-3391,22:42,Sunday,1,175,11,Moderate,2,1,2.4,Moderate,Clear,Suburban,Moderate,No,23,25,Z4,Z4,No
ORD-3392,20:12,Wednesday,4,744,17,Low,1,3,3.1,Low,Clear,Urban,Moderate,Yes,32,38,Z7,Z2,No
ORD-3393,21:47,Sunday,3,443,13,High,2,9,6.9,Heavy,Rain,Urban,Moderate,Yes,63,57,Z2,Z7,No
ORD-3394,19:44,Sunday,2,550,12,Moderate,2,3,5.1,Heavy,Clear,Urban,Experienced,Yes,49,41,Z3,Z6,No
ORD-3395,14:38,Sunday,4,1002,15,High,12,4,1.2,Heavy,Clear,Dense Urban,Moderate,No,56,31,Z6,Z1,No
ORD-3396,12:22,Monday,4,851,12,High,4,5,2.0,Heavy,Cold,Urban,New,Yes,32,35,Z5,Z2,No
ORD-3397,15:37,Friday,4,581,24,Very High,3,4,1.4,Heavy,Rain,Urban,Experienced,No,44,32,Z8,Z5,Yes
ORD-3398,21:42,Saturday,4,604,22,High,5,3,4.6,Moderate,Hot,Dense Urban,Experienced,Yes,45,60,Z2,Z8,No
ORD-3399,15:28,Tuesday,5,1266,13,Moderate,3,2,3.0,Heavy,Cold,Urban,New,No,33,34,Z5,Z8,No
ORD-3400,11:52,Friday,3,875,22,High,4,6,9.3,Moderate,Clear,Dense Urban,Experienced,No,61,64,Z8,Z8,No
ORD-3401,11:51,Sunday,4,719,18,Moderate,1,2,5.3,Low,Fog,Suburban,Experienced,No,33,48,Z1,Z5,No
ORD-3402,19:48,Saturday,2,353,21,High,1,8,2.3,Heavy,Clear,Dense Urban,Experienced,Yes,45,34,Z4,Z7,No
ORD-3403,18:36,Sunday,4,847,18,Very High,7,3,3.3,Heavy,Clear,Dense Urban,New,No,49,36,Z8,Z2,No
ORD-3404,18:31,Sunday,3,608,10,Low,6,5,2.7,Moderate,Cold,Urban,Moderate,No,32,30,Z6,Z6,No
ORD-3405,13:35,Tuesday,1,125,15,Very High,10,6,5.9,Moderate,Rain,Suburban,Moderate,Yes,53,49,Z2,Z7,No
ORD-3406,19:33,Friday,4,991,15,Low,3,4,2.7,Moderate,Clear,Urban,New,Yes,33,36,Z8,Z8,No
ORD-3407,14:34,Thursday,2,311,14,Moderate,5,4,5.3,Moderate,Clear,Dense Urban,New,No,45,64,Z7,Z7,No
ORD-3408,10:21,Saturday,2,566,11,Moderate,4,4,5.3,Low,Hot,Urban,Experienced,No,56,59,Z8,Z2,No
ORD-3409,18:49,Saturday,2,344,16,Very High,4,7,2.5,Moderate,Clear,Urban,Moderate,No,37,33,Z4,Z8,No
ORD-3410,18:35,Saturday,3,549,14,Moderate,1,4,6.5,Moderate,Clear,Suburban,Moderate,No,35,48,Z7,Z2,No
ORD-3411,14:07,Sunday,3,695,17,High,4,2,6.3,Heavy,Clear,Urban,Experienced,Yes,49,49,Z2,Z6,No
ORD-3412,17:57,Friday,1,130,7,Low,3,3,5.6,Severe,Fog,Dense Urban,Moderate,No,59,43,Z4,Z1,Yes
ORD-3413,10:12,Sunday,4,1223,25,Very High,2,2,13.3,Low,Rain,Urban,Moderate,No,62,71,Z5,Z3,No
ORD-3414,20:31,Friday,4,471,13,High,7,6,4.8,Low,Clear,Suburban,Experienced,Yes,39,48,Z4,Z4,No
ORD-3415,21:50,Saturday,4,847,14,Moderate,2,2,2.6,Heavy,Clear,Suburban,New,Yes,30,37,Z6,Z4,No
ORD-3416,12:48,Monday,4,1260,17,High,1,1,0.4,Heavy,Clear,Dense Urban,Experienced,Yes,37,44,Z1,Z4,No
ORD-3417,14:10,Saturday,2,404,10,Moderate,14,2,1.5,Heavy,Clear,Suburban,Moderate,Yes,34,31,Z6,Z2,No
ORD-3418,19:49,Saturday,2,644,13,High,11,6,0.8,Heavy,Clear,Dense Urban,New,Yes,43,27,Z8,Z8,Yes
ORD-3419,20:35,Wednesday,2,456,23,High,3,6,3.2,Low,Clear,Suburban,New,Yes,43,40,Z8,Z3,No
ORD-3420,20:35,Friday,3,333,14,High,16,5,3.5,Heavy,Fog,Dense Urban,Moderate,Yes,56,47,Z5,Z4,No
ORD-3421,13:35,Friday,4,872,21,Very High,7,6,3.8,Low,Clear,Dense Urban,Moderate,Yes,58,39,Z3,Z7,No
ORD-3422,18:06,Monday,9,1863,12,Low,3,2,2.3,Moderate,Clear,Urban,Experienced,No,26,40,Z6,Z3,No
ORD-3423,21:35,Wednesday,3,740,14,High,3,4,3.2,Low,Rain,Urban,Moderate,Yes,56,40,Z1,Z4,No
ORD-3424,20:21,Saturday,2,377,20,Very High,12,4,6.3,Moderate,Rain,Suburban,Moderate,Yes,60,49,Z3,Z1,No
ORD-3425,11:40,Tuesday,3,301,24,High,6,4,6.0,Heavy,Clear,Urban,Moderate,No,60,63,Z4,Z6,No
ORD-3426,13:22,Thursday,6,1034,31,Low,3,3,2.8,Severe,Hot,Dense Urban,New,Yes,62,42,Z5,Z5,Yes
ORD-3427,13:54,Friday,2,496,11,Moderate,1,2,8.2,Heavy,Cold,Urban,Moderate,Yes,52,60,Z3,Z7,Yes
ORD-3428,12:09,Friday,4,451,12,Low,3,3,2.5,Moderate,Clear,Urban,Experienced,Yes,28,35,Z1,Z7,No
ORD-3429,19:32,Tuesday,6,2442,28,Very High,5,3,2.5,Moderate,Clear,Suburban,Moderate,Yes,48,40,Z8,Z2,No
ORD-3430,12:28,Thursday,3,453,23,Very High,3,6,8.0,Heavy,Clear,Suburban,New,Yes,63,60,Z8,Z6,No
ORD-3431,13:53,Saturday,3,824,13,High,3,12,8.0,Heavy,Clear,Urban,Moderate,Yes,59,58,Z6,Z3,No
ORD-3432,11:57,Friday,3,844,11,Low,1,2,8.3,Moderate,Clear,Suburban,Moderate,No,42,52,Z2,Z6,No
ORD-3433,18:55,Saturday,3,536,26,Very High,8,5,2.9,Moderate,Hot,Urban,Moderate,No,51,39,Z7,Z5,No
ORD-3434,22:03,Friday,2,293,16,Moderate,2,6,2.8,Moderate,Clear,Urban,Experienced,Yes,38,37,Z5,Z5,Yes
ORD-3435,12:34,Saturday,10,1092,24,Moderate,8,3,4.3,Severe,Clear,Urban,Experienced,Yes,56,51,Z2,Z8,No
ORD-3436,18:52,Wednesday,4,464,23,Very High,4,2,5.8,Moderate,Hot,Urban,Moderate,No,50,51,Z5,Z5,No
ORD-3437,21:16,Saturday,2,427,8,Moderate,7,2,5.2,Moderate,Fog,Dense Urban,Moderate,Yes,42,42,Z5,Z6,No
ORD-3438,21:01,Saturday,2,362,17,High,6,4,1.2,Heavy,Clear,Dense Urban,New,Yes,39,34,Z4,Z8,No
ORD-3439,09:12,Thursday,5,1431,16,Moderate,3,3,4.5,Heavy,Clear,Urban,Experienced,No,38,45,Z2,Z7,No
ORD-3440,20:08,Tuesday,4,407,14,Moderate,2,2,0.6,Moderate,Rain,Urban,Moderate,Yes,24,27,Z3,Z8,No
ORD-3441,13:34,Saturday,3,286,12,High,5,2,2.5,Moderate,Cold,Urban,Experienced,Yes,29,33,Z4,Z3,No
ORD-3442,14:57,Friday,6,1217,14,Moderate,1,4,4.0,Moderate,Rain,Dense Urban,New,No,52,39,Z7,Z1,Yes
ORD-3443,17:32,Friday,3,430,12,Moderate,4,4,1.8,Severe,Clear,Urban,Experienced,No,31,57,Z8,Z2,No
ORD-3444,18:23,Tuesday,4,1179,10,Low,3,1,2.4,Low,Hot,Urban,Moderate,No,23,32,Z2,Z2,No
ORD-3445,14:05,Friday,2,270,25,Very High,5,4,0.8,Severe,Rain,Dense Urban,Experienced,Yes,45,29,Z5,Z3,No
ORD-3446,20:46,Tuesday,2,375,11,High,4,2,3.0,Severe,Rain,Urban,Moderate,Yes,41,37,Z4,Z5,Yes
ORD-3447,21:58,Sunday,4,595,21,High,3,8,5.8,Low,Clear,Suburban,New,Yes,54,62,Z8,Z8,No
ORD-3448,15:39,Monday,1,236,8,Moderate,2,5,3.3,Low,Clear,Urban,New,No,27,40,Z5,Z4,No
ORD-3449,14:07,Sunday,2,357,9,Moderate,1,2,1.7,Severe,Cold,Urban,Experienced,Yes,23,34,Z8,Z5,No
ORD-3450,11:48,Monday,2,290,9,Moderate,2,2,1.9,Heavy,Rain,Suburban,Experienced,No,25,54,Z3,Z4,No
ORD-3451,16:03,Sunday,1,182,15,Low,2,2,2.6,Severe,Clear,Dense Urban,Experienced,No,38,36,Z5,Z3,No
ORD-3452,21:14,Tuesday,2,472,16,High,6,2,1.8,Heavy,Clear,Urban,Experienced,Yes,38,37,Z8,Z3,Yes
ORD-3453,20:57,Monday,1,370,10,Moderate,5,5,1.3,Moderate,Clear,Urban,Experienced,Yes,27,29,Z2,Z5,No
ORD-3454,15:17,Tuesday,2,499,9,Moderate,1,2,1.6,Low,Clear,Dense Urban,Experienced,No,21,28,Z3,Z1,No
ORD-3455,20:48,Saturday,2,276,14,Moderate,1,8,1.6,Low,Cold,Suburban,New,Yes,31,27,Z1,Z5,No
ORD-3456,21:07,Saturday,3,945,13,Moderate,6,2,5.4,Low,Clear,Urban,Moderate,Yes,38,45,Z5,Z5,No
ORD-3457,16:53,Monday,5,826,15,Moderate,3,8,2.4,Moderate,Clear,Dense Urban,Moderate,No,39,52,Z7,Z4,No
ORD-3458,21:41,Thursday,2,415,10,High,1,8,5.8,Heavy,Clear,Urban,Moderate,Yes,47,47,Z6,Z6,Yes
ORD-3459,18:45,Tuesday,2,386,8,Moderate,1,7,1.8,Heavy,Fog,Dense Urban,Experienced,No,30,29,Z1,Z2,No
ORD-3460,22:10,Saturday,1,122,13,High,1,6,4.5,Heavy,Clear,Urban,Experienced,Yes,37,45,Z1,Z2,No
ORD-3461,12:52,Friday,1,123,10,High,5,4,6.6,Low,Rain,Suburban,New,Yes,41,53,Z4,Z2,No
ORD-3462,21:20,Sunday,4,453,18,High,10,2,2.2,Moderate,Rain,Urban,Moderate,Yes,61,39,Z3,Z3,No
ORD-3463,16:54,Saturday,4,450,6,Low,2,7,3.7,Moderate,Hot,Urban,Moderate,No,30,64,Z7,Z6,No
ORD-3464,13:54,Friday,3,939,14,Moderate,8,8,2.3,Low,Clear,Dense Urban,Moderate,Yes,54,33,Z5,Z2,No
ORD-3465,14:07,Sunday,3,646,15,Moderate,4,4,2.1,Heavy,Rain,Dense Urban,New,Yes,38,30,Z8,Z4,No
ORD-3466,22:57,Tuesday,3,568,10,Low,1,4,0.6,Heavy,Rain,Urban,Moderate,No,21,22,Z4,Z6,No
ORD-3467,14:15,Monday,2,388,18,High,8,3,2.8,Heavy,Clear,Urban,Moderate,Yes,42,33,Z6,Z6,No
ORD-3468,18:29,Wednesday,5,542,13,Moderate,4,5,4.8,Low,Rain,Suburban,Moderate,No,37,59,Z7,Z3,No
ORD-3469,21:48,Saturday,4,337,20,Moderate,10,6,0.9,Moderate,Rain,Suburban,Experienced,Yes,42,29,Z7,Z5,No
ORD-3470,13:11,Tuesday,3,407,12,Moderate,9,4,1.2,Heavy,Fog,Urban,New,Yes,37,32,Z1,Z4,Yes
ORD-3471,13:06,Sunday,3,766,15,High,16,5,1.6,Severe,Hot,Dense Urban,Moderate,Yes,50,32,Z2,Z5,No
ORD-3472,10:15,Wednesday,2,215,14,Moderate,5,5,3.9,Low,Clear,Urban,Experienced,No,36,36,Z8,Z4,No
ORD-3473,20:25,Tuesday,5,851,16,Moderate,3,4,2.6,Heavy,Clear,Dense Urban,Moderate,Yes,39,38,Z4,Z2,No
ORD-3474,19:39,Sunday,1,126,12,Moderate,7,2,2.7,Heavy,Clear,Suburban,Moderate,Yes,35,37,Z8,Z1,No
ORD-3475,14:11,Tuesday,3,570,14,Moderate,3,4,7.6,Severe,Hot,Urban,Experienced,Yes,53,58,Z2,Z7,No
ORD-3476,20:16,Tuesday,3,678,20,High,3,4,1.5,Moderate,Clear,Dense Urban,Moderate,Yes,50,30,Z6,Z3,No
ORD-3477,21:50,Saturday,2,307,11,High,4,9,2.7,Moderate,Clear,Urban,Moderate,Yes,34,31,Z2,Z7,No
ORD-3478,15:01,Saturday,4,1067,16,Low,6,4,2.4,Low,Clear,Suburban,Moderate,No,34,36,Z1,Z1,No
ORD-3479,20:56,Friday,2,527,9,Moderate,4,2,1.7,Heavy,Clear,Dense Urban,Experienced,Yes,27,29,Z6,Z8,No
ORD-3480,17:57,Wednesday,3,577,25,High,3,5,3.9,Moderate,Clear,Suburban,Moderate,No,46,39,Z3,Z8,No
ORD-3481,13:20,Sunday,7,1087,20,Moderate,3,4,5.6,Moderate,Clear,Urban,New,Yes,49,51,Z3,Z2,Yes
ORD-3482,13:17,Monday,4,661,32,Very High,9,2,3.6,Severe,Clear,Urban,Experienced,Yes,62,45,Z6,Z2,No
ORD-3483,20:27,Friday,3,461,25,Very High,3,5,2.0,Severe,Clear,Dense Urban,Moderate,Yes,47,36,Z1,Z7,No
ORD-3484,14:06,Tuesday,3,522,12,Moderate,6,4,2.3,Heavy,Clear,Suburban,New,Yes,34,30,Z7,Z2,No
ORD-3485,20:46,Thursday,3,658,11,Moderate,1,4,3.6,Moderate,Clear,Dense Urban,Experienced,Yes,32,37,Z2,Z5,No
ORD-3486,18:25,Thursday,2,376,17,High,2,4,1.2,Moderate,Clear,Dense Urban,New,No,33,34,Z6,Z8,No
ORD-3487,20:18,Wednesday,1,157,8,Low,2,4,1.6,Moderate,Clear,Dense Urban,Experienced,Yes,24,26,Z2,Z4,No
ORD-3488,19:32,Wednesday,2,230,20,High,8,1,1.6,Heavy,Rain,Urban,Experienced,Yes,39,36,Z1,Z8,No
ORD-3489,17:58,Saturday,2,404,10,Low,1,2,2.3,Moderate,Rain,Urban,New,No,25,30,Z4,Z5,No
ORD-3490,21:08,Friday,3,520,8,Low,3,3,2.4,Moderate,Fog,Urban,Experienced,Yes,24,40,Z7,Z4,No
ORD-3491,21:07,Sunday,2,318,10,High,1,7,1.8,Moderate,Rain,Suburban,Moderate,Yes,27,29,Z3,Z3,No
ORD-3492,11:13,Saturday,4,713,14,High,1,4,0.4,Moderate,Rain,Urban,Experienced,No,24,24,Z8,Z4,No
ORD-3493,22:52,Thursday,3,673,14,Low,6,2,7.2,Moderate,Clear,Dense Urban,Moderate,No,49,49,Z6,Z2,No
ORD-3494,18:53,Friday,1,157,8,Moderate,1,1,7.3,Low,Rain,Urban,Moderate,No,31,49,Z4,Z7,No
ORD-3495,13:04,Saturday,2,384,16,High,2,15,5.1,Moderate,Clear,Urban,Experienced,Yes,51,43,Z1,Z6,Yes
ORD-3496,20:43,Tuesday,2,359,10,Moderate,6,3,2.3,Heavy,Clear,Urban,Experienced,Yes,30,31,Z1,Z6,No
ORD-3497,13:24,Monday,2,392,7,Moderate,4,1,2.2,Moderate,Hot,Urban,Moderate,Yes,21,55,Z5,Z5,No
ORD-3498,21:52,Friday,2,246,12,Moderate,5,1,1.9,Moderate,Hot,Urban,Experienced,Yes,26,29,Z7,Z2,No
ORD-3499,14:50,Thursday,3,521,23,High,2,6,2.8,Low,Fog,Urban,Moderate,No,41,36,Z4,Z5,No
ORD-3500,20:26,Friday,3,735,11,Moderate,7,1,2.5,Heavy,Clear,Dense Urban,Experienced,Yes,35,36,Z3,Z8,No
ORD-3501,19:01,Friday,4,651,29,Very High,4,4,3.8,Moderate,Cold,Urban,Moderate,Yes,50,45,Z7,Z1,No
ORD-3502,18:49,Tuesday,5,956,16,Low,5,3,1.2,Low,Cold,Dense Urban,New,No,33,27,Z2,Z8,No
ORD-3503,12:36,Sunday,4,650,8,Moderate,1,2,4.4,Moderate,Clear,Dense Urban,Experienced,Yes,29,38,Z6,Z7,No
ORD-3504,22:27,Sunday,1,249,11,High,4,10,4.3,Heavy,Clear,Urban,Moderate,Yes,46,41,Z6,Z5,No
ORD-3505,21:19,Wednesday,1,186,14,Very High,5,4,1.4,Moderate,Clear,Suburban,Experienced,Yes,48,31,Z7,Z2,No
ORD-3506,13:25,Thursday,3,384,19,Very High,6,2,1.9,Severe,Clear,Dense Urban,Experienced,Yes,45,33,Z1,Z5,Yes
ORD-3507,12:53,Sunday,1,198,9,Moderate,4,2,1.5,Low,Hot,Urban,Experienced,Yes,22,30,Z6,Z1,No
ORD-3508,12:09,Friday,4,616,15,Moderate,2,3,6.4,Heavy,Clear,Dense Urban,Moderate,Yes,51,57,Z4,Z2,Yes
ORD-3509,21:33,Friday,4,614,30,Very High,10,2,2.8,Low,Clear,Suburban,Experienced,Yes,51,58,Z2,Z3,No
ORD-3510,13:15,Sunday,3,400,25,Very High,1,3,1.6,Moderate,Clear,Dense Urban,Moderate,Yes,40,47,Z2,Z5,No
ORD-3511,21:20,Tuesday,2,429,16,Very High,1,3,2.5,Low,Hot,Urban,New,Yes,30,34,Z6,Z8,No
ORD-3512,14:41,Tuesday,5,356,15,Moderate,1,6,2.5,Low,Clear,Urban,Experienced,No,30,37,Z5,Z2,No
ORD-3513,19:25,Saturday,3,451,21,High,6,5,1.4,Heavy,Hot,Urban,Experienced,Yes,40,30,Z6,Z6,No
ORD-3514,16:04,Thursday,3,316,8,Moderate,1,3,3.2,Severe,Clear,Urban,Experienced,No,27,33,Z8,Z2,No
ORD-3515,14:50,Wednesday,4,1384,13,Moderate,3,3,4.3,Low,Clear,Urban,Experienced,No,31,37,Z6,Z8,No
ORD-3516,20:50,Tuesday,4,497,20,Very High,4,2,0.5,Moderate,Clear,Urban,Experienced,Yes,31,25,Z5,Z6,No
ORD-3517,20:08,Tuesday,2,380,8,Moderate,12,4,1.9,Heavy,Cold,Dense Urban,Moderate,Yes,37,27,Z3,Z8,No
ORD-3518,12:21,Sunday,3,553,19,High,3,4,4.3,Heavy,Clear,Urban,Moderate,Yes,41,49,Z3,Z6,No
ORD-3519,21:40,Thursday,5,1350,13,Low,7,1,3.2,Moderate,Rain,Dense Urban,Experienced,Yes,37,46,Z4,Z5,No
ORD-3520,13:14,Tuesday,10,3527,23,Low,9,3,2.2,Low,Clear,Suburban,Experienced,Yes,56,37,Z1,Z8,No
ORD-3521,22:29,Wednesday,1,219,24,Very High,2,4,1.5,Moderate,Hot,Urban,New,Yes,38,45,Z6,Z6,No
ORD-3522,12:06,Tuesday,2,305,10,High,7,2,2.0,Low,Cold,Urban,Experienced,Yes,39,35,Z2,Z1,No
ORD-3523,19:23,Sunday,2,288,9,Very High,2,8,2.2,Heavy,Hot,Dense Urban,Moderate,Yes,33,35,Z4,Z5,No
ORD-3524,13:06,Wednesday,2,318,7,Moderate,2,4,2.0,Heavy,Rain,Dense Urban,Experienced,Yes,27,29,Z5,Z3,No
ORD-3525,19:11,Wednesday,3,436,11,Moderate,3,4,2.5,Moderate,Cold,Urban,Experienced,Yes,28,36,Z2,Z2,No
ORD-3526,19:30,Thursday,3,637,20,High,3,4,5.9,Severe,Clear,Urban,Experienced,Yes,58,53,Z6,Z2,Yes
ORD-3527,13:02,Monday,2,493,11,High,3,2,0.4,Heavy,Clear,Suburban,Experienced,Yes,21,32,Z5,Z2,No
ORD-3528,13:04,Friday,1,239,6,Low,1,4,2.2,Moderate,Fog,Urban,New,Yes,21,34,Z1,Z5,No
ORD-3529,21:13,Wednesday,4,732,22,High,9,8,2.5,Moderate,Clear,Dense Urban,Experienced,Yes,51,40,Z8,Z4,No
ORD-3530,17:25,Sunday,2,329,21,Very High,10,2,2.6,Moderate,Rain,Urban,Moderate,No,45,31,Z3,Z4,No
ORD-3531,19:13,Thursday,4,521,22,Moderate,3,7,1.3,Heavy,Clear,Dense Urban,New,Yes,48,33,Z8,Z7,Yes
ORD-3532,21:36,Wednesday,3,371,18,Moderate,2,4,1.4,Low,Hot,Urban,Experienced,Yes,31,29,Z1,Z4,No
ORD-3533,12:34,Tuesday,3,442,11,Moderate,8,2,3.6,Low,Clear,Suburban,Experienced,Yes,31,35,Z3,Z1,No
ORD-3534,16:15,Thursday,1,248,7,High,4,5,5.9,Moderate,Hot,Urban,Moderate,No,52,49,Z8,Z8,No
ORD-3535,16:30,Sunday,1,187,19,Very High,2,2,3.8,Moderate,Clear,Urban,Experienced,No,53,34,Z4,Z8,No
ORD-3536,19:49,Sunday,3,543,26,High,1,9,2.3,Heavy,Clear,Dense Urban,Experienced,Yes,71,34,Z5,Z3,No
ORD-3537,22:25,Thursday,3,776,21,High,3,4,7.2,Low,Rain,Urban,Experienced,Yes,49,52,Z6,Z7,No
ORD-3538,21:41,Saturday,1,216,8,High,5,2,2.0,Moderate,Fog,Urban,Moderate,Yes,25,31,Z1,Z1,No
ORD-3539,14:39,Tuesday,3,696,6,Low,1,2,1.4,Heavy,Hot,Urban,New,No,34,27,Z1,Z3,No
ORD-3540,20:42,Sunday,2,652,13,High,4,1,5.3,Heavy,Hot,Dense Urban,Moderate,Yes,46,59,Z1,Z7,Yes
ORD-3541,22:03,Friday,4,474,11,Low,5,6,1.6,Moderate,Clear,Suburban,Moderate,Yes,30,34,Z7,Z5,No
ORD-3542,20:52,Wednesday,3,787,12,Moderate,6,5,1.3,Moderate,Clear,Suburban,New,Yes,34,30,Z5,Z1,Yes
ORD-3543,14:18,Saturday,3,769,54,Low,5,2,8.3,Low,Clear,Suburban,Moderate,Yes,81,51,Z8,Z7,No
ORD-3544,13:26,Friday,3,568,22,Very High,8,7,3.7,Heavy,Clear,Suburban,Experienced,Yes,54,42,Z5,Z4,No
ORD-3545,13:45,Thursday,5,907,10,Low,7,2,1.0,Moderate,Rain,Urban,Experienced,Yes,26,32,Z4,Z6,No
ORD-3546,10:57,Friday,2,252,6,Low,3,2,0.9,Heavy,Clear,Dense Urban,Experienced,No,20,28,Z6,Z1,No
ORD-3547,12:26,Sunday,4,978,17,Very High,6,8,2.6,Severe,Clear,Dense Urban,Experienced,Yes,50,42,Z6,Z4,No
ORD-3548,14:01,Wednesday,1,224,12,High,5,3,0.4,Heavy,Cold,Dense Urban,Moderate,Yes,28,24,Z7,Z2,No
ORD-3549,12:17,Tuesday,2,314,10,Moderate,3,5,4.1,Moderate,Fog,Suburban,New,Yes,34,44,Z8,Z5,No
ORD-3550,19:16,Friday,4,995,18,High,8,3,4.2,Moderate,Rain,Urban,Experienced,Yes,48,42,Z5,Z8,No
ORD-3551,20:58,Friday,3,612,13,Moderate,3,1,5.1,Moderate,Clear,Suburban,Moderate,Yes,35,40,Z8,Z7,No
ORD-3552,20:14,Tuesday,6,1777,21,High,3,1,4.4,Moderate,Rain,Urban,Experienced,Yes,41,46,Z3,Z8,No
ORD-3553,14:36,Wednesday,4,629,14,Low,1,5,1.8,Low,Cold,Dense Urban,Moderate,No,30,31,Z3,Z2,No
ORD-3554,15:53,Thursday,2,441,7,Low,1,4,1.3,Low,Clear,Urban,New,No,19,29,Z4,Z2,No
ORD-3555,18:31,Wednesday,1,388,6,Low,6,5,5.5,Moderate,Clear,Suburban,Experienced,No,32,39,Z4,Z6,No
ORD-3556,22:11,Monday,2,365,26,Very High,22,3,5.5,Severe,Hot,Suburban,New,Yes,79,51,Z2,Z3,No
ORD-3557,13:49,Monday,2,460,10,Moderate,6,8,2.5,Heavy,Clear,Dense Urban,Moderate,Yes,39,31,Z7,Z7,No
ORD-3558,11:35,Wednesday,3,889,18,Moderate,2,13,2.7,Low,Clear,Suburban,Experienced,No,43,49,Z5,Z8,No
ORD-3559,15:17,Sunday,2,263,16,Low,4,3,2.5,Low,Clear,Urban,Experienced,No,39,28,Z8,Z3,No
ORD-3560,19:23,Friday,2,514,10,High,8,7,4.3,Moderate,Rain,Suburban,Experienced,Yes,40,67,Z7,Z5,No
ORD-3561,13:47,Sunday,5,1098,25,High,7,7,4.7,Heavy,Hot,Urban,Moderate,Yes,70,50,Z6,Z8,Yes
ORD-3562,15:47,Friday,1,170,11,Moderate,4,2,2.0,Low,Hot,Urban,Moderate,No,25,31,Z7,Z2,No
ORD-3563,11:27,Friday,1,109,8,Moderate,7,2,2.5,Low,Rain,Urban,Moderate,No,27,27,Z5,Z4,No
ORD-3564,18:19,Thursday,4,836,20,High,2,4,2.2,Low,Fog,Suburban,Experienced,No,35,34,Z2,Z8,No
ORD-3565,12:53,Saturday,1,333,18,Very High,6,2,2.0,Heavy,Cold,Urban,Moderate,Yes,36,31,Z5,Z6,No
ORD-3566,20:04,Friday,1,154,11,Moderate,1,9,1.0,Heavy,Clear,Urban,Moderate,Yes,28,21,Z6,Z2,No
ORD-3567,18:36,Monday,2,303,11,Moderate,2,4,2.0,Moderate,Cold,Urban,Moderate,No,25,42,Z3,Z8,No
ORD-3568,21:09,Wednesday,3,562,28,High,2,6,3.7,Heavy,Clear,Urban,New,Yes,51,40,Z6,Z2,No
ORD-3569,18:10,Friday,1,239,9,Moderate,3,4,2.6,Low,Clear,Suburban,Moderate,No,25,28,Z7,Z1,No
ORD-3570,14:12,Friday,2,473,11,Moderate,4,3,0.8,Moderate,Rain,Dense Urban,Moderate,Yes,30,28,Z6,Z7,Yes
ORD-3571,13:55,Monday,2,276,10,High,1,6,0.4,Severe,Clear,Dense Urban,Moderate,Yes,25,30,Z2,Z1,No
ORD-3572,20:43,Wednesday,4,626,11,Moderate,3,4,0.9,Moderate,Cold,Urban,Moderate,Yes,24,33,Z1,Z1,No
ORD-3573,23:27,Saturday,2,396,10,Low,3,2,1.5,Low,Clear,Dense Urban,Moderate,No,25,24,Z5,Z3,No
ORD-3574,12:36,Thursday,3,267,19,Moderate,6,7,5.9,Heavy,Clear,Urban,New,Yes,56,60,Z7,Z7,No
ORD-3575,20:10,Saturday,3,613,18,Very High,7,5,1.4,Severe,Clear,Dense Urban,Moderate,Yes,43,34,Z4,Z1,No
ORD-3576,12:56,Wednesday,6,1158,17,Moderate,5,3,6.8,Heavy,Clear,Urban,Moderate,Yes,57,62,Z1,Z4,No
ORD-3577,22:20,Saturday,1,198,13,Very High,5,3,1.2,Heavy,Hot,Dense Urban,New,Yes,32,28,Z3,Z8,No
ORD-3578,13:50,Monday,3,323,15,High,8,9,2.8,Moderate,Clear,Dense Urban,New,Yes,50,36,Z8,Z1,No
ORD-3579,22:27,Saturday,3,497,12,Moderate,3,7,1.6,Moderate,Clear,Urban,Experienced,Yes,30,36,Z7,Z4,No
ORD-3580,19:34,Friday,2,308,20,Moderate,3,3,4.0,Heavy,Fog,Suburban,Experienced,Yes,48,39,Z6,Z6,Yes
ORD-3581,19:25,Sunday,2,145,13,High,1,7,3.7,Moderate,Clear,Urban,Experienced,Yes,35,43,Z1,Z7,No
ORD-3582,12:03,Friday,4,970,11,Moderate,2,2,1.0,Severe,Clear,Dense Urban,Experienced,Yes,50,35,Z2,Z4,Yes
ORD-3583,13:37,Friday,4,676,22,High,7,5,1.9,Moderate,Clear,Suburban,New,Yes,46,35,Z2,Z5,Yes
ORD-3584,17:43,Tuesday,4,1152,15,Moderate,2,2,3.9,Moderate,Clear,Urban,Experienced,No,33,52,Z2,Z5,No
ORD-3585,17:21,Sunday,6,1973,19,Moderate,3,7,4.5,Moderate,Hot,Suburban,Moderate,No,45,47,Z6,Z3,No
ORD-3586,10:23,Tuesday,2,355,14,Moderate,2,4,3.2,Low,Rain,Suburban,Experienced,No,30,37,Z6,Z3,No
ORD-3587,20:32,Thursday,4,628,14,Moderate,4,6,0.9,Moderate,Fog,Urban,New,Yes,30,32,Z3,Z6,No
ORD-3588,19:26,Sunday,7,1777,17,Moderate,3,5,4.4,Severe,Clear,Dense Urban,Experienced,Yes,49,49,Z5,Z7,No
ORD-3589,20:31,Monday,3,584,14,Moderate,3,2,3.6,Low,Clear,Suburban,Moderate,Yes,29,39,Z5,Z6,No
ORD-3590,21:02,Sunday,3,445,29,Very High,7,5,2.0,Moderate,Fog,Dense Urban,Experienced,Yes,53,33,Z1,Z2,No
ORD-3591,13:22,Saturday,2,786,10,Moderate,3,6,2.8,Severe,Clear,Dense Urban,Experienced,Yes,38,39,Z2,Z5,No
ORD-3592,11:46,Tuesday,6,808,28,High,9,5,1.9,Moderate,Clear,Dense Urban,Moderate,No,72,34,Z5,Z3,No
ORD-3593,18:25,Saturday,3,436,13,Moderate,1,4,3.4,Moderate,Clear,Dense Urban,Moderate,No,34,33,Z8,Z8,No
ORD-3594,21:11,Friday,4,439,9,Low,5,4,1.5,Severe,Clear,Dense Urban,New,Yes,33,37,Z6,Z1,No
ORD-3595,20:24,Sunday,4,1570,24,High,4,8,7.6,Heavy,Clear,Urban,Experienced,Yes,66,62,Z8,Z4,No
ORD-3596,19:32,Sunday,2,343,12,High,6,2,4.9,Moderate,Clear,Urban,Moderate,Yes,37,45,Z6,Z2,No
ORD-3597,13:17,Tuesday,4,658,20,High,1,4,1.4,Heavy,Clear,Urban,Moderate,Yes,33,34,Z8,Z2,No
ORD-3598,13:02,Sunday,3,331,16,Very High,1,5,1.1,Heavy,Clear,Dense Urban,Experienced,Yes,33,36,Z1,Z7,No
ORD-3599,11:19,Tuesday,7,613,18,Moderate,4,2,6.8,Severe,Clear,Urban,Moderate,No,56,58,Z1,Z7,No
ORD-3600,18:23,Saturday,5,1794,21,Low,5,6,3.3,Moderate,Hot,Suburban,Moderate,No,45,34,Z6,Z5,No
ORD-3601,19:04,Thursday,2,470,10,Low,7,2,2.5,Severe,Clear,Suburban,New,Yes,32,32,Z6,Z6,No
ORD-3602,19:15,Sunday,3,541,11,Moderate,2,6,3.5,Severe,Clear,Urban,Experienced,Yes,36,62,Z8,Z8,No
ORD-3603,23:19,Thursday,6,1317,25,Low,3,3,3.9,Heavy,Rain,Urban,Experienced,No,52,41,Z6,Z5,Yes
ORD-3604,19:37,Monday,2,361,12,Moderate,7,2,0.7,Severe,Rain,Urban,Moderate,Yes,33,29,Z6,Z8,Yes
ORD-3605,10:25,Sunday,5,889,14,Low,8,3,9.5,Low,Rain,Suburban,Experienced,No,48,58,Z6,Z6,No
ORD-3606,18:50,Wednesday,1,177,7,Low,1,2,2.7,Moderate,Clear,Dense Urban,Experienced,No,25,33,Z8,Z6,No
ORD-3607,17:51,Saturday,5,1082,44,Very High,1,8,1.8,Moderate,Rain,Urban,Moderate,No,63,30,Z7,Z7,No
ORD-3608,14:13,Sunday,4,546,11,Moderate,49,3,2.7,Heavy,Clear,Dense Urban,Experienced,Yes,78,36,Z4,Z5,No
ORD-3609,20:15,Wednesday,2,808,16,Moderate,5,3,2.3,Heavy,Rain,Urban,New,Yes,41,29,Z3,Z5,Yes
ORD-3610,22:52,Saturday,5,782,15,Moderate,3,4,1.3,Low,Clear,Suburban,New,No,29,27,Z2,Z4,No
ORD-3611,22:26,Wednesday,3,515,12,High,16,5,5.8,Low,Clear,Suburban,New,Yes,50,49,Z2,Z2,No
ORD-3612,22:03,Sunday,3,433,11,Moderate,21,1,4.8,Low,Rain,Suburban,Moderate,Yes,52,48,Z6,Z2,Yes
ORD-3613,13:25,Sunday,3,667,27,High,4,3,6.0,Moderate,Hot,Suburban,Moderate,Yes,52,67,Z7,Z8,No
ORD-3614,12:45,Tuesday,3,534,14,Moderate,12,2,1.3,Moderate,Clear,Dense Urban,Experienced,Yes,38,46,Z8,Z4,No
ORD-3615,16:20,Saturday,4,774,27,Very High,3,2,3.1,Low,Clear,Urban,Moderate,No,43,36,Z1,Z7,No
ORD-3616,19:55,Sunday,2,660,8,Very High,8,1,1.3,Moderate,Clear,Suburban,Experienced,Yes,24,33,Z5,Z2,No
ORD-3617,18:13,Thursday,5,1237,16,High,5,7,3.2,Moderate,Clear,Dense Urban,Experienced,No,42,40,Z4,Z2,No
ORD-3618,12:22,Monday,4,521,15,High,12,2,4.5,Heavy,Clear,Suburban,Experienced,Yes,45,52,Z3,Z5,No
ORD-3619,13:21,Friday,1,261,15,Very High,4,5,4.3,Low,Rain,Suburban,Moderate,Yes,41,42,Z3,Z3,Yes
ORD-3620,15:31,Saturday,5,784,15,Low,4,2,2.5,Low,Rain,Dense Urban,Moderate,No,34,37,Z2,Z1,No
ORD-3621,20:51,Wednesday,2,366,9,Moderate,4,3,0.9,Low,Clear,Urban,New,Yes,22,25,Z5,Z7,No
ORD-3622,13:21,Monday,2,328,18,Very High,5,7,2.9,Severe,Clear,Urban,Moderate,Yes,56,38,Z2,Z2,No
ORD-3623,14:41,Friday,4,918,12,Moderate,1,11,5.1,Low,Clear,Urban,Experienced,No,36,39,Z2,Z5,No
ORD-3624,18:43,Tuesday,2,272,8,Low,2,2,5.9,Moderate,Clear,Suburban,Moderate,No,26,57,Z2,Z1,No
ORD-3625,20:26,Thursday,3,1000,24,Very High,2,1,2.8,Moderate,Cold,Suburban,Moderate,Yes,37,42,Z3,Z7,No
ORD-3626,21:26,Saturday,4,746,21,Very High,3,3,4.5,Heavy,Rain,Dense Urban,Experienced,Yes,50,50,Z4,Z4,No
ORD-3627,12:52,Tuesday,1,258,14,Moderate,2,3,4.0,Severe,Rain,Suburban,New,Yes,48,44,Z8,Z3,Yes
ORD-3628,13:05,Friday,5,803,16,High,6,4,4.7,Heavy,Clear,Dense Urban,New,Yes,50,48,Z1,Z8,No
ORD-3629,12:57,Tuesday,2,239,33,Very High,6,5,4.4,Heavy,Clear,Urban,Experienced,Yes,77,50,Z6,Z6,Yes
ORD-3630,20:49,Friday,4,346,36,Very High,2,10,8.7,Heavy,Clear,Suburban,New,Yes,78,68,Z2,Z1,No
ORD-3631,21:00,Thursday,7,1396,24,Moderate,5,1,2.0,Severe,Clear,Urban,Moderate,Yes,42,43,Z6,Z7,No
ORD-3632,18:50,Friday,2,387,11,Moderate,1,2,2.2,Low,Hot,Urban,Experienced,No,44,28,Z7,Z1,No
ORD-3633,22:52,Wednesday,5,597,13,Low,6,6,1.4,Low,Clear,Urban,Experienced,No,31,32,Z8,Z3,No
ORD-3634,19:27,Saturday,2,435,12,High,3,3,3.6,Severe,Clear,Urban,Experienced,Yes,34,60,Z8,Z5,No
ORD-3635,12:18,Monday,3,449,13,High,4,3,3.8,Moderate,Clear,Urban,Moderate,Yes,33,41,Z7,Z8,No
ORD-3636,13:40,Friday,1,157,13,Very High,4,7,3.4,Moderate,Clear,Urban,Moderate,Yes,36,41,Z3,Z7,No
ORD-3637,11:10,Monday,6,1408,14,Low,2,2,1.8,Heavy,Clear,Urban,Moderate,No,27,33,Z5,Z4,No
ORD-3638,20:45,Saturday,1,172,12,Very High,4,4,7.6,Moderate,Hot,Urban,Experienced,Yes,59,55,Z2,Z8,No
ORD-3639,13:21,Sunday,4,594,25,Very High,5,3,2.6,Moderate,Clear,Dense Urban,Experienced,Yes,47,34,Z3,Z4,No
ORD-3640,19:03,Friday,2,367,14,Moderate,1,2,0.9,Heavy,Clear,Dense Urban,Moderate,Yes,26,25,Z6,Z7,No
ORD-3641,13:04,Thursday,2,207,8,High,3,1,7.1,Severe,Clear,Suburban,Experienced,Yes,39,58,Z2,Z6,No
ORD-3642,10:53,Sunday,1,275,11,Very High,1,7,0.5,Low,Clear,Urban,Moderate,No,24,20,Z7,Z3,No
ORD-3643,13:23,Saturday,2,334,20,Very High,3,12,2.5,Heavy,Clear,Dense Urban,Moderate,Yes,51,38,Z7,Z8,No
ORD-3644,19:28,Sunday,1,178,15,High,4,1,4.0,Low,Clear,Suburban,Moderate,Yes,32,39,Z3,Z2,No
ORD-3645,21:22,Friday,3,553,32,Very High,3,3,6.9,Heavy,Clear,Suburban,New,Yes,63,54,Z3,Z1,No
ORD-3646,21:10,Sunday,2,296,10,High,2,3,5.8,Moderate,Clear,Urban,Moderate,Yes,34,48,Z1,Z8,No
ORD-3647,18:39,Sunday,2,329,9,Low,1,3,7.0,Low,Clear,Urban,New,No,33,46,Z5,Z3,No
ORD-3648,21:18,Thursday,4,731,10,Low,1,2,2.3,Moderate,Rain,Urban,Experienced,Yes,25,39,Z8,Z6,No
ORD-3649,13:31,Sunday,5,1495,12,Moderate,2,2,1.9,Heavy,Clear,Urban,Moderate,Yes,26,38,Z2,Z8,No
ORD-3650,12:46,Sunday,2,404,14,High,9,9,4.9,Moderate,Clear,Urban,New,Yes,49,44,Z2,Z4,No
ORD-3651,18:32,Wednesday,1,174,6,Low,6,4,2.6,Low,Clear,Suburban,Moderate,No,25,31,Z3,Z7,No
ORD-3652,12:44,Tuesday,2,449,14,High,2,10,3.2,Moderate,Hot,Urban,Moderate,Yes,39,41,Z8,Z6,No
ORD-3653,12:24,Friday,4,759,19,Moderate,10,2,2.9,Heavy,Clear,Urban,Experienced,Yes,48,37,Z4,Z7,Yes
ORD-3654,21:46,Sunday,3,394,21,Very High,7,2,2.9,Heavy,Clear,Suburban,Moderate,Yes,45,38,Z5,Z8,Yes
ORD-3655,19:06,Monday,3,626,18,Very High,4,2,2.0,Heavy,Clear,Urban,New,Yes,36,31,Z7,Z2,No
ORD-3656,18:49,Saturday,3,660,12,Low,2,3,2.0,Low,Clear,Urban,Moderate,No,25,31,Z1,Z4,No
ORD-3657,19:24,Thursday,3,649,13,Moderate,1,2,0.7,Moderate,Hot,Dense Urban,Experienced,Yes,24,31,Z5,Z6,No
ORD-3658,21:44,Saturday,3,556,14,High,5,4,3.7,Low,Clear,Urban,New,Yes,35,36,Z3,Z2,No
ORD-3659,22:43,Monday,4,318,7,Low,8,2,4.9,Moderate,Hot,Dense Urban,Moderate,No,41,45,Z2,Z4,No
ORD-3660,22:53,Saturday,5,706,11,Moderate,2,4,2.7,Low,Clear,Urban,Moderate,No,26,37,Z4,Z2,No
ORD-3661,12:12,Wednesday,5,528,30,Very High,6,2,3.8,Heavy,Clear,Urban,New,Yes,60,43,Z8,Z8,Yes
ORD-3662,15:02,Friday,5,433,30,Very High,1,2,2.9,Low,Clear,Suburban,Moderate,No,42,36,Z5,Z7,No
ORD-3663,15:48,Monday,2,472,9,Moderate,5,2,3.2,Moderate,Clear,Urban,Experienced,No,42,37,Z3,Z1,No
ORD-3664,20:45,Sunday,2,356,9,High,3,3,1.7,Moderate,Clear,Urban,Moderate,Yes,23,36,Z4,Z6,No
ORD-3665,11:27,Sunday,3,911,10,Moderate,1,4,1.3,Moderate,Cold,Urban,New,No,23,27,Z2,Z8,No
ORD-3666,20:09,Thursday,5,797,25,High,4,2,1.8,Heavy,Fog,Dense Urban,Experienced,Yes,46,38,Z2,Z2,No
ORD-3667,19:50,Thursday,2,398,15,High,3,3,6.2,Heavy,Clear,Suburban,Moderate,Yes,39,54,Z8,Z4,No
ORD-3668,21:29,Sunday,7,1179,25,Moderate,6,5,3.6,Heavy,Rain,Urban,Moderate,Yes,53,42,Z5,Z5,No
ORD-3669,12:50,Saturday,2,256,12,Very High,3,3,0.8,Moderate,Clear,Dense Urban,Experienced,Yes,26,42,Z2,Z4,No
ORD-3670,17:04,Thursday,3,538,12,Moderate,4,3,5.7,Moderate,Clear,Suburban,Moderate,No,36,41,Z6,Z2,No
ORD-3671,13:23,Monday,2,226,12,Moderate,2,3,1.6,Moderate,Clear,Urban,New,Yes,26,27,Z8,Z3,No
ORD-3672,13:45,Wednesday,2,574,14,Very High,3,2,2.5,Moderate,Clear,Dense Urban,Experienced,Yes,32,34,Z5,Z8,No
ORD-3673,10:29,Friday,1,131,5,Low,1,4,7.4,Low,Clear,Suburban,New,No,30,42,Z2,Z4,No
ORD-3674,19:46,Sunday,1,229,11,High,10,4,6.0,Moderate,Hot,Suburban,Moderate,Yes,43,53,Z7,Z3,No
ORD-3675,13:43,Tuesday,3,676,12,Moderate,3,8,1.9,Heavy,Clear,Urban,Moderate,Yes,47,28,Z6,Z5,No
ORD-3676,15:44,Friday,3,462,11,Low,3,6,1.0,Low,Clear,Dense Urban,Experienced,No,31,30,Z2,Z5,Yes
ORD-3677,13:20,Thursday,5,641,25,Very High,6,2,1.3,Moderate,Rain,Dense Urban,Experienced,Yes,44,30,Z8,Z4,No
ORD-3678,15:24,Sunday,2,427,6,Low,2,3,4.5,Heavy,Clear,Dense Urban,New,No,35,39,Z8,Z5,No
ORD-3679,11:54,Monday,2,275,10,High,4,5,6.8,Low,Clear,Suburban,New,No,34,49,Z4,Z4,No
ORD-3680,14:06,Monday,4,400,18,Low,4,3,4.3,Severe,Clear,Suburban,Moderate,Yes,50,46,Z8,Z4,Yes
ORD-3681,20:30,Saturday,6,1163,11,Low,12,1,1.8,Moderate,Clear,Dense Urban,Experienced,Yes,52,39,Z2,Z2,No
ORD-3682,19:38,Monday,3,352,18,Very High,2,4,2.1,Moderate,Hot,Urban,New,Yes,34,32,Z1,Z5,No
ORD-3683,13:08,Sunday,6,1212,14,Moderate,1,4,4.9,Moderate,Clear,Suburban,New,Yes,40,47,Z8,Z5,Yes
ORD-3684,20:07,Sunday,3,782,12,Moderate,7,2,8.9,Heavy,Clear,Suburban,Experienced,Yes,65,83,Z8,Z3,No
ORD-3685,16:26,Saturday,2,508,11,Low,4,2,3.4,Heavy,Clear,Dense Urban,Moderate,No,35,33,Z6,Z3,No
ORD-3686,21:15,Sunday,2,415,10,Moderate,12,4,4.5,Heavy,Hot,Urban,Experienced,Yes,46,43,Z6,Z5,No
ORD-3687,18:35,Saturday,3,485,11,Moderate,4,5,0.9,Heavy,Rain,Suburban,Moderate,No,27,28,Z2,Z1,No
ORD-3688,11:39,Sunday,3,541,9,Moderate,8,2,1.1,Heavy,Clear,Dense Urban,New,No,29,29,Z4,Z2,No
ORD-3689,20:46,Sunday,1,252,9,High,2,3,1.2,Moderate,Clear,Suburban,New,Yes,41,32,Z2,Z6,No
ORD-3690,11:47,Monday,4,864,16,Moderate,6,5,3.9,Moderate,Clear,Dense Urban,Experienced,No,44,43,Z1,Z7,No
ORD-3691,13:06,Monday,3,521,22,Very High,3,4,2.8,Moderate,Clear,Dense Urban,Moderate,Yes,42,39,Z4,Z3,No
ORD-3692,10:49,Monday,1,273,5,Low,3,4,2.7,Low,Hot,Urban,New,No,24,33,Z5,Z2,No
ORD-3693,20:30,Saturday,3,362,15,High,2,2,5.1,Moderate,Rain,Urban,Experienced,Yes,38,44,Z4,Z4,No
ORD-3694,19:51,Sunday,4,1189,28,High,5,4,1.6,Heavy,Clear,Urban,New,Yes,46,32,Z5,Z4,No
ORD-3695,17:26,Sunday,2,535,16,Moderate,2,3,1.0,Low,Fog,Urban,Moderate,No,28,28,Z4,Z2,No
ORD-3696,13:32,Tuesday,1,165,27,Very High,6,13,2.1,Moderate,Clear,Dense Urban,Experienced,Yes,60,34,Z5,Z6,Yes
ORD-3697,13:35,Sunday,4,632,18,High,10,2,5.7,Severe,Hot,Dense Urban,Moderate,Yes,68,56,Z2,Z6,Yes
ORD-3698,20:45,Sunday,2,395,17,Very High,3,3,8.6,Heavy,Clear,Suburban,Moderate,Yes,47,73,Z2,Z2,No
ORD-3699,20:05,Tuesday,2,325,12,High,1,2,4.2,Heavy,Clear,Dense Urban,Moderate,Yes,40,47,Z8,Z2,No
ORD-3700,21:01,Tuesday,2,526,12,Very High,6,2,4.5,Moderate,Clear,Urban,Experienced,Yes,34,46,Z2,Z5,No
ORD-3701,15:42,Monday,2,221,20,High,3,4,3.6,Severe,Clear,Urban,Moderate,No,48,41,Z5,Z5,No
ORD-3702,20:01,Saturday,3,672,14,Moderate,3,2,0.4,Heavy,Clear,Urban,Experienced,Yes,24,28,Z5,Z2,No
ORD-3703,21:02,Sunday,2,338,20,Very High,2,3,2.7,Severe,Clear,Urban,Experienced,Yes,58,39,Z6,Z4,No
ORD-3704,10:35,Tuesday,8,1208,22,High,2,4,0.8,Heavy,Rain,Dense Urban,Experienced,No,37,37,Z8,Z1,No
ORD-3705,13:58,Sunday,3,537,21,Very High,5,11,0.9,Heavy,Hot,Dense Urban,Moderate,Yes,46,32,Z2,Z4,No
ORD-3706,13:53,Thursday,1,189,20,Very High,6,2,4.2,Heavy,Clear,Urban,Experienced,Yes,47,41,Z8,Z8,No
ORD-3707,23:03,Saturday,2,702,10,Moderate,8,3,9.0,Low,Clear,Suburban,Experienced,No,41,52,Z6,Z8,No
ORD-3708,12:46,Saturday,3,271,9,High,4,7,4.4,Severe,Rain,Urban,Moderate,Yes,67,50,Z2,Z6,No
ORD-3709,22:05,Wednesday,1,195,10,Moderate,2,5,1.7,Heavy,Clear,Dense Urban,Moderate,Yes,29,26,Z2,Z5,No
ORD-3710,12:48,Sunday,1,140,14,Moderate,3,3,6.5,Heavy,Hot,Urban,Experienced,Yes,45,51,Z2,Z1,No
ORD-3711,19:02,Wednesday,1,122,21,High,2,2,6.8,Low,Clear,Suburban,Moderate,Yes,61,66,Z7,Z5,Yes
ORD-3712,13:44,Sunday,1,257,10,High,8,3,3.1,Low,Clear,Suburban,Experienced,Yes,31,34,Z6,Z5,No
ORD-3713,21:27,Wednesday,3,728,17,High,11,4,1.4,Moderate,Clear,Dense Urban,Moderate,Yes,42,28,Z5,Z1,No
ORD-3714,19:34,Wednesday,3,550,11,High,2,5,3.6,Low,Clear,Urban,Experienced,Yes,29,44,Z3,Z4,No
ORD-3715,11:28,Tuesday,3,441,17,Moderate,3,2,6.7,Heavy,Clear,Urban,Moderate,No,47,50,Z7,Z1,No
ORD-3716,16:25,Thursday,2,240,18,High,3,4,3.1,Moderate,Clear,Dense Urban,Experienced,No,40,38,Z1,Z4,No
ORD-3717,20:12,Friday,3,753,15,High,1,5,0.8,Heavy,Clear,Urban,Moderate,Yes,28,44,Z6,Z4,No
ORD-3718,21:52,Thursday,1,143,11,High,11,5,6.4,Heavy,Clear,Suburban,New,Yes,53,54,Z1,Z6,No
ORD-3719,09:46,Saturday,4,1440,9,Low,1,6,9.2,Low,Clear,Suburban,New,No,39,58,Z1,Z2,No
ORD-3720,20:14,Sunday,7,1834,32,Moderate,11,3,2.3,Heavy,Clear,Urban,Moderate,Yes,75,43,Z6,Z2,No
ORD-3721,16:37,Tuesday,3,669,15,Low,2,3,2.0,Moderate,Clear,Dense Urban,New,No,32,27,Z2,Z8,No
ORD-3722,21:32,Friday,4,678,19,Moderate,6,6,8.2,Moderate,Clear,Suburban,Experienced,Yes,50,62,Z4,Z1,No
ORD-3723,17:24,Monday,3,255,15,Moderate,7,2,2.2,Heavy,Fog,Urban,Moderate,No,48,30,Z1,Z3,No
ORD-3724,21:12,Sunday,1,125,15,High,8,5,2.6,Heavy,Clear,Dense Urban,New,Yes,49,37,Z7,Z3,Yes
ORD-3725,21:57,Tuesday,1,155,14,High,12,4,2.8,Moderate,Clear,Suburban,New,Yes,40,37,Z3,Z4,No
ORD-3726,16:06,Thursday,4,683,20,High,3,4,0.8,Moderate,Clear,Suburban,Experienced,No,33,32,Z2,Z7,No
ORD-3727,13:51,Wednesday,4,1116,30,Very High,12,12,9.4,Moderate,Cold,Suburban,Experienced,Yes,76,84,Z6,Z2,No
ORD-3728,18:14,Wednesday,2,452,9,Moderate,4,6,10.9,Low,Clear,Suburban,Moderate,No,50,62,Z1,Z1,No
ORD-3729,23:16,Sunday,2,669,11,Low,1,2,4.8,Moderate,Clear,Urban,Moderate,No,32,43,Z4,Z8,No
ORD-3730,14:19,Wednesday,2,355,11,Moderate,6,3,2.1,Heavy,Rain,Suburban,Moderate,Yes,31,33,Z2,Z6,No
ORD-3731,18:46,Tuesday,2,231,12,Moderate,4,2,4.5,Low,Clear,Suburban,Experienced,No,30,38,Z1,Z7,No
ORD-3732,19:24,Sunday,3,563,19,Very High,9,4,4.2,Heavy,Clear,Urban,Experienced,Yes,48,44,Z7,Z4,No
ORD-3733,10:07,Thursday,3,409,13,High,5,9,4.0,Moderate,Clear,Dense Urban,Experienced,No,56,37,Z6,Z8,No
ORD-3734,16:44,Saturday,2,283,12,Low,5,1,4.8,Heavy,Hot,Urban,Experienced,No,39,41,Z1,Z5,No
ORD-3735,23:18,Saturday,2,352,8,Moderate,5,4,2.9,Moderate,Clear,Dense Urban,Moderate,No,31,36,Z4,Z2,No
ORD-3736,20:11,Monday,3,899,31,Moderate,2,5,2.3,Moderate,Hot,Urban,Moderate,Yes,48,29,Z8,Z1,No
ORD-3737,20:28,Saturday,5,715,10,Moderate,6,2,2.0,Moderate,Clear,Urban,Experienced,Yes,27,32,Z8,Z8,No
ORD-3738,23:20,Monday,5,1239,42,Very High,11,5,8.1,Moderate,Fog,Suburban,New,No,90,60,Z5,Z5,No
ORD-3739,20:18,Saturday,2,254,19,High,12,2,5.4,Heavy,Clear,Suburban,Moderate,Yes,54,51,Z3,Z5,No
ORD-3740,20:52,Saturday,4,621,14,Low,4,4,5.4,Low,Clear,Dense Urban,Moderate,Yes,41,44,Z3,Z8,No
ORD-3741,12:44,Friday,4,458,13,High,3,7,2.7,Moderate,Rain,Dense Urban,New,Yes,40,38,Z7,Z5,No
ORD-3742,15:05,Friday,5,585,22,Moderate,2,7,2.9,Low,Clear,Suburban,New,No,45,31,Z3,Z4,Yes
ORD-3743,19:17,Saturday,2,402,15,High,4,2,4.1,Moderate,Clear,Urban,Experienced,Yes,54,39,Z8,Z3,No
ORD-3744,12:33,Sunday,3,585,16,High,3,1,3.1,Moderate,Clear,Dense Urban,Moderate,Yes,35,42,Z4,Z8,No
ORD-3745,15:25,Wednesday,4,606,20,High,1,11,4.8,Low,Clear,Suburban,New,No,45,45,Z1,Z1,No
ORD-3746,21:44,Saturday,4,617,16,Moderate,3,2,3.5,Moderate,Clear,Urban,Moderate,Yes,32,39,Z4,Z8,No
ORD-3747,13:02,Saturday,5,737,26,Very High,6,2,3.8,Heavy,Clear,Urban,Moderate,Yes,49,45,Z7,Z1,No
ORD-3748,13:19,Thursday,6,1840,16,Moderate,9,2,4.1,Low,Clear,Suburban,Experienced,Yes,38,40,Z7,Z1,No
ORD-3749,12:55,Sunday,1,132,9,High,3,2,4.9,Low,Clear,Suburban,Experienced,Yes,25,44,Z1,Z1,No
ORD-3750,14:32,Sunday,3,335,8,Low,2,3,6.2,Low,Clear,Suburban,Experienced,No,28,44,Z6,Z4,No
ORD-3751,12:48,Thursday,3,570,11,High,4,5,6.3,Heavy,Clear,Urban,Experienced,Yes,40,55,Z4,Z6,No
ORD-3752,19:09,Sunday,3,582,17,High,7,9,2.8,Heavy,Cold,Urban,Moderate,Yes,50,34,Z3,Z2,Yes
ORD-3753,21:23,Thursday,4,984,14,High,1,2,3.0,Moderate,Clear,Urban,Moderate,Yes,28,38,Z2,Z6,No
ORD-3754,12:52,Saturday,3,690,15,Very High,3,2,3.2,Heavy,Hot,Dense Urban,Moderate,Yes,41,64,Z2,Z2,Yes
ORD-3755,14:56,Monday,4,406,15,Moderate,8,2,1.2,Moderate,Rain,Suburban,Moderate,No,33,25,Z8,Z3,No
ORD-3756,21:23,Saturday,2,500,8,High,12,7,4.9,Moderate,Rain,Urban,Moderate,Yes,46,63,Z5,Z1,No
ORD-3757,13:06,Tuesday,1,221,19,High,7,10,0.9,Heavy,Clear,Urban,Moderate,Yes,43,26,Z5,Z4,No
ORD-3758,13:57,Sunday,5,1312,22,Moderate,5,4,3.8,Heavy,Clear,Dense Urban,New,Yes,53,40,Z7,Z7,No
ORD-3759,20:28,Monday,3,902,16,High,6,5,5.8,Severe,Clear,Suburban,New,Yes,58,57,Z8,Z5,No
ORD-3760,14:31,Friday,3,263,10,Low,1,1,4.5,Low,Rain,Urban,Moderate,No,27,42,Z7,Z4,No
ORD-3761,13:29,Monday,1,192,13,High,1,9,3.9,Severe,Clear,Suburban,New,Yes,45,58,Z2,Z2,No
ORD-3762,19:23,Friday,2,311,17,High,7,1,2.7,Low,Clear,Suburban,Moderate,Yes,34,33,Z7,Z6,No
ORD-3763,20:57,Thursday,2,592,21,Moderate,2,5,3.6,Heavy,Clear,Dense Urban,Moderate,Yes,49,40,Z5,Z8,Yes
ORD-3764,20:36,Sunday,3,715,23,High,7,1,4.4,Moderate,Hot,Urban,Moderate,Yes,47,46,Z2,Z5,No
ORD-3765,20:31,Sunday,3,412,4,Moderate,3,1,5.1,Severe,Clear,Dense Urban,Moderate,Yes,38,48,Z5,Z1,No
ORD-3766,21:50,Friday,5,948,29,Very High,6,5,11.9,Low,Clear,Suburban,Moderate,Yes,66,68,Z3,Z5,No
ORD-3767,21:42,Friday,2,416,14,Moderate,2,3,2.7,Low,Hot,Urban,Moderate,Yes,29,33,Z5,Z1,No
ORD-3768,19:47,Sunday,3,530,10,Moderate,5,3,2.0,Heavy,Clear,Urban,New,Yes,30,30,Z3,Z1,No
ORD-3769,15:27,Friday,3,603,16,Low,1,2,4.0,Low,Clear,Urban,New,No,31,38,Z6,Z7,No
ORD-3770,22:54,Thursday,3,476,14,Low,3,3,4.7,Heavy,Clear,Dense Urban,Experienced,No,42,44,Z7,Z2,No
ORD-3771,19:27,Monday,5,483,24,Very High,3,9,3.1,Moderate,Clear,Dense Urban,Moderate,Yes,52,44,Z8,Z5,No
ORD-3772,20:02,Sunday,2,444,8,Moderate,7,3,2.7,Heavy,Clear,Urban,Experienced,Yes,29,38,Z2,Z4,No
ORD-3773,19:20,Thursday,3,466,20,High,3,3,3.0,Heavy,Clear,Urban,Experienced,Yes,40,39,Z7,Z8,No
ORD-3774,20:50,Tuesday,4,675,18,Moderate,3,8,6.7,Moderate,Clear,Urban,Moderate,Yes,52,49,Z5,Z8,Yes
ORD-3775,09:57,Tuesday,5,539,22,Moderate,1,8,5.1,Low,Clear,Urban,Moderate,No,44,53,Z8,Z7,No
ORD-3776,12:01,Wednesday,4,792,28,High,12,4,1.3,Moderate,Clear,Dense Urban,Experienced,Yes,53,33,Z1,Z1,No
ORD-3777,21:22,Friday,3,493,12,Moderate,3,5,2.0,Severe,Fog,Urban,Experienced,Yes,34,33,Z6,Z1,No
ORD-3778,16:39,Saturday,4,696,14,Moderate,3,2,1.8,Low,Clear,Urban,Experienced,No,25,32,Z2,Z6,No
ORD-3779,19:17,Thursday,1,258,8,High,3,3,4.8,Heavy,Clear,Urban,Moderate,Yes,57,47,Z7,Z6,No
ORD-3780,12:32,Sunday,4,481,29,Very High,4,6,2.0,Heavy,Clear,Dense Urban,Moderate,Yes,54,33,Z6,Z7,No
ORD-3781,21:06,Monday,2,592,10,Moderate,3,2,0.4,Heavy,Fog,Dense Urban,Experienced,Yes,22,22,Z6,Z6,No
ORD-3782,18:56,Thursday,2,568,9,Moderate,3,5,4.0,Low,Rain,Suburban,New,No,31,39,Z4,Z3,No
ORD-3783,13:45,Tuesday,1,157,12,Moderate,2,6,1.2,Heavy,Clear,Urban,Moderate,Yes,28,30,Z1,Z5,No
ORD-3784,18:47,Wednesday,3,315,10,Low,5,2,4.8,Moderate,Hot,Suburban,New,No,34,38,Z8,Z2,No
ORD-3785,19:29,Monday,3,519,10,Moderate,2,5,6.2,Heavy,Clear,Suburban,Moderate,Yes,37,54,Z3,Z8,No
ORD-3786,12:18,Sunday,4,665,12,High,5,6,3.4,Moderate,Rain,Urban,Experienced,Yes,41,41,Z2,Z4,Yes
ORD-3787,15:40,Wednesday,2,319,8,Low,1,1,2.5,Moderate,Clear,Urban,Experienced,No,21,35,Z4,Z5,No
ORD-3788,17:37,Friday,3,515,15,Low,3,6,4.3,Low,Cold,Urban,Moderate,No,36,42,Z3,Z7,No
ORD-3789,13:46,Tuesday,1,137,10,Low,5,6,1.7,Moderate,Rain,Urban,New,Yes,47,25,Z4,Z5,Yes
ORD-3790,13:46,Wednesday,2,297,12,High,2,3,9.6,Low,Fog,Suburban,New,Yes,38,60,Z2,Z1,No
ORD-3791,14:37,Sunday,2,687,12,High,2,3,6.1,Low,Clear,Urban,Experienced,No,33,47,Z5,Z3,No
ORD-3792,19:41,Wednesday,5,1645,18,High,1,1,6.1,Low,Fog,Dense Urban,Experienced,Yes,40,52,Z3,Z6,No
ORD-3793,11:27,Tuesday,4,667,11,Moderate,3,2,3.1,Heavy,Rain,Dense Urban,Moderate,No,35,36,Z7,Z3,No
ORD-3794,13:56,Tuesday,2,368,15,Moderate,5,10,6.6,Heavy,Clear,Suburban,Experienced,Yes,51,47,Z3,Z1,No
ORD-3795,12:19,Sunday,4,566,17,High,6,4,1.8,Heavy,Clear,Dense Urban,Moderate,Yes,41,29,Z5,Z6,No
ORD-3796,20:00,Friday,3,694,13,Moderate,13,1,1.2,Severe,Rain,Urban,Experienced,Yes,49,31,Z8,Z5,No
ORD-3797,20:33,Saturday,4,721,29,High,4,2,2.9,Moderate,Fog,Suburban,New,Yes,49,42,Z2,Z5,No
ORD-3798,19:55,Tuesday,3,577,28,High,4,2,3.1,Heavy,Clear,Dense Urban,Experienced,Yes,53,45,Z7,Z2,Yes
ORD-3799,22:12,Thursday,3,665,17,High,5,10,8.0,Heavy,Clear,Urban,Moderate,Yes,63,57,Z2,Z1,No
ORD-3800,22:25,Tuesday,5,651,25,Very High,3,3,2.8,Heavy,Clear,Suburban,Experienced,Yes,42,63,Z7,Z2,No
ORD-3801,13:59,Saturday,2,288,18,Moderate,13,10,2.7,Moderate,Rain,Urban,New,Yes,55,40,Z8,Z8,No
ORD-3802,18:34,Monday,3,438,13,Moderate,4,8,2.4,Moderate,Clear,Urban,Experienced,No,35,34,Z2,Z2,No
ORD-3803,11:33,Friday,2,232,12,Moderate,1,8,2.3,Low,Clear,Dense Urban,New,No,34,29,Z5,Z3,No
ORD-3804,14:00,Monday,8,1230,37,High,4,3,2.0,Heavy,Clear,Urban,New,Yes,56,35,Z6,Z2,No
ORD-3805,17:57,Wednesday,4,990,17,High,4,2,3.4,Low,Rain,Dense Urban,Moderate,No,61,36,Z4,Z7,No
ORD-3806,09:09,Wednesday,2,218,11,High,1,4,2.5,Low,Clear,Dense Urban,Moderate,No,32,33,Z2,Z1,Yes
ORD-3807,13:40,Saturday,4,844,30,Very High,2,8,0.9,Low,Cold,Urban,Moderate,Yes,46,31,Z8,Z5,No
ORD-3808,20:45,Saturday,2,329,12,Low,1,4,0.4,Heavy,Rain,Dense Urban,New,Yes,25,23,Z4,Z8,No
ORD-3809,18:57,Friday,1,181,6,Low,2,2,6.9,Low,Rain,Suburban,Moderate,No,29,48,Z1,Z2,No
ORD-3810,21:34,Friday,9,902,15,Moderate,3,2,1.2,Moderate,Rain,Urban,Experienced,Yes,28,35,Z8,Z8,No
ORD-3811,11:58,Saturday,1,158,7,Moderate,2,5,4.5,Moderate,Hot,Suburban,Moderate,No,28,34,Z1,Z4,No
ORD-3812,12:34,Friday,6,806,17,High,2,9,2.8,Heavy,Cold,Urban,Experienced,Yes,41,65,Z6,Z1,No
ORD-3813,14:47,Friday,5,1102,24,High,1,7,4.2,Low,Hot,Suburban,Moderate,No,44,40,Z7,Z2,No
ORD-3814,12:19,Saturday,2,344,10,High,12,5,3.1,Moderate,Clear,Urban,Experienced,Yes,39,40,Z6,Z5,No
ORD-3815,20:06,Thursday,5,563,20,Moderate,1,3,6.0,Low,Clear,Suburban,Experienced,Yes,45,52,Z3,Z2,Yes
ORD-3816,22:21,Monday,2,450,22,High,6,3,1.8,Moderate,Hot,Suburban,Moderate,Yes,39,36,Z6,Z1,No
ORD-3817,20:25,Saturday,2,513,13,Moderate,5,1,3.9,Heavy,Rain,Urban,Experienced,Yes,42,39,Z4,Z3,Yes
ORD-3818,21:44,Friday,3,709,11,High,1,4,5.5,Moderate,Clear,Urban,Moderate,Yes,30,45,Z4,Z3,No
ORD-3819,16:57,Friday,2,515,5,Low,3,1,4.0,Low,Clear,Suburban,Moderate,No,21,31,Z6,Z4,No
ORD-3820,19:44,Monday,2,273,9,Very High,4,2,2.1,Moderate,Clear,Urban,Moderate,Yes,25,33,Z3,Z4,No
ORD-3821,23:09,Saturday,5,1010,16,Moderate,1,2,2.8,Low,Hot,Urban,Moderate,No,30,34,Z1,Z3,No
ORD-3822,21:45,Friday,4,797,26,Very High,4,4,1.8,Heavy,Hot,Urban,Experienced,Yes,44,34,Z1,Z4,No
ORD-3823,22:04,Sunday,3,1000,24,High,9,7,1.5,Low,Clear,Suburban,Experienced,Yes,46,27,Z8,Z5,No
ORD-3824,10:35,Tuesday,7,1085,22,Moderate,3,5,1.6,Heavy,Clear,Dense Urban,Moderate,No,43,39,Z2,Z2,No
ORD-3825,18:57,Saturday,4,600,7,Moderate,2,13,1.0,Low,Clear,Urban,Experienced,No,28,27,Z8,Z3,No
ORD-3826,21:28,Wednesday,3,499,12,Moderate,1,3,3.8,Moderate,Hot,Urban,Moderate,Yes,39,39,Z1,Z1,Yes
ORD-3827,18:36,Friday,4,890,15,Low,1,2,1.8,Low,Clear,Urban,Moderate,No,26,27,Z3,Z3,No
ORD-3828,14:16,Tuesday,4,745,12,Low,1,4,3.6,Low,Clear,Urban,Moderate,Yes,28,42,Z5,Z5,No
ORD-3829,20:07,Thursday,1,179,10,High,3,5,1.0,Moderate,Fog,Suburban,Moderate,Yes,25,26,Z8,Z5,No
ORD-3830,12:51,Wednesday,2,590,10,Moderate,1,12,7.1,Moderate,Clear,Urban,Experienced,Yes,41,55,Z8,Z2,No
ORD-3831,14:07,Friday,2,325,10,Moderate,4,4,4.1,Moderate,Cold,Urban,Experienced,Yes,33,44,Z1,Z8,No
ORD-3832,22:00,Thursday,6,1212,20,Moderate,3,1,5.1,Low,Clear,Urban,Experienced,Yes,37,46,Z7,Z6,No
ORD-3833,12:01,Friday,3,411,16,High,3,1,2.7,Heavy,Rain,Dense Urban,Experienced,Yes,38,36,Z8,Z2,No
ORD-3834,16:29,Wednesday,6,1362,25,High,5,6,2.2,Low,Fog,Dense Urban,Moderate,No,55,34,Z8,Z1,No
ORD-3835,11:50,Saturday,3,499,8,Low,2,4,2.6,Heavy,Rain,Dense Urban,Moderate,No,33,32,Z1,Z3,No
ORD-3836,13:43,Monday,3,502,13,High,4,3,1.6,Heavy,Fog,Dense Urban,Experienced,Yes,33,32,Z3,Z1,No
ORD-3837,18:50,Friday,4,449,19,Moderate,2,1,1.9,Moderate,Fog,Urban,Moderate,No,31,29,Z1,Z5,No
ORD-3838,21:08,Tuesday,3,429,16,High,5,2,6.9,Low,Clear,Suburban,Moderate,Yes,50,50,Z7,Z1,No
ORD-3839,20:48,Tuesday,5,570,9,Moderate,1,3,2.6,Moderate,Hot,Dense Urban,New,Yes,28,40,Z7,Z2,No
ORD-3840,21:20,Saturday,5,859,27,Very High,12,5,2.7,Low,Clear,Suburban,Moderate,Yes,53,43,Z1,Z7,No
ORD-3841,20:20,Wednesday,4,559,24,Moderate,7,2,1.9,Severe,Clear,Suburban,Moderate,Yes,57,34,Z6,Z3,Yes
ORD-3842,20:03,Wednesday,3,579,15,High,11,4,4.7,Moderate,Rain,Suburban,Moderate,Yes,45,44,Z7,Z8,No
ORD-3843,20:54,Thursday,4,650,16,High,5,6,0.9,Severe,Rain,Urban,New,Yes,35,30,Z5,Z5,No
ORD-3844,20:59,Tuesday,6,761,24,Moderate,5,5,4.8,Heavy,Clear,Suburban,Experienced,Yes,48,49,Z2,Z3,No
ORD-3845,21:17,Thursday,1,413,15,High,9,2,2.8,Moderate,Rain,Suburban,Moderate,Yes,38,32,Z4,Z1,No
ORD-3846,15:47,Saturday,3,454,15,High,2,3,10.1,Low,Clear,Suburban,Moderate,No,48,57,Z7,Z2,No
ORD-3847,10:51,Tuesday,5,1471,14,Low,1,2,5.6,Heavy,Clear,Urban,Moderate,No,38,44,Z5,Z1,No
ORD-3848,22:47,Wednesday,2,354,10,Low,1,3,2.5,Moderate,Clear,Suburban,Moderate,No,27,30,Z6,Z4,Yes
ORD-3849,09:13,Sunday,1,114,8,Moderate,1,6,0.5,Heavy,Clear,Urban,New,No,21,20,Z5,Z2,No
ORD-3850,12:46,Saturday,3,483,15,Moderate,2,3,0.6,Low,Clear,Urban,Experienced,Yes,25,25,Z1,Z5,No
ORD-3851,19:19,Wednesday,2,635,9,Low,3,3,2.3,Severe,Clear,Urban,Experienced,Yes,29,29,Z1,Z5,No
ORD-3852,11:52,Saturday,2,695,24,High,2,4,4.4,Moderate,Clear,Urban,New,No,47,43,Z5,Z7,No
ORD-3853,14:19,Saturday,2,290,17,High,2,2,3.8,Low,Clear,Suburban,Experienced,Yes,31,39,Z4,Z6,No
ORD-3854,21:46,Saturday,4,669,13,Moderate,2,3,3.8,Low,Clear,Urban,Moderate,Yes,31,40,Z5,Z8,No
ORD-3855,13:51,Saturday,3,553,12,Moderate,2,2,4.9,Moderate,Clear,Urban,Experienced,Yes,33,40,Z4,Z2,No
ORD-3856,12:26,Monday,2,175,9,Low,2,5,1.8,Moderate,Clear,Urban,Experienced,Yes,28,31,Z8,Z3,Yes
ORD-3857,21:26,Tuesday,3,934,22,High,14,3,1.8,Low,Rain,Suburban,New,Yes,48,37,Z3,Z7,No
ORD-3858,11:52,Sunday,2,333,9,Moderate,1,5,1.8,Moderate,Cold,Urban,New,No,23,24,Z6,Z1,No
ORD-3859,19:29,Thursday,3,569,12,Moderate,2,3,3.0,Heavy,Rain,Dense Urban,Moderate,Yes,37,37,Z4,Z8,No
ORD-3860,12:59,Monday,5,667,27,High,3,8,7.0,Moderate,Clear,Dense Urban,New,Yes,69,56,Z7,Z8,No
ORD-3861,17:59,Saturday,1,192,7,Moderate,2,9,7.4,Moderate,Clear,Urban,Moderate,No,43,52,Z7,Z4,No
ORD-3862,22:25,Monday,4,578,13,Moderate,6,11,2.8,Moderate,Fog,Suburban,New,Yes,43,40,Z6,Z4,No
ORD-3863,19:04,Monday,4,783,13,Low,1,6,2.0,Heavy,Rain,Dense Urban,Moderate,Yes,35,36,Z2,Z8,No
ORD-3864,11:00,Friday,3,610,9,Moderate,2,5,2.4,Low,Fog,Urban,Moderate,No,26,29,Z3,Z1,No
ORD-3865,20:30,Friday,2,424,18,Moderate,1,1,4.3,Moderate,Hot,Suburban,Moderate,Yes,35,43,Z4,Z8,No
ORD-3866,14:12,Monday,2,461,14,Moderate,2,2,1.3,Heavy,Clear,Dense Urban,Moderate,Yes,29,31,Z1,Z3,No
ORD-3867,10:39,Sunday,5,1306,14,High,3,4,2.9,Low,Clear,Urban,Experienced,No,30,35,Z5,Z7,No
ORD-3868,17:36,Tuesday,2,268,12,Low,2,3,6.4,Heavy,Hot,Urban,Experienced,No,42,45,Z3,Z6,No
ORD-3869,14:38,Friday,3,762,9,Low,6,4,5.5,Moderate,Clear,Suburban,Experienced,No,33,47,Z3,Z8,No
ORD-3870,10:44,Monday,2,256,12,Moderate,1,4,6.4,Low,Clear,Urban,Experienced,No,53,43,Z1,Z4,No
ORD-3871,19:09,Thursday,2,253,12,High,3,5,2.4,Heavy,Clear,Dense Urban,Experienced,Yes,34,32,Z7,Z4,No
ORD-3872,20:40,Sunday,4,1754,16,Moderate,3,3,1.5,Heavy,Rain,Urban,Experienced,Yes,32,31,Z3,Z4,No
ORD-3873,12:42,Wednesday,3,294,14,Moderate,2,2,10.1,Moderate,Clear,Suburban,Moderate,Yes,42,60,Z1,Z6,No
ORD-3874,19:48,Monday,3,772,13,Moderate,1,2,2.4,Moderate,Rain,Suburban,Moderate,Yes,27,35,Z2,Z3,No
ORD-3875,21:26,Wednesday,3,412,15,Moderate,2,2,0.4,Low,Clear,Urban,Moderate,Yes,27,22,Z6,Z5,Yes
ORD-3876,13:22,Friday,3,638,16,Moderate,3,10,3.5,Low,Clear,Dense Urban,Moderate,Yes,46,40,Z6,Z1,Yes
ORD-3877,12:31,Wednesday,3,331,16,Very High,9,3,3.0,Heavy,Clear,Suburban,Moderate,Yes,40,38,Z1,Z6,No
ORD-3878,22:07,Monday,2,202,15,Moderate,6,2,1.1,Heavy,Clear,Dense Urban,Moderate,Yes,32,30,Z4,Z6,No
ORD-3879,14:30,Thursday,6,1422,14,Low,2,2,4.1,Moderate,Cold,Urban,Moderate,No,39,39,Z3,Z3,Yes
ORD-3880,16:40,Friday,2,347,15,High,7,2,6.2,Moderate,Clear,Suburban,Moderate,No,42,51,Z8,Z1,No
ORD-3881,19:51,Tuesday,4,661,11,High,7,6,3.7,Severe,Clear,Dense Urban,Moderate,Yes,48,47,Z7,Z7,No
ORD-3882,13:43,Monday,6,1109,24,Moderate,1,5,1.1,Severe,Clear,Urban,New,Yes,43,31,Z3,Z6,Yes
ORD-3883,21:04,Tuesday,7,2103,25,Moderate,3,2,5.1,Moderate,Rain,Urban,New,Yes,75,50,Z3,Z7,No
ORD-3884,19:49,Saturday,2,537,17,Very High,2,5,1.6,Heavy,Hot,Suburban,New,Yes,34,36,Z7,Z2,No
ORD-3885,13:25,Thursday,3,603,19,High,5,4,4.7,Moderate,Clear,Dense Urban,New,Yes,48,47,Z5,Z2,No
ORD-3886,22:26,Tuesday,1,116,7,Moderate,2,5,3.5,Moderate,Clear,Suburban,New,Yes,27,36,Z4,Z6,No
ORD-3887,19:10,Tuesday,1,130,7,High,3,1,2.1,Heavy,Clear,Suburban,Moderate,Yes,22,29,Z1,Z6,No
ORD-3888,14:03,Tuesday,3,427,17,High,1,7,4.9,Moderate,Clear,Urban,Moderate,Yes,44,43,Z7,Z3,No
ORD-3889,16:15,Tuesday,5,1255,18,High,1,7,1.7,Heavy,Clear,Dense Urban,New,No,39,31,Z4,Z3,No
ORD-3890,15:41,Friday,4,440,28,High,3,5,3.8,Moderate,Clear,Urban,Experienced,No,53,43,Z8,Z7,Yes
ORD-3891,22:04,Sunday,1,142,9,High,2,3,3.8,Moderate,Clear,Urban,New,Yes,29,40,Z7,Z5,No
ORD-3892,13:45,Friday,4,702,28,Very High,6,6,1.5,Moderate,Rain,Urban,Experienced,Yes,48,30,Z3,Z5,No
ORD-3893,22:12,Monday,1,177,12,Very High,18,7,5.0,Moderate,Rain,Suburban,Experienced,Yes,54,40,Z2,Z7,No
ORD-3894,19:37,Saturday,11,1707,22,High,13,4,2.2,Heavy,Rain,Urban,Experienced,Yes,52,67,Z8,Z8,No
ORD-3895,09:53,Friday,5,511,30,Very High,1,3,6.0,Heavy,Clear,Dense Urban,Moderate,No,62,52,Z4,Z8,No
ORD-3896,23:25,Tuesday,5,1381,21,High,2,2,5.5,Low,Clear,Dense Urban,Experienced,No,43,47,Z2,Z4,No
ORD-3897,19:09,Monday,4,659,14,Low,2,5,1.7,Heavy,Clear,Urban,Moderate,Yes,53,37,Z4,Z4,Yes
ORD-3898,13:16,Monday,3,338,18,High,21,2,1.9,Heavy,Rain,Dense Urban,Experienced,Yes,58,36,Z5,Z6,Yes
ORD-3899,19:12,Sunday,1,134,7,Low,1,7,3.9,Moderate,Hot,Urban,Experienced,Yes,35,33,Z7,Z2,No
ORD-3900,20:06,Sunday,1,137,7,Moderate,9,2,1.2,Heavy,Cold,Suburban,Moderate,Yes,26,29,Z5,Z7,No
ORD-3901,16:03,Friday,2,172,14,Very High,2,2,2.4,Severe,Clear,Dense Urban,Moderate,No,38,31,Z6,Z7,No
ORD-3902,18:11,Tuesday,1,177,9,Moderate,1,2,2.2,Moderate,Rain,Urban,New,No,24,28,Z6,Z5,No
ORD-3903,19:16,Sunday,5,725,14,Moderate,3,2,2.9,Heavy,Clear,Suburban,Experienced,Yes,30,40,Z4,Z6,No
ORD-3904,19:21,Wednesday,3,398,17,High,7,6,6.4,Severe,Clear,Urban,Moderate,Yes,62,55,Z6,Z6,No
ORD-3905,09:50,Friday,2,328,13,Moderate,3,2,1.4,Moderate,Cold,Urban,Moderate,No,29,23,Z3,Z5,Yes
ORD-3906,15:38,Thursday,3,389,19,High,39,3,2.0,Low,Clear,Dense Urban,Experienced,No,71,35,Z1,Z1,No
ORD-3907,23:05,Saturday,5,1050,15,Moderate,5,1,5.3,Low,Clear,Urban,Experienced,No,35,40,Z7,Z5,No
ORD-3908,19:17,Tuesday,4,734,10,Moderate,1,7,2.4,Moderate,Clear,Urban,Experienced,Yes,29,31,Z1,Z4,No
ORD-3909,19:43,Saturday,4,695,22,High,2,2,5.1,Moderate,Clear,Suburban,Experienced,Yes,61,49,Z5,Z7,No
ORD-3910,21:10,Saturday,2,211,14,Very High,3,1,2.9,Severe,Clear,Urban,Moderate,Yes,36,56,Z1,Z4,No
ORD-3911,20:48,Sunday,2,217,20,Very High,2,3,3.6,Heavy,Clear,Dense Urban,Experienced,Yes,44,42,Z3,Z4,No
ORD-3912,11:44,Friday,3,753,20,Low,1,3,3.6,Moderate,Clear,Dense Urban,New,No,40,38,Z8,Z1,No
ORD-3913,20:20,Thursday,3,582,9,Moderate,4,2,2.8,Low,Clear,Urban,Moderate,Yes,25,35,Z7,Z8,No
ORD-3914,12:45,Thursday,2,365,12,Moderate,1,2,9.3,Moderate,Rain,Urban,Experienced,Yes,49,61,Z4,Z8,Yes
ORD-3915,12:49,Sunday,3,383,16,Moderate,9,2,4.1,Moderate,Rain,Urban,Experienced,Yes,44,38,Z8,Z5,No
ORD-3916,19:55,Thursday,2,596,10,Low,9,3,7.2,Low,Clear,Urban,Moderate,Yes,40,69,Z4,Z4,No
ORD-3917,20:03,Friday,5,752,23,High,18,8,3.1,Moderate,Rain,Urban,Experienced,Yes,74,48,Z7,Z3,No
ORD-3918,12:04,Monday,3,672,18,High,4,2,4.1,Heavy,Rain,Dense Urban,Experienced,Yes,56,68,Z3,Z7,No
ORD-3919,22:38,Sunday,4,657,19,Moderate,4,8,3.9,Low,Hot,Urban,Experienced,No,44,37,Z7,Z8,No
ORD-3920,17:35,Wednesday,10,1654,28,Low,3,2,2.5,Low,Clear,Suburban,Moderate,No,42,38,Z5,Z4,No
ORD-3921,14:37,Saturday,3,382,13,Moderate,2,9,4.6,Low,Clear,Urban,New,No,38,40,Z2,Z7,No
ORD-3922,15:25,Saturday,1,135,8,Low,6,1,5.3,Moderate,Clear,Urban,Experienced,No,36,35,Z7,Z2,Yes
ORD-3923,21:45,Monday,1,273,7,Moderate,4,4,5.4,Moderate,Hot,Suburban,Moderate,Yes,31,41,Z6,Z8,No
ORD-3924,18:48,Sunday,2,395,17,Moderate,1,6,2.2,Moderate,Hot,Dense Urban,Experienced,No,36,26,Z7,Z2,No
ORD-3925,20:14,Monday,2,199,16,Very High,5,6,4.8,Heavy,Hot,Urban,Experienced,Yes,48,52,Z2,Z3,No
ORD-3926,18:32,Thursday,6,865,39,High,3,5,3.5,Low,Clear,Urban,Moderate,No,58,53,Z5,Z2,No
ORD-3927,19:29,Wednesday,4,627,50,Very High,16,5,4.5,Low,Clear,Suburban,New,Yes,84,42,Z1,Z4,No
ORD-3928,22:30,Friday,5,980,14,Low,2,6,3.3,Heavy,Fog,Dense Urban,Moderate,No,42,40,Z8,Z2,No
ORD-3929,12:25,Thursday,4,365,20,Very High,5,7,0.4,Moderate,Clear,Dense Urban,Moderate,Yes,39,32,Z4,Z5,No
ORD-3930,12:49,Sunday,3,549,24,High,3,1,4.5,Heavy,Cold,Urban,Moderate,Yes,55,46,Z7,Z8,Yes
ORD-3931,20:29,Friday,5,1235,12,Moderate,6,2,2.4,Low,Clear,Dense Urban,Experienced,Yes,31,37,Z2,Z5,No
ORD-3932,19:31,Sunday,3,790,11,Moderate,4,4,5.6,Low,Hot,Suburban,New,Yes,37,49,Z1,Z5,No
ORD-3933,20:15,Sunday,5,769,28,Very High,3,5,3.9,Heavy,Cold,Suburban,Moderate,Yes,52,48,Z5,Z7,No
ORD-3934,15:52,Friday,1,177,9,Moderate,2,2,1.4,Moderate,Rain,Urban,Experienced,No,42,40,Z1,Z5,No
ORD-3935,19:44,Saturday,9,1509,32,Moderate,5,3,2.5,Heavy,Clear,Dense Urban,New,Yes,58,39,Z6,Z7,Yes
ORD-3936,12:57,Friday,2,427,15,High,2,4,2.2,Heavy,Clear,Dense Urban,Moderate,Yes,56,33,Z5,Z3,No
ORD-3937,15:21,Saturday,4,726,15,Low,5,3,4.3,Low,Clear,Suburban,Experienced,No,39,35,Z7,Z1,Yes
ORD-3938,21:56,Monday,3,326,13,Low,7,4,2.4,Moderate,Clear,Urban,Experienced,Yes,34,32,Z6,Z8,No
ORD-3939,19:28,Friday,2,352,20,Very High,3,2,4.7,Moderate,Hot,Suburban,Moderate,Yes,39,45,Z8,Z8,No
ORD-3940,22:04,Wednesday,2,331,11,High,40,2,1.4,Low,Clear,Suburban,Experienced,Yes,59,33,Z3,Z7,No
ORD-3941,18:35,Thursday,3,675,9,Low,1,4,2.3,Low,Clear,Urban,Moderate,No,22,34,Z7,Z3,No
ORD-3942,14:11,Wednesday,2,289,22,Very High,10,2,3.1,Severe,Clear,Urban,Moderate,Yes,52,40,Z7,Z5,No
ORD-3943,13:59,Thursday,6,1963,21,High,12,4,4.3,Heavy,Rain,Urban,Moderate,Yes,56,51,Z7,Z5,No
ORD-3944,19:11,Sunday,4,634,25,Very High,1,4,2.2,Moderate,Clear,Urban,New,Yes,43,36,Z3,Z1,Yes
ORD-3945,14:29,Sunday,5,1059,25,Very High,5,3,5.5,Moderate,Rain,Suburban,Moderate,Yes,54,57,Z2,Z8,No
ORD-3946,19:17,Tuesday,3,717,13,High,5,5,1.5,Low,Rain,Urban,Moderate,Yes,40,34,Z5,Z1,No
ORD-3947,19:23,Wednesday,1,187,8,High,1,4,2.8,Moderate,Hot,Urban,Moderate,Yes,25,34,Z6,Z7,No
ORD-3948,11:24,Sunday,5,1125,13,Low,2,3,6.4,Moderate,Rain,Urban,Moderate,No,40,48,Z6,Z3,No
ORD-3949,10:30,Monday,2,317,13,Moderate,2,2,2.5,Moderate,Fog,Urban,Moderate,No,29,29,Z8,Z7,No
ORD-3950,19:58,Tuesday,3,383,47,High,2,4,4.4,Heavy,Clear,Urban,New,Yes,70,48,Z7,Z4,No
ORD-3951,13:33,Thursday,4,642,14,Moderate,3,2,12.7,Moderate,Rain,Urban,Moderate,Yes,54,81,Z4,Z1,No
ORD-3952,17:33,Friday,4,358,10,Low,2,2,1.9,Low,Clear,Dense Urban,Moderate,No,25,29,Z6,Z3,No
ORD-3953,18:46,Thursday,3,591,7,Low,37,3,4.4,Low,Clear,Urban,Experienced,No,59,34,Z8,Z1,No
ORD-3954,19:10,Wednesday,1,142,16,Very High,1,6,2.4,Moderate,Hot,Dense Urban,Experienced,Yes,38,29,Z5,Z3,No
ORD-3955,22:26,Tuesday,4,515,20,High,4,14,4.3,Moderate,Clear,Suburban,New,Yes,55,41,Z1,Z1,No
ORD-3956,10:41,Monday,4,645,19,Moderate,10,5,3.0,Low,Clear,Suburban,Moderate,No,43,32,Z1,Z3,No
ORD-3957,12:40,Tuesday,2,432,20,High,6,3,7.2,Heavy,Clear,Urban,Moderate,Yes,56,54,Z2,Z5,No
ORD-3958,09:32,Saturday,4,672,14,Low,1,3,4.7,Low,Clear,Dense Urban,Moderate,No,34,37,Z3,Z4,No
ORD-3959,20:39,Thursday,1,249,7,Moderate,3,3,7.1,Moderate,Clear,Urban,New,Yes,37,67,Z1,Z8,No
ORD-3960,13:28,Sunday,3,510,26,Very High,2,3,0.7,Low,Clear,Suburban,Moderate,Yes,40,32,Z7,Z6,Yes
ORD-3961,18:56,Saturday,2,328,10,Low,1,1,2.8,Moderate,Clear,Urban,Moderate,No,22,31,Z4,Z2,No
ORD-3962,18:54,Tuesday,2,165,8,Low,1,2,4.4,Low,Clear,Urban,Experienced,No,37,35,Z8,Z8,No
ORD-3963,20:02,Monday,2,424,11,High,1,5,1.5,Heavy,Clear,Urban,Moderate,Yes,25,42,Z1,Z5,No
ORD-3964,20:39,Friday,4,563,16,High,2,2,3.4,Severe,Cold,Suburban,Experienced,Yes,35,44,Z1,Z3,No
ORD-3965,13:17,Sunday,4,620,20,High,4,6,4.6,Low,Clear,Suburban,Experienced,Yes,40,42,Z6,Z6,No
ORD-3966,19:18,Tuesday,2,417,12,Moderate,8,10,2.8,Heavy,Cold,Urban,Moderate,Yes,42,34,Z8,Z5,No
ORD-3967,18:42,Thursday,2,394,19,Very High,3,4,5.3,Low,Clear,Urban,New,No,40,43,Z2,Z7,No
ORD-3968,16:54,Monday,5,861,12,Low,2,2,1.2,Severe,Clear,Dense Urban,New,No,28,30,Z4,Z8,No
ORD-3969,13:03,Friday,3,461,18,Very High,3,6,2.3,Heavy,Clear,Dense Urban,Experienced,Yes,43,51,Z4,Z3,No
ORD-3970,11:35,Saturday,3,635,9,Moderate,5,3,3.9,Low,Clear,Dense Urban,Moderate,No,31,38,Z8,Z8,No
ORD-3971,23:27,Saturday,8,880,25,Moderate,4,4,3.4,Low,Clear,Dense Urban,Moderate,No,48,41,Z7,Z4,No
ORD-3972,14:36,Saturday,3,721,6,Low,4,3,2.6,Low,Rain,Dense Urban,Moderate,No,26,37,Z4,Z4,No
ORD-3973,20:58,Monday,2,370,24,Very High,12,1,2.0,Severe,Clear,Urban,Experienced,Yes,49,30,Z5,Z7,No
ORD-3974,14:21,Wednesday,4,510,23,High,2,4,4.6,Heavy,Clear,Suburban,Moderate,Yes,66,54,Z7,Z8,No
ORD-3975,19:43,Monday,2,312,8,High,5,9,5.4,Moderate,Clear,Urban,New,Yes,41,49,Z8,Z1,No
ORD-3976,13:30,Thursday,3,430,18,High,2,1,5.2,Heavy,Rain,Urban,Experienced,Yes,43,50,Z7,Z3,No
ORD-3977,10:53,Tuesday,3,315,13,High,7,6,1.2,Moderate,Clear,Urban,New,No,34,30,Z1,Z5,No
ORD-3978,13:16,Thursday,1,205,12,Very High,5,5,4.0,Moderate,Clear,Urban,Moderate,Yes,36,39,Z4,Z6,No
ORD-3979,20:04,Tuesday,3,418,17,Moderate,6,5,4.1,Moderate,Clear,Suburban,New,Yes,43,38,Z7,Z8,No
ORD-3980,20:11,Monday,1,163,15,High,1,4,0.9,Moderate,Clear,Urban,Moderate,Yes,26,33,Z6,Z7,No
ORD-3981,17:51,Monday,3,649,9,Low,4,2,3.2,Moderate,Rain,Dense Urban,Experienced,No,32,37,Z7,Z6,No
ORD-3982,11:45,Saturday,1,196,11,Moderate,2,3,0.5,Moderate,Rain,Dense Urban,Moderate,No,24,21,Z6,Z5,No
ORD-3983,14:29,Sunday,5,769,24,High,2,6,3.4,Heavy,Clear,Dense Urban,Experienced,Yes,49,44,Z5,Z8,No
ORD-3984,13:23,Thursday,1,195,8,Moderate,3,3,4.0,Moderate,Rain,Urban,New,Yes,32,40,Z5,Z3,Yes
ORD-3985,12:12,Sunday,8,1807,29,High,4,4,1.0,Heavy,Clear,Dense Urban,New,Yes,47,41,Z4,Z4,No
ORD-3986,21:08,Sunday,3,839,15,Moderate,1,3,4.2,Low,Clear,Dense Urban,Moderate,Yes,39,40,Z5,Z4,Yes
ORD-3987,22:02,Saturday,6,897,26,Moderate,2,3,1.2,Moderate,Clear,Urban,New,Yes,39,37,Z6,Z3,No
ORD-3988,20:17,Saturday,12,2372,28,High,5,2,1.0,Heavy,Clear,Dense Urban,Experienced,Yes,44,65,Z5,Z6,No
ORD-3989,12:22,Thursday,4,431,19,High,3,3,1.1,Severe,Rain,Dense Urban,Moderate,Yes,39,38,Z3,Z5,No
ORD-3990,22:39,Monday,1,157,15,High,3,7,3.9,Moderate,Hot,Dense Urban,Experienced,No,42,52,Z7,Z1,No
ORD-3991,16:58,Saturday,6,943,17,Moderate,9,3,3.9,Low,Rain,Urban,Moderate,No,51,37,Z4,Z2,No
ORD-3992,19:48,Sunday,2,197,24,High,6,5,6.4,Moderate,Clear,Suburban,Moderate,Yes,52,54,Z5,Z4,No
ORD-3993,19:37,Friday,12,1193,32,High,4,8,4.0,Moderate,Rain,Suburban,Experienced,Yes,59,57,Z7,Z1,No
ORD-3994,21:42,Wednesday,3,573,17,Moderate,1,4,5.3,Heavy,Clear,Urban,New,Yes,48,49,Z8,Z5,Yes
ORD-3995,14:15,Saturday,5,919,20,Moderate,1,3,1.8,Heavy,Clear,Dense Urban,Moderate,Yes,37,31,Z5,Z6,No
ORD-3996,19:41,Friday,4,737,18,High,6,2,1.9,Heavy,Clear,Dense Urban,Experienced,Yes,54,36,Z2,Z1,No
ORD-3997,20:06,Tuesday,2,412,10,Low,10,5,0.9,Moderate,Clear,Dense Urban,Moderate,Yes,34,28,Z5,Z3,No
ORD-3998,20:48,Saturday,3,374,12,High,2,3,0.9,Severe,Clear,Urban,New,Yes,46,31,Z2,Z8,No
ORD-3999,22:15,Friday,3,754,29,High,23,3,2.3,Heavy,Rain,Suburban,Moderate,Yes,69,36,Z8,Z6,No
ORD-4000,10:24,Saturday,4,653,19,Moderate,5,4,1.7,Low,Rain,Dense Urban,Experienced,No,38,34,Z4,Z6,No
ORD-4001,19:04,Saturday,2,267,15,High,3,6,2.3,Severe,Fog,Dense Urban,Moderate,Yes,43,33,Z6,Z1,No
ORD-4002,18:28,Thursday,4,469,15,Moderate,2,2,1.4,Moderate,Hot,Suburban,New,No,27,48,Z5,Z1,No
ORD-4003,21:34,Saturday,3,425,13,Moderate,5,5,1.8,Moderate,Clear,Dense Urban,New,Yes,36,28,Z7,Z4,No
ORD-4004,20:04,Wednesday,1,228,19,High,12,7,7.6,Low,Clear,Suburban,Experienced,Yes,58,71,Z1,Z5,Yes
ORD-4005,12:54,Saturday,3,495,12,Moderate,13,7,4.2,Moderate,Clear,Suburban,Moderate,Yes,45,40,Z5,Z4,No
ORD-4006,18:55,Tuesday,1,200,11,Moderate,5,13,2.1,Low,Clear,Urban,Experienced,No,37,30,Z4,Z4,No
ORD-4007,20:33,Tuesday,3,302,13,Moderate,10,3,2.6,Moderate,Clear,Dense Urban,Moderate,Yes,39,31,Z7,Z8,No
ORD-4008,21:08,Saturday,2,386,22,Moderate,8,1,1.6,Heavy,Rain,Suburban,Experienced,Yes,41,34,Z8,Z4,No
ORD-4009,21:03,Sunday,3,407,24,High,2,3,2.8,Moderate,Clear,Urban,Moderate,Yes,44,40,Z8,Z1,Yes
ORD-4010,18:02,Monday,4,984,11,Low,2,4,2.4,Moderate,Hot,Urban,New,No,34,31,Z5,Z1,No
ORD-4011,20:51,Sunday,4,623,7,Low,2,2,2.7,Low,Clear,Urban,Experienced,Yes,20,38,Z1,Z1,No
ORD-4012,12:49,Monday,3,483,10,Very High,2,3,1.7,Moderate,Cold,Suburban,Experienced,Yes,22,38,Z1,Z6,No
ORD-4013,20:18,Sunday,2,494,14,Very High,14,2,3.8,Heavy,Clear,Urban,Moderate,Yes,45,42,Z2,Z7,No
ORD-4014,12:22,Friday,5,534,34,Very High,3,5,1.1,Moderate,Rain,Urban,Experienced,Yes,49,34,Z8,Z5,No
ORD-4015,22:35,Thursday,1,144,12,High,4,3,8.7,Heavy,Rain,Urban,New,No,62,74,Z4,Z8,No
ORD-4016,21:05,Thursday,3,613,10,Moderate,4,2,2.4,Heavy,Hot,Suburban,Experienced,Yes,29,34,Z4,Z5,No
ORD-4017,20:46,Saturday,4,513,11,High,5,6,2.2,Low,Rain,Urban,Experienced,Yes,31,38,Z3,Z3,No
ORD-4018,22:11,Monday,4,975,21,Moderate,8,2,1.7,Low,Rain,Suburban,Moderate,Yes,39,36,Z7,Z4,No
ORD-4019,21:59,Sunday,3,596,6,Moderate,15,3,2.0,Heavy,Cold,Dense Urban,Moderate,Yes,37,37,Z2,Z1,No
ORD-4020,13:39,Thursday,3,638,14,Moderate,3,3,5.1,Heavy,Clear,Urban,New,Yes,48,45,Z8,Z7,Yes
ORD-4021,20:09,Wednesday,5,934,15,Low,5,3,8.1,Heavy,Clear,Urban,Moderate,Yes,71,58,Z8,Z5,No
ORD-4022,10:21,Thursday,2,897,10,Low,1,8,2.7,Low,Fog,Urban,Moderate,No,32,35,Z8,Z3,Yes
ORD-4023,13:34,Friday,3,879,14,Moderate,11,4,5.3,Severe,Clear,Dense Urban,Moderate,Yes,70,52,Z4,Z7,No
ORD-4024,13:43,Monday,2,479,13,High,6,3,7.4,Low,Clear,Suburban,Experienced,Yes,40,47,Z7,Z4,No
ORD-4025,20:14,Wednesday,1,257,12,High,1,3,2.5,Moderate,Hot,Dense Urban,Moderate,Yes,30,35,Z4,Z8,No
ORD-4026,20:18,Saturday,4,484,24,High,1,5,0.9,Severe,Clear,Urban,Moderate,Yes,37,34,Z5,Z4,No
ORD-4027,21:42,Wednesday,3,874,21,High,6,3,3.4,Severe,Rain,Dense Urban,New,Yes,59,44,Z2,Z1,No
ORD-4028,20:46,Sunday,3,536,11,Moderate,4,5,3.4,Heavy,Hot,Dense Urban,Experienced,Yes,39,40,Z7,Z1,No
ORD-4029,21:37,Saturday,5,904,16,Very High,1,5,2.2,Moderate,Clear,Urban,Experienced,Yes,31,56,Z8,Z4,No
ORD-4030,20:34,Tuesday,3,474,12,High,1,10,5.1,Moderate,Rain,Urban,Moderate,Yes,47,49,Z3,Z3,Yes
ORD-4031,18:43,Tuesday,2,258,13,Moderate,3,3,1.9,Moderate,Clear,Dense Urban,Moderate,No,30,27,Z3,Z8,No
ORD-4032,13:43,Friday,3,404,13,Low,6,2,2.7,Heavy,Cold,Suburban,Moderate,Yes,35,35,Z6,Z4,No
ORD-4033,14:31,Thursday,1,172,13,Moderate,3,2,1.6,Moderate,Rain,Dense Urban,Moderate,No,34,25,Z7,Z5,Yes
ORD-4034,21:52,Saturday,2,303,14,Moderate,3,2,3.1,Moderate,Clear,Urban,Moderate,Yes,32,41,Z3,Z6,No
ORD-4035,12:20,Friday,2,356,14,Moderate,3,7,3.5,Moderate,Clear,Urban,Moderate,Yes,39,33,Z8,Z7,Yes
ORD-4036,19:47,Wednesday,5,324,19,Moderate,5,4,1.7,Heavy,Clear,Urban,New,Yes,49,32,Z4,Z4,Yes
ORD-4037,19:07,Friday,4,788,20,Moderate,5,3,8.3,Heavy,Clear,Dense Urban,Moderate,Yes,62,58,Z5,Z1,No
ORD-4038,19:06,Friday,2,478,13,Moderate,2,1,2.8,Severe,Clear,Dense Urban,Experienced,Yes,39,41,Z6,Z6,Yes
ORD-4039,12:38,Tuesday,1,198,10,High,5,2,2.8,Heavy,Clear,Dense Urban,Experienced,Yes,32,41,Z6,Z6,No
ORD-4040,20:48,Saturday,5,535,27,Very High,1,2,4.5,Moderate,Cold,Urban,Moderate,Yes,65,47,Z2,Z5,No
ORD-4041,21:32,Thursday,2,422,20,High,6,3,5.2,Moderate,Clear,Urban,New,Yes,49,42,Z8,Z7,No
ORD-4042,18:58,Saturday,2,302,13,Moderate,1,8,1.2,Moderate,Clear,Urban,Experienced,No,29,21,Z8,Z4,No
ORD-4043,14:27,Friday,3,400,19,High,3,3,4.6,Severe,Rain,Urban,New,Yes,75,46,Z8,Z2,No
ORD-4044,19:10,Saturday,2,576,13,High,8,7,4.3,Moderate,Clear,Urban,Moderate,Yes,42,37,Z5,Z2,No
ORD-4045,13:51,Saturday,4,691,23,High,4,2,4.7,Heavy,Clear,Dense Urban,Moderate,Yes,53,51,Z4,Z8,No
ORD-4046,22:07,Tuesday,5,1108,18,High,8,6,5.5,Moderate,Clear,Urban,Experienced,Yes,48,48,Z2,Z5,No
ORD-4047,20:12,Wednesday,3,305,13,High,7,5,3.4,Heavy,Rain,Urban,Experienced,Yes,42,47,Z8,Z5,No
ORD-4048,21:18,Monday,2,325,11,Moderate,1,3,1.9,Low,Clear,Urban,New,Yes,23,26,Z1,Z1,No
ORD-4049,20:29,Friday,2,278,17,High,6,4,6.7,Moderate,Clear,Urban,Moderate,Yes,47,52,Z5,Z2,No
ORD-4050,21:31,Thursday,2,277,14,Moderate,8,3,0.4,Moderate,Rain,Urban,Moderate,Yes,30,25,Z5,Z8,No
ORD-4051,20:44,Tuesday,5,1048,31,Very High,2,4,4.2,Heavy,Rain,Urban,Experienced,Yes,58,50,Z3,Z4,Yes
ORD-4052,18:52,Friday,3,363,20,High,1,2,10.9,Low,Clear,Suburban,Experienced,No,48,61,Z3,Z5,No
ORD-4053,10:59,Sunday,5,493,31,Very High,5,4,5.1,Low,Clear,Urban,Moderate,No,77,48,Z3,Z2,No
ORD-4054,22:50,Friday,3,400,20,Moderate,3,8,3.4,Moderate,Clear,Urban,Experienced,No,47,32,Z8,Z3,Yes
ORD-4055,13:32,Saturday,5,850,28,High,5,2,5.0,Heavy,Clear,Urban,Moderate,Yes,53,52,Z4,Z7,No
ORD-4056,13:29,Tuesday,3,1110,12,Low,1,4,4.8,Moderate,Cold,Dense Urban,Moderate,Yes,41,40,Z1,Z3,Yes
ORD-4057,21:49,Thursday,8,1623,21,Moderate,15,2,9.8,Heavy,Clear,Suburban,Moderate,Yes,72,72,Z3,Z7,Yes
ORD-4058,11:37,Thursday,2,295,10,High,4,1,2.0,Heavy,Rain,Urban,Experienced,No,26,30,Z6,Z3,No
ORD-4059,20:59,Thursday,2,298,14,High,17,2,2.3,Heavy,Rain,Dense Urban,Moderate,Yes,51,39,Z6,Z8,No
ORD-4060,11:18,Sunday,5,848,16,Moderate,1,8,1.4,Moderate,Clear,Suburban,Moderate,No,32,27,Z4,Z8,No
ORD-4061,20:44,Friday,2,383,14,High,2,2,3.6,Heavy,Clear,Suburban,Moderate,Yes,34,44,Z5,Z3,No
ORD-4062,21:02,Thursday,2,398,17,High,6,7,0.4,Heavy,Rain,Dense Urban,New,Yes,38,26,Z4,Z6,No
ORD-4063,13:14,Sunday,3,389,11,Moderate,8,4,6.5,Low,Hot,Suburban,Experienced,Yes,40,54,Z4,Z6,No
ORD-4064,20:01,Sunday,4,848,15,Moderate,2,3,2.6,Moderate,Clear,Suburban,Experienced,Yes,29,31,Z3,Z2,No
ORD-4065,19:51,Wednesday,2,312,14,Moderate,16,4,0.4,Severe,Clear,Dense Urban,Moderate,Yes,42,25,Z1,Z7,No
ORD-4066,11:59,Wednesday,1,135,12,High,2,5,4.0,Heavy,Cold,Dense Urban,Moderate,No,42,38,Z3,Z3,Yes
ORD-4067,20:54,Tuesday,1,226,17,High,8,2,6.0,Moderate,Rain,Suburban,Experienced,Yes,47,52,Z5,Z6,No
ORD-4068,21:05,Friday,4,1769,11,High,3,4,2.1,Moderate,Clear,Dense Urban,Moderate,Yes,29,39,Z5,Z8,No
ORD-4069,21:10,Wednesday,2,452,9,Moderate,7,2,3.5,Moderate,Clear,Urban,Experienced,Yes,30,51,Z4,Z1,No
ORD-4070,14:00,Tuesday,2,485,17,Very High,8,4,4.2,Moderate,Hot,Dense Urban,Experienced,Yes,47,45,Z7,Z2,No
ORD-4071,16:34,Sunday,4,672,14,Moderate,4,3,2.1,Low,Cold,Urban,Experienced,No,29,35,Z8,Z8,No
ORD-4072,17:30,Saturday,2,420,9,High,3,13,1.0,Low,Clear,Dense Urban,New,No,34,22,Z6,Z7,No
ORD-4073,11:37,Wednesday,6,1194,23,Moderate,5,3,6.0,Moderate,Clear,Urban,Moderate,No,51,48,Z1,Z1,No
ORD-4074,20:51,Monday,2,402,23,Very High,2,2,0.7,Heavy,Clear,Urban,Moderate,Yes,33,25,Z7,Z8,No
ORD-4075,21:02,Friday,3,623,12,Moderate,5,1,2.3,Heavy,Clear,Suburban,Experienced,Yes,31,37,Z1,Z1,Yes
ORD-4076,19:58,Sunday,2,528,16,Moderate,1,2,7.5,Moderate,Clear,Urban,Moderate,Yes,41,55,Z3,Z5,No
ORD-4077,13:35,Sunday,1,150,13,Moderate,6,3,3.6,Moderate,Clear,Dense Urban,Moderate,Yes,38,39,Z6,Z2,No
ORD-4078,17:09,Saturday,4,412,27,High,1,5,1.8,Moderate,Rain,Dense Urban,Moderate,No,45,56,Z6,Z6,No
ORD-4079,14:02,Friday,1,142,27,Very High,4,9,1.3,Moderate,Clear,Dense Urban,Moderate,Yes,50,24,Z4,Z7,No
ORD-4080,19:17,Sunday,2,945,17,Very High,4,5,1.2,Moderate,Clear,Dense Urban,Experienced,Yes,35,51,Z5,Z4,No
ORD-4081,20:33,Sunday,6,776,17,High,5,1,2.7,Low,Cold,Urban,Experienced,Yes,32,39,Z3,Z2,No
ORD-4082,19:22,Tuesday,1,295,12,Moderate,5,1,2.1,Heavy,Clear,Dense Urban,Experienced,Yes,32,31,Z6,Z1,No
ORD-4083,19:38,Sunday,4,524,18,High,11,4,1.5,Low,Clear,Dense Urban,Moderate,Yes,61,34,Z6,Z2,No
ORD-4084,18:07,Sunday,4,884,33,High,4,5,2.3,Low,Rain,Urban,Moderate,No,72,53,Z3,Z5,Yes
ORD-4085,09:57,Sunday,2,253,8,Low,1,4,3.5,Moderate,Clear,Dense Urban,Moderate,No,30,30,Z8,Z1,No
ORD-4086,22:39,Sunday,2,547,16,Very High,3,1,3.5,Moderate,Clear,Dense Urban,Moderate,No,38,36,Z3,Z4,No
ORD-4087,17:04,Friday,1,360,9,Low,8,4,2.5,Low,Clear,Urban,New,No,31,42,Z5,Z8,No
ORD-4088,13:42,Sunday,4,392,15,High,2,6,2.1,Moderate,Rain,Dense Urban,Moderate,Yes,38,40,Z6,Z3,No
ORD-4089,16:05,Thursday,2,261,16,Moderate,8,6,3.3,Moderate,Rain,Urban,Experienced,No,43,45,Z2,Z7,No
ORD-4090,13:01,Saturday,4,404,17,High,9,7,3.3,Moderate,Clear,Dense Urban,Experienced,Yes,48,42,Z7,Z8,No
ORD-4091,15:05,Monday,1,135,20,Very High,5,9,2.2,Moderate,Clear,Suburban,Experienced,No,42,28,Z8,Z4,No
ORD-4092,19:48,Friday,2,233,7,Moderate,4,2,0.4,Heavy,Clear,Dense Urban,New,Yes,21,25,Z7,Z6,No
ORD-4093,14:15,Saturday,4,570,17,Moderate,6,4,3.1,Moderate,Clear,Dense Urban,Moderate,Yes,42,37,Z7,Z3,No
ORD-4094,18:34,Sunday,6,1506,26,Very High,2,5,8.0,Moderate,Rain,Suburban,Experienced,No,58,58,Z7,Z7,No
ORD-4095,16:15,Sunday,3,408,8,Low,3,2,0.9,Moderate,Clear,Dense Urban,Moderate,No,22,23,Z5,Z3,No
ORD-4096,20:47,Wednesday,3,456,17,Low,8,3,0.6,Heavy,Hot,Urban,Moderate,Yes,34,28,Z7,Z4,No
ORD-4097,12:40,Saturday,4,670,22,Very High,5,11,3.1,Severe,Clear,Dense Urban,Experienced,Yes,56,41,Z4,Z3,No
ORD-4098,12:36,Tuesday,3,569,25,High,6,6,2.3,Moderate,Clear,Dense Urban,Moderate,Yes,49,52,Z2,Z4,No
ORD-4099,09:16,Friday,6,1346,17,Low,4,6,1.1,Low,Clear,Urban,New,No,33,28,Z6,Z7,No
ORD-4100,12:54,Friday,4,391,28,High,4,3,2.6,Low,Clear,Suburban,Experienced,Yes,69,36,Z4,Z6,Yes
ORD-4101,11:48,Wednesday,4,1180,14,Low,1,2,4.6,Low,Clear,Urban,New,No,30,36,Z7,Z8,No
ORD-4102,11:51,Thursday,5,656,13,Low,3,2,3.7,Low,Clear,Dense Urban,Moderate,No,34,41,Z1,Z2,No
ORD-4103,15:53,Saturday,2,509,10,Low,4,2,0.9,Moderate,Clear,Suburban,Experienced,No,22,28,Z2,Z3,No
ORD-4104,21:52,Wednesday,3,769,13,High,6,2,0.7,Low,Clear,Urban,Moderate,Yes,26,30,Z7,Z4,No
ORD-4105,21:04,Monday,1,145,14,Very High,6,2,6.6,Heavy,Clear,Suburban,Experienced,Yes,62,58,Z5,Z3,No
ORD-4106,20:36,Sunday,2,188,13,High,8,6,6.5,Heavy,Clear,Urban,Experienced,Yes,53,77,Z8,Z3,No
ORD-4107,23:34,Wednesday,5,811,15,Moderate,4,5,2.9,Severe,Cold,Urban,New,No,41,38,Z1,Z7,No
ORD-4108,16:54,Saturday,2,426,15,High,2,3,3.3,Moderate,Clear,Suburban,Experienced,No,29,37,Z1,Z4,No
ORD-4109,18:48,Friday,3,217,10,High,3,6,3.1,Moderate,Clear,Urban,Moderate,No,29,34,Z4,Z4,No
ORD-4110,20:08,Tuesday,1,162,7,Moderate,2,9,6.7,Moderate,Clear,Suburban,Moderate,Yes,39,48,Z8,Z6,No
ORD-4111,20:19,Tuesday,3,554,17,Moderate,5,1,3.8,Moderate,Clear,Urban,Experienced,Yes,37,42,Z6,Z2,No
ORD-4112,13:24,Saturday,4,493,17,High,3,2,6.1,Moderate,Clear,Dense Urban,Experienced,Yes,43,51,Z6,Z2,No
ORD-4113,19:14,Wednesday,2,495,13,High,7,7,2.2,Heavy,Clear,Dense Urban,Experienced,Yes,41,33,Z6,Z5,No
ORD-4114,13:28,Sunday,3,433,16,Very High,18,10,1.4,Heavy,Clear,Suburban,Moderate,Yes,59,32,Z6,Z7,No
ORD-4115,12:42,Saturday,3,426,20,Very High,7,2,4.2,Heavy,Clear,Suburban,Moderate,Yes,45,52,Z5,Z5,No
ORD-4116,16:41,Monday,1,174,8,Moderate,1,5,5.2,Moderate,Clear,Urban,Moderate,No,30,41,Z1,Z1,No
ORD-4117,20:31,Tuesday,2,310,9,Moderate,2,5,6.0,Heavy,Clear,Dense Urban,New,Yes,43,51,Z1,Z7,No
ORD-4118,12:31,Saturday,4,448,21,Very High,1,5,3.1,Heavy,Cold,Urban,New,Yes,44,38,Z5,Z1,No
ORD-4119,20:32,Friday,4,433,24,Moderate,2,2,0.9,Heavy,Clear,Urban,Moderate,Yes,35,30,Z8,Z2,No
ORD-4120,17:34,Wednesday,3,507,20,Moderate,2,5,5.2,Moderate,Fog,Dense Urban,Moderate,No,53,47,Z7,Z8,No
ORD-4121,12:54,Wednesday,3,359,18,Very High,5,2,1.7,Heavy,Cold,Dense Urban,Moderate,Yes,37,38,Z2,Z8,No
ORD-4122,22:37,Tuesday,4,534,17,Low,6,4,7.8,Low,Clear,Suburban,New,No,65,49,Z7,Z4,No
ORD-4123,20:55,Wednesday,3,477,16,High,4,5,2.9,Moderate,Clear,Suburban,Experienced,Yes,39,41,Z7,Z8,Yes
ORD-4124,14:54,Tuesday,4,1297,8,Moderate,1,3,4.4,Moderate,Rain,Urban,Experienced,No,38,37,Z5,Z1,No
ORD-4125,11:25,Friday,2,377,17,Moderate,4,6,2.9,Low,Clear,Dense Urban,Experienced,No,38,30,Z1,Z4,No
ORD-4126,20:17,Monday,3,434,11,Low,6,5,2.0,Heavy,Hot,Dense Urban,New,Yes,36,36,Z2,Z2,No
ORD-4127,21:07,Tuesday,4,984,18,Very High,5,2,4.7,Severe,Rain,Urban,Moderate,Yes,53,51,Z4,Z5,Yes
ORD-4128,12:51,Wednesday,2,686,10,Moderate,6,6,4.7,Heavy,Rain,Urban,Moderate,Yes,48,44,Z6,Z5,No
ORD-4129,12:58,Saturday,2,257,17,Very High,9,7,0.7,Heavy,Hot,Urban,New,Yes,40,30,Z4,Z4,No
ORD-4130,13:01,Wednesday,4,492,19,High,4,1,3.9,Heavy,Clear,Urban,Experienced,Yes,57,43,Z6,Z8,No
ORD-4131,16:21,Monday,4,643,19,Moderate,6,3,2.8,Low,Rain,Urban,Moderate,No,41,36,Z5,Z6,No
ORD-4132,20:10,Monday,3,510,25,Very High,1,2,1.2,Heavy,Clear,Urban,Experienced,Yes,36,39,Z5,Z7,No
ORD-4133,13:34,Friday,3,388,16,Very High,2,5,7.6,Heavy,Clear,Urban,Experienced,Yes,61,58,Z1,Z5,No
ORD-4134,21:40,Monday,2,618,13,Moderate,9,2,2.9,Heavy,Clear,Urban,Experienced,Yes,39,37,Z3,Z6,Yes
ORD-4135,12:47,Sunday,4,414,14,Low,2,2,2.1,Heavy,Clear,Urban,Experienced,Yes,28,33,Z8,Z1,No
ORD-4136,20:15,Tuesday,1,146,15,High,8,4,7.2,Moderate,Fog,Suburban,Moderate,Yes,50,57,Z2,Z1,No
ORD-4137,10:32,Thursday,3,527,8,Low,3,2,8.4,Low,Clear,Dense Urban,Moderate,No,42,70,Z8,Z5,No
ORD-4138,13:58,Tuesday,4,884,13,High,4,1,1.6,Heavy,Clear,Dense Urban,Experienced,Yes,30,31,Z7,Z8,No
ORD-4139,19:38,Friday,2,429,10,Moderate,3,6,0.7,Heavy,Clear,Dense Urban,Moderate,Yes,27,23,Z7,Z3,No
ORD-4140,14:28,Saturday,3,744,30,Very High,1,3,2.6,Low,Clear,Urban,Moderate,Yes,44,34,Z5,Z6,No
ORD-4141,13:19,Friday,1,393,14,High,2,6,1.6,Severe,Hot,Dense Urban,Moderate,Yes,49,33,Z1,Z5,No
ORD-4142,16:26,Wednesday,4,606,12,Low,4,2,2.8,Low,Clear,Suburban,Moderate,No,28,35,Z1,Z3,No
ORD-4143,17:19,Wednesday,1,209,8,Low,2,2,4.7,Moderate,Clear,Urban,Moderate,No,29,46,Z2,Z4,Yes
ORD-4144,13:03,Saturday,3,396,18,Moderate,10,5,5.2,Heavy,Clear,Suburban,New,Yes,54,42,Z6,Z8,No
ORD-4145,22:22,Saturday,1,183,8,High,4,5,5.8,Heavy,Clear,Dense Urban,New,Yes,43,44,Z7,Z7,No
ORD-4146,20:07,Tuesday,5,716,16,High,10,3,5.0,Moderate,Clear,Dense Urban,Moderate,Yes,50,50,Z8,Z7,No
ORD-4147,13:23,Monday,2,510,13,Moderate,3,2,2.5,Severe,Clear,Urban,Experienced,Yes,34,35,Z6,Z6,Yes
ORD-4148,21:09,Wednesday,2,450,10,High,9,7,3.0,Heavy,Clear,Urban,Experienced,Yes,40,51,Z3,Z1,No
ORD-4149,18:01,Friday,3,339,13,Moderate,2,2,1.2,Moderate,Clear,Urban,Moderate,No,24,27,Z7,Z6,No
ORD-4150,19:40,Thursday,4,809,23,High,1,2,3.4,Low,Fog,Suburban,Experienced,Yes,38,46,Z3,Z8,No
ORD-4151,21:37,Sunday,5,594,14,Very High,14,8,3.4,Heavy,Clear,Dense Urban,New,Yes,61,44,Z4,Z3,No
ORD-4152,13:27,Friday,5,1172,15,Moderate,2,7,1.4,Severe,Clear,Dense Urban,Experienced,Yes,35,31,Z7,Z8,No
ORD-4153,12:24,Thursday,6,1461,30,Very High,2,4,6.0,Heavy,Clear,Dense Urban,New,Yes,72,52,Z3,Z5,No
ORD-4154,15:18,Wednesday,4,737,22,Moderate,2,3,3.7,Moderate,Clear,Dense Urban,Moderate,No,44,34,Z6,Z7,No
ORD-4155,12:25,Wednesday,2,437,12,Moderate,3,4,4.1,Moderate,Clear,Urban,Moderate,Yes,33,42,Z5,Z6,No
ORD-4156,19:15,Saturday,2,443,12,Moderate,1,2,1.2,Heavy,Clear,Dense Urban,Moderate,Yes,25,26,Z4,Z6,No
ORD-4157,20:56,Wednesday,5,762,33,Very High,1,11,2.9,Heavy,Clear,Urban,New,Yes,59,61,Z8,Z5,No
ORD-4158,21:16,Monday,3,596,16,High,5,3,4.2,Moderate,Clear,Urban,Experienced,Yes,43,37,Z8,Z4,Yes
ORD-4159,20:14,Saturday,3,620,14,High,2,7,3.8,Severe,Clear,Urban,Moderate,Yes,40,64,Z2,Z6,No
ORD-4160,13:52,Wednesday,4,639,20,Moderate,9,2,2.2,Severe,Clear,Urban,Experienced,Yes,46,36,Z4,Z3,No
ORD-4161,13:39,Monday,4,383,25,Very High,14,1,1.4,Low,Clear,Suburban,Experienced,Yes,65,50,Z6,Z1,No
ORD-4162,12:14,Sunday,2,341,21,Very High,3,7,4.9,Moderate,Fog,Suburban,Moderate,Yes,47,53,Z2,Z4,No
ORD-4163,10:59,Saturday,2,596,13,High,3,2,2.5,Moderate,Rain,Dense Urban,Moderate,No,33,30,Z5,Z4,No
ORD-4164,11:30,Sunday,1,178,10,Low,3,4,2.0,Moderate,Rain,Urban,Experienced,No,28,46,Z2,Z8,No
ORD-4165,19:38,Saturday,5,368,42,Very High,2,3,2.8,Low,Clear,Urban,Moderate,Yes,56,41,Z2,Z6,No
ORD-4166,19:00,Wednesday,2,361,11,Moderate,3,6,2.0,Heavy,Clear,Dense Urban,Moderate,Yes,33,27,Z7,Z5,No
ORD-4167,19:41,Saturday,8,1405,38,Very High,3,3,3.0,Heavy,Rain,Urban,Experienced,Yes,56,42,Z5,Z5,No
ORD-4168,14:27,Saturday,4,652,26,High,3,2,8.1,Heavy,Rain,Urban,Moderate,Yes,73,81,Z7,Z2,Yes
ORD-4169,14:04,Thursday,4,834,13,Moderate,13,7,4.1,Moderate,Rain,Dense Urban,Moderate,Yes,61,44,Z5,Z1,Yes
ORD-4170,21:56,Friday,2,638,14,Moderate,6,3,3.3,Moderate,Clear,Suburban,Experienced,Yes,34,33,Z8,Z4,No
ORD-4171,13:57,Wednesday,2,320,9,High,6,8,3.1,Low,Fog,Suburban,New,Yes,34,37,Z2,Z7,No
ORD-4172,13:56,Friday,6,520,23,Moderate,4,3,1.1,Low,Clear,Urban,New,Yes,42,56,Z8,Z6,No
ORD-4173,15:29,Friday,10,1697,34,Moderate,1,5,7.9,Moderate,Clear,Urban,Moderate,No,70,66,Z4,Z2,Yes
ORD-4174,13:40,Tuesday,4,739,15,High,5,6,1.3,Heavy,Clear,Dense Urban,Experienced,Yes,36,28,Z3,Z8,No
ORD-4175,14:09,Monday,2,399,11,Low,4,4,3.2,Moderate,Hot,Urban,Experienced,Yes,41,34,Z4,Z5,No
ORD-4176,13:32,Thursday,1,200,9,High,8,6,1.5,Heavy,Hot,Dense Urban,Moderate,Yes,34,45,Z3,Z6,No
ORD-4177,12:14,Thursday,4,722,15,Moderate,3,2,2.5,Severe,Clear,Dense Urban,Experienced,Yes,37,35,Z5,Z8,No
ORD-4178,13:20,Friday,3,752,24,High,10,2,4.8,Moderate,Fog,Suburban,Moderate,Yes,59,45,Z7,Z6,Yes
ORD-4179,22:15,Thursday,4,497,25,Very High,2,2,1.7,Moderate,Clear,Suburban,New,Yes,41,32,Z2,Z3,Yes
ORD-4180,19:58,Saturday,2,630,16,High,1,2,5.9,Moderate,Clear,Urban,Experienced,Yes,36,50,Z2,Z4,No
ORD-4181,19:29,Friday,4,770,22,High,3,14,5.3,Moderate,Clear,Urban,Moderate,Yes,57,46,Z5,Z3,Yes
ORD-4182,13:01,Thursday,1,222,15,High,9,3,6.9,Moderate,Clear,Suburban,Moderate,Yes,46,51,Z4,Z3,No
ORD-4183,13:03,Thursday,2,426,17,Moderate,4,9,2.8,Moderate,Clear,Dense Urban,Experienced,Yes,61,41,Z3,Z4,No
ORD-4184,12:14,Thursday,2,476,15,Moderate,1,5,4.9,Severe,Clear,Urban,New,Yes,51,49,Z1,Z6,Yes
ORD-4185,11:44,Saturday,5,452,7,Low,2,3,4.9,Severe,Rain,Urban,Moderate,No,35,48,Z2,Z1,No
ORD-4186,14:17,Tuesday,5,591,21,High,6,3,2.0,Moderate,Hot,Suburban,Moderate,Yes,39,33,Z3,Z3,No
ORD-4187,15:26,Sunday,4,907,22,High,1,3,6.1,Heavy,Clear,Urban,Experienced,No,49,56,Z2,Z5,No
ORD-4188,18:48,Sunday,2,328,9,Moderate,2,3,3.1,Low,Clear,Suburban,Experienced,No,45,31,Z7,Z6,No
ORD-4189,11:40,Saturday,4,617,13,Low,1,5,3.6,Moderate,Clear,Urban,Experienced,No,32,36,Z2,Z7,No
ORD-4190,19:30,Tuesday,9,2329,40,High,2,4,1.0,Heavy,Clear,Dense Urban,New,Yes,56,40,Z7,Z2,No
ORD-4191,15:16,Wednesday,3,537,19,Moderate,4,2,1.5,Moderate,Clear,Dense Urban,Moderate,No,36,32,Z6,Z5,No
ORD-4192,21:57,Tuesday,3,327,23,High,8,3,4.2,Low,Fog,Suburban,Experienced,Yes,50,42,Z8,Z7,Yes
ORD-4193,21:12,Thursday,6,1270,18,Moderate,4,3,1.3,Severe,Clear,Dense Urban,New,Yes,39,53,Z3,Z2,No
ORD-4194,19:54,Wednesday,5,644,16,Moderate,6,3,3.1,Moderate,Clear,Urban,New,Yes,39,42,Z5,Z6,No
ORD-4195,21:02,Thursday,3,342,11,Moderate,6,1,2.5,Low,Clear,Suburban,Moderate,Yes,27,35,Z5,Z2,No
ORD-4196,20:23,Friday,4,786,22,High,4,4,3.6,Severe,Clear,Dense Urban,Experienced,Yes,52,42,Z4,Z2,No
ORD-4197,18:53,Friday,3,853,16,High,3,5,4.0,Heavy,Clear,Urban,Moderate,No,62,65,Z8,Z4,No
ORD-4198,18:30,Sunday,3,831,7,Moderate,4,5,1.5,Moderate,Clear,Urban,Moderate,No,24,29,Z3,Z1,No
ORD-4199,21:02,Thursday,1,161,6,High,2,4,3.6,Low,Clear,Suburban,New,Yes,24,47,Z8,Z3,No
ORD-4200,21:12,Wednesday,5,1138,30,Very High,2,7,0.7,Severe,Hot,Dense Urban,New,Yes,49,48,Z8,Z7,No
ORD-4201,20:25,Friday,1,193,6,Moderate,5,2,4.0,Low,Cold,Urban,Moderate,Yes,26,38,Z8,Z5,No
ORD-4202,20:12,Thursday,5,1196,21,Very High,5,6,4.4,Moderate,Rain,Dense Urban,Moderate,Yes,57,46,Z6,Z6,No
ORD-4203,12:10,Friday,7,623,36,Very High,6,4,1.7,Heavy,Hot,Urban,Moderate,Yes,55,40,Z2,Z3,No
ORD-4204,12:49,Tuesday,1,147,10,Low,6,6,1.7,Moderate,Clear,Suburban,Moderate,Yes,30,51,Z1,Z4,No
ORD-4205,12:42,Monday,4,869,16,Moderate,3,3,1.1,Heavy,Hot,Dense Urban,Experienced,Yes,32,28,Z8,Z4,No
ORD-4206,19:35,Sunday,4,574,10,Moderate,2,2,4.0,Heavy,Clear,Urban,Experienced,Yes,29,41,Z6,Z8,No
ORD-4207,16:06,Friday,4,746,25,Moderate,2,5,5.1,Low,Clear,Dense Urban,Experienced,No,50,45,Z3,Z4,No
ORD-4208,15:28,Monday,4,546,15,High,10,2,2.3,Low,Rain,Suburban,Moderate,No,37,37,Z4,Z4,No
ORD-4209,14:18,Monday,1,136,13,High,3,7,5.1,Heavy,Hot,Urban,Experienced,Yes,49,42,Z1,Z5,Yes
ORD-4210,14:24,Friday,1,242,15,Very High,7,4,2.5,Heavy,Rain,Urban,Experienced,Yes,39,33,Z3,Z3,No
ORD-4211,21:19,Sunday,5,888,20,Very High,3,3,2.2,Heavy,Rain,Urban,Experienced,Yes,43,43,Z3,Z7,Yes
ORD-4212,14:15,Monday,8,2165,18,Moderate,6,6,5.7,Heavy,Clear,Suburban,Moderate,Yes,55,59,Z5,Z7,Yes
ORD-4213,12:54,Sunday,1,183,9,Moderate,2,3,4.3,Heavy,Clear,Urban,Moderate,Yes,30,41,Z6,Z5,No
ORD-4214,19:01,Saturday,5,527,17,Moderate,3,6,2.0,Heavy,Clear,Urban,Experienced,Yes,36,36,Z2,Z6,No
ORD-4215,13:15,Thursday,3,524,22,High,14,2,2.2,Heavy,Rain,Suburban,Experienced,Yes,50,35,Z8,Z7,No
ORD-4216,10:48,Monday,3,407,11,Low,2,9,8.6,Low,Clear,Urban,New,No,46,51,Z5,Z6,No
ORD-4217,09:26,Wednesday,6,1060,12,Moderate,3,4,4.3,Heavy,Cold,Dense Urban,Moderate,No,42,47,Z8,Z1,No
ORD-4218,13:04,Sunday,5,842,14,Moderate,9,10,6.5,Low,Rain,Suburban,Experienced,Yes,54,57,Z3,Z8,No
ORD-4219,12:49,Sunday,2,435,16,Very High,1,5,5.6,Low,Clear,Urban,Experienced,Yes,36,44,Z7,Z7,No
ORD-4220,21:25,Tuesday,1,227,8,Moderate,3,3,8.7,Moderate,Rain,Suburban,Moderate,Yes,47,62,Z8,Z8,No
ORD-4221,12:37,Thursday,3,619,19,Moderate,5,5,1.9,Low,Cold,Urban,Experienced,Yes,37,34,Z8,Z7,No
ORD-4222,21:40,Sunday,3,570,19,High,5,4,1.3,Heavy,Clear,Dense Urban,New,Yes,39,33,Z6,Z8,No
ORD-4223,21:10,Thursday,3,381,6,Moderate,6,4,4.4,Heavy,Clear,Dense Urban,New,Yes,41,47,Z4,Z8,No
ORD-4224,21:48,Friday,2,450,14,Very High,1,13,2.3,Severe,Cold,Urban,Moderate,Yes,42,33,Z4,Z3,No
ORD-4225,20:00,Tuesday,1,184,14,Very High,5,3,2.8,Moderate,Cold,Urban,Moderate,Yes,48,35,Z5,Z6,No
ORD-4226,13:39,Thursday,1,187,12,Moderate,2,1,1.5,Moderate,Clear,Dense Urban,Moderate,Yes,25,50,Z3,Z6,No
ORD-4227,13:25,Monday,2,451,13,Moderate,3,4,3.3,Moderate,Rain,Suburban,Moderate,Yes,32,42,Z3,Z4,No
ORD-4228,19:27,Sunday,7,3142,38,High,15,10,6.3,Moderate,Clear,Urban,New,Yes,83,51,Z2,Z8,No
ORD-4229,21:27,Thursday,1,185,12,High,2,5,0.8,Moderate,Hot,Dense Urban,Experienced,Yes,27,26,Z7,Z1,No
ORD-4230,13:20,Monday,5,863,31,Very High,8,3,3.1,Low,Clear,Urban,Moderate,Yes,52,40,Z7,Z3,No
ORD-4231,11:13,Tuesday,3,378,13,Low,5,4,9.9,Low,Clear,Urban,New,No,55,62,Z3,Z8,No
ORD-4232,19:59,Saturday,3,508,12,Moderate,6,2,5.8,Low,Clear,Urban,Moderate,Yes,49,43,Z6,Z8,Yes
ORD-4233,13:18,Sunday,4,489,14,Moderate,4,2,9.7,Low,Hot,Urban,Experienced,Yes,43,59,Z2,Z4,No
ORD-4234,11:45,Sunday,2,376,11,Moderate,2,2,3.7,Moderate,Clear,Dense Urban,Moderate,No,31,31,Z1,Z4,No
ORD-4235,22:01,Saturday,2,331,16,High,4,13,4.7,Moderate,Hot,Urban,New,Yes,51,42,Z6,Z8,No
ORD-4236,12:14,Monday,5,980,46,Very High,3,3,4.8,Moderate,Hot,Urban,New,Yes,70,42,Z2,Z3,No
ORD-4237,20:42,Saturday,4,757,28,High,3,3,4.8,Low,Cold,Urban,Moderate,Yes,60,47,Z5,Z5,Yes
ORD-4238,19:21,Thursday,1,175,11,Moderate,11,8,5.5,Severe,Rain,Urban,Experienced,Yes,63,57,Z4,Z6,No
ORD-4239,16:51,Friday,2,324,11,High,4,3,7.0,Low,Clear,Suburban,Moderate,No,35,48,Z6,Z7,No
ORD-4240,21:06,Tuesday,4,759,18,High,1,2,7.0,Low,Fog,Suburban,Experienced,Yes,38,59,Z1,Z2,No
ORD-4241,19:11,Monday,2,721,10,High,5,4,1.2,Heavy,Cold,Dense Urban,New,Yes,33,28,Z2,Z6,Yes
ORD-4242,12:46,Saturday,3,1199,13,High,1,2,1.0,Severe,Clear,Dense Urban,Moderate,Yes,29,33,Z6,Z6,No
ORD-4243,12:59,Thursday,4,622,11,Moderate,5,6,0.6,Moderate,Clear,Urban,New,Yes,44,28,Z2,Z2,No
ORD-4244,13:58,Friday,1,178,7,High,4,7,2.5,Heavy,Clear,Suburban,Moderate,Yes,29,31,Z7,Z8,No
ORD-4245,12:28,Saturday,13,1505,24,High,4,19,2.3,Heavy,Clear,Dense Urban,Moderate,Yes,76,48,Z4,Z5,Yes
ORD-4246,20:37,Tuesday,4,784,27,High,2,2,3.6,Moderate,Clear,Dense Urban,Experienced,Yes,46,46,Z7,Z4,No
ORD-4247,19:24,Friday,1,131,14,High,1,2,5.3,Severe,Clear,Suburban,New,Yes,50,48,Z8,Z2,Yes
ORD-4248,15:25,Sunday,2,307,12,Moderate,3,3,4.9,Heavy,Rain,Suburban,Moderate,No,41,42,Z6,Z1,No
ORD-4249,13:35,Thursday,4,709,17,Moderate,1,3,4.5,Moderate,Fog,Dense Urban,New,Yes,44,46,Z4,Z4,No
ORD-4250,22:22,Friday,3,242,19,High,3,5,0.7,Heavy,Hot,Suburban,Moderate,Yes,33,42,Z7,Z2,No
ORD-4251,19:58,Wednesday,2,308,19,Very High,5,2,2.9,Severe,Clear,Dense Urban,Experienced,Yes,45,37,Z3,Z3,No
ORD-4252,20:15,Friday,1,114,15,Moderate,1,4,7.3,Moderate,Clear,Suburban,Experienced,Yes,39,49,Z3,Z2,No
ORD-4253,21:19,Sunday,6,548,25,High,6,5,4.7,Heavy,Clear,Suburban,Moderate,Yes,53,49,Z2,Z3,No
ORD-4254,13:42,Wednesday,3,736,21,Very High,8,3,3.1,Moderate,Hot,Urban,Moderate,Yes,46,35,Z8,Z6,No
ORD-4255,11:39,Thursday,4,463,11,Low,4,4,2.2,Low,Fog,Suburban,Moderate,No,28,34,Z2,Z3,No
ORD-4256,22:37,Thursday,8,1125,38,Very High,5,3,2.0,Heavy,Clear,Suburban,Experienced,No,56,60,Z6,Z6,No
ORD-4257,20:12,Sunday,4,1030,11,High,6,2,3.1,Moderate,Fog,Urban,Moderate,Yes,32,38,Z7,Z2,No
ORD-4258,20:54,Tuesday,3,761,15,Moderate,2,2,0.4,Low,Hot,Urban,New,Yes,24,22,Z7,Z2,No
ORD-4259,20:57,Wednesday,4,917,24,High,11,2,2.2,Low,Clear,Suburban,Moderate,Yes,46,36,Z3,Z7,No
ORD-4260,13:03,Friday,1,244,60,High,2,2,6.1,Heavy,Clear,Dense Urban,Moderate,Yes,96,46,Z7,Z4,No
ORD-4261,17:56,Wednesday,1,166,8,High,4,4,0.4,Moderate,Clear,Urban,Moderate,No,21,26,Z4,Z2,No
ORD-4262,12:17,Tuesday,4,805,16,High,9,1,2.8,Moderate,Rain,Urban,Experienced,Yes,37,40,Z1,Z1,No
ORD-4263,20:46,Wednesday,3,454,14,Moderate,7,1,5.7,Severe,Hot,Suburban,Experienced,Yes,50,54,Z4,Z3,Yes
ORD-4264,14:09,Wednesday,2,278,15,High,5,1,2.0,Heavy,Clear,Suburban,Moderate,Yes,30,35,Z5,Z2,No
ORD-4265,18:50,Saturday,2,209,28,Very High,2,4,3.0,Low,Clear,Urban,New,No,46,32,Z8,Z5,No
ORD-4266,18:24,Sunday,2,434,20,Moderate,6,3,3.7,Low,Clear,Suburban,Moderate,No,52,33,Z2,Z7,No
ORD-4267,21:27,Tuesday,4,512,28,Very High,2,3,2.3,Moderate,Clear,Suburban,New,Yes,46,38,Z2,Z8,Yes
ORD-4268,21:55,Monday,3,317,15,Moderate,9,4,4.7,Low,Clear,Suburban,Experienced,Yes,40,43,Z3,Z7,No
ORD-4269,18:21,Friday,4,850,28,Very High,4,5,5.8,Heavy,Fog,Dense Urban,New,No,70,54,Z3,Z6,No
ORD-4270,21:17,Monday,1,220,5,Low,1,3,2.9,Moderate,Clear,Urban,New,Yes,20,29,Z8,Z4,No
ORD-4271,23:06,Thursday,5,822,13,Moderate,3,7,3.5,Heavy,Rain,Dense Urban,Experienced,No,44,37,Z2,Z7,No
ORD-4272,09:24,Tuesday,2,223,10,Moderate,4,3,2.0,Moderate,Fog,Urban,Experienced,No,25,26,Z1,Z5,No
ORD-4273,14:33,Wednesday,3,350,14,High,1,7,2.8,Low,Clear,Suburban,Experienced,No,30,34,Z5,Z3,No
ORD-4274,18:46,Saturday,8,944,28,Moderate,3,2,3.0,Low,Cold,Dense Urban,Moderate,No,45,41,Z4,Z8,No
ORD-4275,14:13,Friday,3,255,17,High,2,4,1.5,Moderate,Clear,Suburban,Moderate,Yes,31,28,Z6,Z6,No
ORD-4276,12:38,Sunday,2,492,10,Very High,3,5,2.1,Moderate,Clear,Urban,Experienced,Yes,26,38,Z8,Z5,No
ORD-4277,17:42,Saturday,2,394,11,High,2,5,1.5,Low,Cold,Suburban,Moderate,No,25,26,Z3,Z3,No
ORD-4278,20:47,Friday,2,252,16,High,5,3,3.1,Moderate,Clear,Dense Urban,Experienced,Yes,39,37,Z5,Z7,No
ORD-4279,20:13,Wednesday,5,994,13,Low,9,3,1.7,Moderate,Rain,Urban,Moderate,Yes,34,32,Z3,Z8,No
ORD-4280,22:06,Friday,2,222,11,Moderate,4,3,1.3,Heavy,Hot,Urban,Moderate,Yes,26,25,Z8,Z2,No
ORD-4281,22:03,Saturday,4,907,20,Very High,4,2,0.9,Severe,Clear,Urban,Experienced,Yes,34,29,Z4,Z6,No
ORD-4282,19:22,Monday,1,130,12,High,3,4,1.2,Low,Rain,Suburban,Moderate,Yes,25,30,Z8,Z8,No
ORD-4283,10:37,Sunday,1,177,19,Moderate,1,3,0.4,Low,Clear,Dense Urban,New,No,30,20,Z3,Z7,No
ORD-4284,20:19,Sunday,3,408,15,High,3,2,0.9,Moderate,Clear,Dense Urban,Moderate,Yes,28,28,Z3,Z7,No
ORD-4285,11:17,Thursday,4,549,19,High,3,4,3.3,Low,Clear,Dense Urban,Experienced,No,39,37,Z7,Z8,No
ORD-4286,19:20,Friday,6,1040,16,High,11,3,4.0,Moderate,Rain,Suburban,New,Yes,64,41,Z6,Z3,No
ORD-4287,13:23,Monday,2,363,12,High,7,8,0.9,Severe,Fog,Urban,Experienced,Yes,38,27,Z4,Z2,Yes
ORD-4288,20:41,Monday,1,218,20,Very High,7,4,5.6,Moderate,Clear,Suburban,Experienced,Yes,49,46,Z7,Z6,No
ORD-4289,21:46,Tuesday,2,431,18,Very High,1,1,2.2,Heavy,Clear,Dense Urban,Experienced,Yes,34,34,Z2,Z5,No
ORD-4290,12:19,Friday,4,1037,26,High,6,2,2.4,Moderate,Clear,Dense Urban,Moderate,Yes,60,44,Z2,Z7,No
ORD-4291,14:51,Tuesday,5,1016,10,Low,7,2,4.1,Low,Clear,Suburban,Experienced,No,35,42,Z3,Z4,Yes
ORD-4292,09:05,Sunday,3,719,18,High,1,8,5.3,Heavy,Rain,Dense Urban,Moderate,No,58,50,Z3,Z8,No
ORD-4293,18:41,Sunday,4,844,13,High,2,3,0.6,Severe,Hot,Suburban,Moderate,No,24,26,Z7,Z4,No
ORD-4294,13:39,Friday,1,170,12,High,4,2,7.6,Moderate,Clear,Urban,Moderate,Yes,40,56,Z7,Z4,No
ORD-4295,20:26,Wednesday,2,396,7,High,12,3,2.7,Moderate,Rain,Dense Urban,Moderate,Yes,39,35,Z5,Z2,No
ORD-4296,13:24,Sunday,3,417,10,Low,6,4,8.8,Moderate,Fog,Dense Urban,Moderate,Yes,59,59,Z7,Z2,No
ORD-4297,20:27,Wednesday,2,315,19,High,19,6,3.9,Moderate,Clear,Urban,Moderate,Yes,58,41,Z5,Z5,No
ORD-4298,21:59,Thursday,1,153,13,Very High,5,6,1.6,Moderate,Clear,Urban,Moderate,Yes,32,31,Z4,Z3,No
ORD-4299,20:22,Sunday,3,390,9,Low,10,7,3.2,Low,Rain,Urban,New,Yes,40,37,Z6,Z6,No
ORD-4300,19:39,Wednesday,3,359,14,Moderate,2,4,2.2,Low,Clear,Dense Urban,New,Yes,31,37,Z6,Z5,No
ORD-4301,20:20,Wednesday,4,425,20,High,1,1,2.5,Heavy,Hot,Dense Urban,Moderate,Yes,41,43,Z3,Z1,Yes
ORD-4302,12:50,Sunday,1,288,18,Very High,5,1,6.3,Heavy,Cold,Urban,Moderate,Yes,47,48,Z4,Z4,No
ORD-4303,20:43,Saturday,5,665,25,Very High,18,5,5.8,Low,Clear,Suburban,Moderate,Yes,64,68,Z8,Z6,No
ORD-4304,19:16,Wednesday,5,1375,25,High,8,3,3.6,Severe,Hot,Suburban,Experienced,Yes,53,43,Z2,Z2,No
ORD-4305,14:19,Tuesday,1,233,11,High,1,5,2.2,Low,Clear,Suburban,Experienced,Yes,25,33,Z2,Z2,No
ORD-4306,19:29,Monday,1,173,9,Moderate,7,2,2.1,Severe,Clear,Urban,Experienced,Yes,32,30,Z8,Z2,No
ORD-4307,21:17,Tuesday,3,759,12,Low,9,4,4.5,Heavy,Clear,Dense Urban,Experienced,Yes,45,44,Z1,Z4,No
ORD-4308,15:28,Thursday,2,322,8,Low,4,3,4.7,Moderate,Clear,Urban,New,No,31,43,Z5,Z6,No
ORD-4309,19:00,Saturday,1,230,13,Moderate,2,13,2.0,Moderate,Fog,Urban,Experienced,Yes,36,27,Z8,Z7,No
ORD-4310,13:18,Monday,2,542,11,Moderate,3,4,5.7,Moderate,Hot,Dense Urban,Moderate,Yes,41,41,Z1,Z2,No
ORD-4311,14:08,Thursday,2,267,19,High,1,1,2.7,Heavy,Clear,Dense Urban,Moderate,Yes,41,39,Z7,Z2,No
ORD-4312,20:10,Sunday,2,238,10,High,3,1,10.8,Heavy,Hot,Urban,Experienced,Yes,53,73,Z1,Z4,No
ORD-4313,13:18,Monday,4,825,22,Moderate,3,2,2.9,Heavy,Rain,Dense Urban,Experienced,Yes,45,35,Z7,Z4,No
ORD-4314,09:33,Sunday,4,757,15,Low,1,5,5.0,Heavy,Cold,Urban,New,No,50,43,Z1,Z2,Yes
ORD-4315,23:40,Thursday,6,829,16,Moderate,2,2,4.3,Low,Clear,Urban,Experienced,No,31,42,Z8,Z6,No
ORD-4316,14:16,Saturday,2,518,9,High,1,7,0.8,Heavy,Clear,Dense Urban,Moderate,Yes,26,31,Z5,Z8,No
ORD-4317,13:58,Tuesday,3,732,15,High,6,11,3.3,Moderate,Clear,Suburban,Experienced,Yes,43,37,Z5,Z5,No
ORD-4318,17:13,Friday,1,155,8,Moderate,1,3,3.7,Moderate,Clear,Dense Urban,Experienced,No,29,37,Z2,Z2,No
ORD-4319,12:55,Thursday,5,667,8,Moderate,5,5,1.5,Low,Clear,Urban,Moderate,Yes,25,34,Z7,Z6,No
ORD-4320,20:44,Tuesday,5,872,24,Very High,4,4,5.4,Moderate,Clear,Urban,Moderate,Yes,62,75,Z7,Z5,No
ORD-4321,14:50,Friday,2,340,8,Low,5,4,4.7,Heavy,Clear,Dense Urban,New,No,43,44,Z4,Z1,No
ORD-4322,19:09,Wednesday,2,495,12,Moderate,14,6,0.7,Low,Fog,Dense Urban,Experienced,Yes,44,29,Z6,Z2,Yes
ORD-4323,14:13,Tuesday,1,283,16,Moderate,6,3,3.0,Heavy,Clear,Urban,Moderate,Yes,42,37,Z7,Z7,Yes
ORD-4324,18:01,Friday,3,813,12,Moderate,6,5,1.3,Low,Rain,Urban,Moderate,No,30,51,Z5,Z5,No
ORD-4325,13:33,Friday,4,525,14,Low,8,4,3.7,Heavy,Fog,Suburban,Moderate,Yes,63,43,Z4,Z4,No
ORD-4326,09:50,Monday,2,349,12,High,3,8,2.7,Heavy,Clear,Dense Urban,Moderate,No,39,32,Z5,Z3,No
ORD-4327,12:06,Monday,4,516,20,Very High,5,9,3.7,Heavy,Clear,Dense Urban,Moderate,Yes,54,42,Z7,Z2,No
ORD-4328,09:41,Sunday,2,258,7,Low,3,3,3.4,Heavy,Clear,Suburban,New,No,28,32,Z5,Z4,No
ORD-4329,18:02,Monday,3,401,15,Moderate,1,6,11.6,Low,Clear,Suburban,Moderate,No,46,61,Z8,Z3,No
ORD-4330,10:45,Wednesday,2,489,13,Low,6,2,1.7,Severe,Clear,Dense Urban,Experienced,No,34,26,Z6,Z5,No
ORD-4331,10:53,Friday,2,303,8,High,1,2,1.6,Low,Hot,Urban,Experienced,No,19,30,Z8,Z1,No
ORD-4332,13:38,Friday,4,931,27,Very High,3,5,2.1,Severe,Rain,Urban,Moderate,Yes,49,38,Z6,Z1,No
ORD-4333,12:32,Sunday,4,751,21,High,3,1,8.1,Heavy,Hot,Urban,Moderate,Yes,77,64,Z1,Z2,Yes
ORD-4334,19:28,Friday,9,2188,24,Moderate,8,3,3.3,Moderate,Rain,Urban,Moderate,Yes,51,58,Z6,Z2,No
ORD-4335,20:27,Tuesday,3,359,8,Low,8,3,4.0,Heavy,Clear,Urban,Moderate,Yes,35,41,Z2,Z4,No
ORD-4336,22:05,Tuesday,6,1238,22,High,3,3,1.6,Low,Hot,Suburban,Moderate,Yes,35,40,Z1,Z3,No
ORD-4337,21:41,Thursday,1,190,15,High,4,4,5.5,Moderate,Clear,Urban,Moderate,Yes,42,57,Z5,Z5,Yes
ORD-4338,12:04,Monday,2,347,17,High,6,2,2.0,Heavy,Fog,Dense Urban,Experienced,Yes,49,38,Z4,Z8,No
ORD-4339,11:10,Sunday,3,491,20,Moderate,1,3,2.5,Low,Clear,Urban,Moderate,No,37,31,Z5,Z1,Yes
ORD-4340,19:24,Sunday,4,660,9,Moderate,12,3,4.7,Low,Clear,Suburban,Moderate,Yes,38,47,Z3,Z5,No
ORD-4341,13:47,Sunday,1,299,9,Moderate,7,9,3.7,Severe,Fog,Urban,Moderate,Yes,48,42,Z7,Z1,No
ORD-4342,13:50,Monday,2,317,8,Moderate,4,2,1.5,Heavy,Rain,Urban,Moderate,Yes,24,28,Z8,Z5,No
ORD-4343,18:42,Sunday,1,212,7,Low,2,2,2.4,Moderate,Clear,Dense Urban,Experienced,No,24,29,Z8,Z1,No
ORD-4344,19:54,Tuesday,3,465,7,Low,2,2,4.7,Severe,Hot,Suburban,Moderate,Yes,31,49,Z5,Z6,No
ORD-4345,19:34,Tuesday,2,268,21,High,2,2,0.6,Moderate,Clear,Suburban,Moderate,Yes,34,27,Z1,Z4,Yes
ORD-4346,09:07,Sunday,4,590,12,Moderate,6,3,6.2,Low,Clear,Suburban,Experienced,No,51,69,Z1,Z8,No
ORD-4347,11:02,Wednesday,4,965,14,Moderate,4,3,3.4,Low,Rain,Urban,New,No,35,39,Z7,Z6,No
ORD-4348,16:13,Saturday,2,150,17,High,2,2,4.1,Low,Rain,Urban,Experienced,No,42,42,Z3,Z4,No
ORD-4349,22:01,Wednesday,2,712,21,High,14,5,0.9,Heavy,Hot,Dense Urban,New,Yes,59,29,Z5,Z4,Yes
ORD-4350,10:32,Wednesday,4,573,14,Low,2,4,4.2,Heavy,Clear,Urban,Experienced,No,36,40,Z6,Z7,No
ORD-4351,16:45,Saturday,4,1354,27,Moderate,2,4,2.2,Heavy,Clear,Dense Urban,Experienced,No,47,35,Z8,Z8,No
ORD-4352,13:57,Sunday,3,593,19,High,5,6,2.2,Moderate,Clear,Dense Urban,Experienced,Yes,42,60,Z8,Z5,No
ORD-4353,22:01,Thursday,3,631,25,Very High,1,1,2.7,Moderate,Clear,Urban,Experienced,Yes,38,40,Z1,Z1,No
ORD-4354,12:39,Friday,4,481,17,High,4,2,8.9,Moderate,Clear,Suburban,Moderate,Yes,59,63,Z7,Z3,No
ORD-4355,20:24,Monday,4,514,10,High,7,3,3.6,Moderate,Rain,Dense Urban,New,Yes,40,43,Z5,Z6,No
ORD-4356,12:11,Monday,1,112,9,Moderate,2,4,3.1,Low,Rain,Urban,Experienced,Yes,26,35,Z5,Z2,No
ORD-4357,20:54,Saturday,4,1098,17,High,4,4,3.7,Moderate,Cold,Urban,Experienced,Yes,58,41,Z6,Z2,Yes
ORD-4358,19:05,Monday,2,415,13,High,6,4,1.6,Severe,Clear,Dense Urban,New,Yes,38,32,Z5,Z7,No
ORD-4359,23:27,Sunday,5,762,17,Moderate,1,1,2.8,Low,Clear,Urban,Moderate,No,29,34,Z6,Z1,No
ORD-4360,19:09,Sunday,2,285,24,Very High,2,6,1.9,Heavy,Clear,Dense Urban,New,Yes,55,31,Z3,Z7,No
ORD-4361,15:11,Saturday,3,945,15,Low,5,3,0.5,Heavy,Rain,Dense Urban,Experienced,No,31,20,Z3,Z3,No
ORD-4362,10:49,Sunday,2,291,9,Moderate,4,5,8.1,Moderate,Clear,Urban,Experienced,No,44,52,Z1,Z5,No
ORD-4363,21:12,Saturday,1,222,16,High,7,3,1.6,Moderate,Clear,Urban,Moderate,Yes,34,29,Z8,Z4,No
ORD-4364,20:26,Wednesday,3,576,19,Moderate,22,2,3.3,Heavy,Clear,Dense Urban,Moderate,Yes,62,39,Z5,Z7,No
ORD-4365,14:22,Monday,2,303,10,Low,19,5,1.5,Heavy,Hot,Suburban,New,Yes,43,26,Z2,Z5,No
ORD-4366,12:31,Saturday,3,363,14,High,5,2,7.8,Severe,Clear,Suburban,Experienced,Yes,48,92,Z8,Z8,No
ORD-4367,22:38,Monday,2,360,7,Moderate,1,3,7.7,Low,Rain,Urban,Experienced,No,35,49,Z5,Z6,No
ORD-4368,09:10,Sunday,2,383,13,High,5,1,2.1,Moderate,Rain,Dense Urban,Moderate,No,33,36,Z6,Z6,No
ORD-4369,16:49,Wednesday,6,1267,17,Moderate,1,4,5.4,Heavy,Clear,Dense Urban,New,No,52,59,Z7,Z1,No
ORD-4370,19:39,Thursday,3,585,16,High,13,3,3.6,Heavy,Rain,Suburban,Moderate,Yes,52,54,Z5,Z6,No
ORD-4371,20:18,Tuesday,4,765,16,Moderate,6,3,1.3,Severe,Rain,Urban,Moderate,Yes,37,29,Z8,Z7,No
ORD-4372,20:18,Saturday,3,369,13,Moderate,2,5,4.5,Heavy,Clear,Urban,New,Yes,38,66,Z1,Z3,No
ORD-4373,18:44,Sunday,1,280,9,High,6,5,1.8,Low,Clear,Urban,New,No,28,24,Z8,Z5,No
ORD-4374,20:47,Sunday,2,666,22,High,1,1,1.0,Moderate,Clear,Suburban,Moderate,Yes,31,24,Z5,Z1,No
ORD-4375,15:09,Friday,3,369,11,Low,7,2,2.9,Low,Clear,Suburban,Moderate,No,29,29,Z6,Z6,No
ORD-4376,20:00,Thursday,3,864,25,Moderate,14,10,2.8,Heavy,Clear,Suburban,Moderate,Yes,65,57,Z5,Z3,Yes
ORD-4377,18:18,Sunday,3,412,13,Low,1,2,4.7,Moderate,Clear,Dense Urban,Experienced,No,38,43,Z5,Z3,Yes
ORD-4378,13:56,Friday,2,235,5,Moderate,4,4,0.4,Severe,Clear,Dense Urban,Moderate,Yes,21,28,Z4,Z8,No
ORD-4379,21:10,Sunday,2,420,12,High,2,5,4.4,Moderate,Fog,Urban,New,Yes,37,41,Z1,Z1,No
ORD-4380,15:39,Friday,3,369,15,Moderate,1,4,5.7,Moderate,Rain,Urban,Moderate,No,45,48,Z3,Z4,No
ORD-4381,23:17,Sunday,1,154,11,High,1,7,2.1,Heavy,Clear,Urban,New,No,31,33,Z1,Z8,No
ORD-4382,20:13,Saturday,4,618,17,Moderate,8,2,4.0,Heavy,Hot,Suburban,Moderate,Yes,47,40,Z2,Z7,Yes
ORD-4383,20:01,Thursday,2,430,13,High,2,3,2.7,Heavy,Clear,Urban,Moderate,Yes,34,58,Z5,Z1,Yes
ORD-4384,22:13,Tuesday,4,434,16,High,9,6,1.3,Heavy,Clear,Urban,Experienced,Yes,39,35,Z1,Z4,No
ORD-4385,17:27,Thursday,1,371,9,Low,2,11,3.0,Low,Fog,Dense Urban,Moderate,No,40,26,Z2,Z1,Yes
ORD-4386,22:08,Monday,3,810,12,Low,3,1,2.9,Moderate,Clear,Urban,Moderate,Yes,28,55,Z4,Z2,No
ORD-4387,20:45,Thursday,1,159,17,Very High,5,11,1.1,Severe,Clear,Dense Urban,Experienced,Yes,63,28,Z8,Z1,No
ORD-4388,12:42,Thursday,6,719,26,Moderate,2,2,4.8,Severe,Cold,Urban,Moderate,Yes,54,53,Z4,Z3,No
ORD-4389,14:48,Sunday,2,627,13,Moderate,2,2,4.6,Moderate,Clear,Dense Urban,Moderate,No,40,39,Z7,Z8,Yes
ORD-4390,20:11,Friday,5,1231,24,High,6,4,3.3,Moderate,Clear,Suburban,New,Yes,46,39,Z2,Z5,No
ORD-4391,16:00,Friday,2,218,8,Low,3,3,0.8,Low,Clear,Urban,Moderate,No,23,20,Z6,Z2,Yes
ORD-4392,21:41,Thursday,2,555,8,Low,2,2,3.4,Moderate,Clear,Dense Urban,Experienced,Yes,30,37,Z3,Z5,No
ORD-4393,19:17,Sunday,1,166,10,Moderate,1,4,5.6,Moderate,Clear,Urban,Experienced,Yes,36,44,Z4,Z6,Yes
ORD-4394,18:53,Monday,1,192,12,Moderate,4,2,1.5,Moderate,Clear,Dense Urban,Moderate,No,29,21,Z2,Z4,No
ORD-4395,20:24,Sunday,4,752,13,Moderate,2,7,1.8,Moderate,Fog,Dense Urban,Moderate,Yes,39,32,Z4,Z4,Yes
ORD-4396,12:52,Thursday,3,561,15,Moderate,5,2,2.9,Heavy,Clear,Urban,Experienced,Yes,39,33,Z2,Z8,Yes
ORD-4397,14:03,Thursday,1,174,11,Low,9,2,1.5,Severe,Rain,Urban,Moderate,Yes,34,33,Z8,Z7,No
ORD-4398,20:16,Wednesday,1,192,15,High,3,3,2.8,Moderate,Clear,Dense Urban,New,Yes,37,38,Z5,Z3,No
ORD-4399,20:37,Thursday,3,1238,11,High,8,2,4.3,Low,Clear,Urban,Experienced,Yes,33,45,Z7,Z2,No
ORD-4400,19:57,Monday,4,735,13,Moderate,6,5,3.6,Heavy,Rain,Dense Urban,New,Yes,47,42,Z7,Z3,No
ORD-4401,14:43,Sunday,3,714,17,Moderate,3,6,0.9,Moderate,Rain,Dense Urban,New,No,35,29,Z8,Z3,No
ORD-4402,10:51,Friday,3,432,14,Low,5,4,4.8,Severe,Clear,Urban,Experienced,No,44,46,Z6,Z5,No
ORD-4403,12:26,Sunday,5,984,15,High,2,4,3.0,Moderate,Clear,Urban,Moderate,Yes,32,63,Z4,Z3,No
ORD-4404,19:52,Saturday,2,329,18,High,4,4,4.7,Heavy,Clear,Suburban,Moderate,Yes,45,63,Z4,Z7,No
ORD-4405,19:54,Wednesday,2,232,8,High,5,5,0.6,Moderate,Clear,Dense Urban,New,Yes,26,25,Z3,Z2,No
ORD-4406,12:34,Tuesday,5,966,18,High,11,4,3.5,Severe,Fog,Suburban,Experienced,Yes,50,48,Z7,Z1,No
ORD-4407,14:35,Sunday,4,412,22,Moderate,3,4,3.1,Moderate,Clear,Urban,Moderate,No,41,37,Z2,Z4,No
ORD-4408,13:08,Saturday,1,157,12,Moderate,8,3,9.8,Moderate,Clear,Suburban,Experienced,Yes,48,63,Z3,Z5,No
ORD-4409,15:11,Thursday,3,475,13,Low,1,5,6.9,Low,Clear,Suburban,Experienced,No,36,51,Z8,Z4,No
ORD-4410,16:06,Sunday,1,222,8,Moderate,3,3,2.7,Moderate,Clear,Suburban,Moderate,No,24,30,Z2,Z6,No
ORD-4411,20:12,Wednesday,6,1437,14,Moderate,9,5,1.8,Moderate,Clear,Urban,Experienced,Yes,36,38,Z4,Z3,No
ORD-4412,20:09,Tuesday,2,310,16,Very High,2,5,3.3,Moderate,Clear,Urban,Moderate,Yes,35,37,Z7,Z1,No
ORD-4413,16:39,Tuesday,2,267,14,Moderate,4,5,3.2,Low,Hot,Urban,New,No,35,30,Z6,Z3,No
ORD-4414,16:07,Friday,4,726,16,High,49,5,1.9,Heavy,Clear,Urban,Moderate,No,80,32,Z6,Z8,No
ORD-4415,14:18,Sunday,3,500,15,High,2,3,6.6,Moderate,Clear,Urban,Experienced,Yes,38,74,Z5,Z7,No
ORD-4416,13:03,Wednesday,4,597,26,Very High,14,5,1.4,Heavy,Rain,Suburban,Moderate,Yes,58,38,Z3,Z2,Yes
ORD-4417,13:33,Tuesday,3,407,12,Moderate,5,2,3.1,Moderate,Clear,Dense Urban,Experienced,Yes,32,39,Z3,Z7,No
ORD-4418,13:18,Sunday,2,356,22,High,2,5,2.9,Heavy,Clear,Suburban,Experienced,Yes,45,33,Z1,Z4,Yes
ORD-4419,12:41,Sunday,5,627,13,Low,6,5,1.2,Heavy,Fog,Urban,Moderate,Yes,48,32,Z4,Z2,No
ORD-4420,17:58,Wednesday,3,416,26,High,6,4,3.9,Low,Cold,Urban,New,No,51,41,Z6,Z8,No
ORD-4421,20:12,Thursday,3,706,17,High,6,6,3.6,Heavy,Clear,Suburban,Moderate,Yes,43,42,Z3,Z3,No
ORD-4422,17:10,Tuesday,4,907,12,Low,1,8,2.5,Moderate,Hot,Dense Urban,Moderate,No,34,36,Z5,Z3,No
ORD-4423,19:22,Thursday,2,450,19,High,3,3,5.5,Severe,Clear,Urban,Experienced,Yes,53,46,Z1,Z1,No
ORD-4424,14:03,Friday,5,1411,19,High,6,2,1.3,Moderate,Clear,Dense Urban,Moderate,Yes,40,37,Z8,Z6,Yes
ORD-4425,21:50,Friday,8,1460,14,Low,5,8,2.4,Severe,Clear,Suburban,New,Yes,41,39,Z2,Z8,No
ORD-4426,11:35,Sunday,4,1502,15,Moderate,8,5,0.8,Heavy,Clear,Dense Urban,Experienced,No,36,25,Z3,Z5,No
ORD-4427,20:42,Wednesday,4,979,17,Low,2,1,3.6,Heavy,Clear,Suburban,Moderate,Yes,36,43,Z5,Z4,No
ORD-4428,13:21,Sunday,4,602,15,Moderate,9,3,4.7,Low,Clear,Suburban,New,Yes,56,42,Z4,Z6,No
ORD-4429,21:21,Saturday,4,465,15,Moderate,9,8,0.7,Moderate,Hot,Urban,Moderate,Yes,38,25,Z3,Z8,No
ORD-4430,14:53,Sunday,3,504,13,Moderate,4,1,0.4,Low,Clear,Dense Urban,Moderate,No,39,28,Z1,Z1,Yes
ORD-4431,20:32,Sunday,4,968,9,Low,3,5,4.1,Heavy,Clear,Urban,Experienced,Yes,33,39,Z1,Z2,No
ORD-4432,20:31,Sunday,1,181,14,High,22,7,0.4,Severe,Rain,Dense Urban,Experienced,Yes,51,31,Z1,Z1,No
ORD-4433,20:39,Monday,2,414,10,Moderate,2,3,5.2,Moderate,Hot,Suburban,Moderate,Yes,34,41,Z4,Z7,No
ORD-4434,20:39,Sunday,5,864,26,Very High,8,4,3.1,Severe,Clear,Suburban,Moderate,Yes,53,43,Z5,Z1,No
ORD-4435,18:08,Sunday,1,224,8,Low,1,2,1.4,Low,Hot,Urban,New,No,19,22,Z8,Z4,No
ORD-4436,21:08,Wednesday,2,304,14,Very High,3,10,4.9,Severe,Clear,Dense Urban,Moderate,Yes,59,43,Z1,Z4,Yes
ORD-4437,18:57,Monday,2,273,7,Low,3,3,3.5,Moderate,Fog,Urban,New,No,42,35,Z5,Z5,No
ORD-4438,19:54,Thursday,1,207,6,Moderate,1,4,3.0,Moderate,Clear,Urban,Experienced,Yes,22,34,Z5,Z1,No
ORD-4439,09:19,Saturday,1,215,10,Low,5,4,6.3,Low,Hot,Urban,Moderate,No,36,41,Z4,Z6,No
ORD-4440,18:47,Wednesday,2,520,9,Low,9,8,1.7,Heavy,Rain,Dense Urban,Moderate,No,40,27,Z7,Z4,No
ORD-4441,13:27,Tuesday,6,956,25,Very High,4,3,1.5,Moderate,Rain,Urban,Experienced,Yes,40,52,Z7,Z6,No
ORD-4442,21:40,Tuesday,3,609,15,Moderate,14,2,2.4,Moderate,Rain,Urban,Moderate,Yes,46,34,Z7,Z4,Yes
ORD-4443,20:16,Thursday,1,285,10,High,2,1,1.3,Heavy,Clear,Urban,Experienced,Yes,20,25,Z1,Z3,No
ORD-4444,20:24,Wednesday,3,325,19,Very High,5,7,6.0,Moderate,Clear,Suburban,Moderate,Yes,50,45,Z6,Z6,No
ORD-4445,15:09,Sunday,5,619,24,Moderate,1,4,5.4,Moderate,Clear,Suburban,New,No,52,45,Z1,Z7,Yes
ORD-4446,12:24,Wednesday,1,331,23,Very High,13,3,4.9,Heavy,Clear,Dense Urban,Moderate,Yes,71,42,Z4,Z3,No
ORD-4447,14:18,Tuesday,4,568,14,High,3,11,10.3,Moderate,Hot,Urban,Moderate,Yes,65,70,Z3,Z3,No
ORD-4448,12:45,Thursday,3,696,13,Moderate,5,2,7.5,Moderate,Hot,Suburban,Moderate,Yes,42,72,Z5,Z8,No
ORD-4449,14:41,Sunday,4,782,22,Moderate,3,4,1.7,Moderate,Clear,Dense Urban,Experienced,No,39,54,Z7,Z8,No
ORD-4450,21:06,Tuesday,4,968,22,Very High,5,8,4.2,Heavy,Clear,Dense Urban,Moderate,Yes,58,45,Z2,Z2,Yes
ORD-4451,13:45,Tuesday,1,186,9,Moderate,4,2,4.1,Heavy,Clear,Urban,Experienced,Yes,32,38,Z5,Z2,No
ORD-4452,19:13,Tuesday,14,2517,40,Low,5,2,1.8,Moderate,Clear,Urban,Experienced,Yes,55,54,Z3,Z6,No
ORD-4453,20:04,Friday,3,760,25,Very High,3,4,1.1,Moderate,Clear,Suburban,Experienced,Yes,38,27,Z4,Z7,No
ORD-4454,23:45,Tuesday,4,899,8,Low,1,2,1.2,Low,Hot,Urban,Moderate,No,18,31,Z1,Z3,No
ORD-4455,10:56,Saturday,4,503,11,Moderate,5,2,6.4,Heavy,Clear,Urban,Moderate,No,48,47,Z2,Z3,No
ORD-4456,12:54,Saturday,8,1184,37,Very High,5,2,1.8,Heavy,Clear,Urban,Experienced,Yes,56,42,Z3,Z3,Yes
ORD-4457,12:51,Tuesday,2,263,14,High,2,5,5.0,Severe,Hot,Suburban,Moderate,Yes,49,51,Z4,Z8,Yes
ORD-4458,19:35,Thursday,3,407,18,High,5,2,5.3,Severe,Rain,Suburban,Experienced,Yes,49,49,Z8,Z1,No
ORD-4459,22:20,Sunday,5,598,18,Moderate,5,3,5.2,Heavy,Clear,Dense Urban,New,Yes,54,48,Z2,Z8,No
ORD-4460,11:52,Wednesday,5,1027,26,High,1,7,2.6,Moderate,Clear,Dense Urban,Experienced,No,48,50,Z3,Z5,No
ORD-4461,22:02,Tuesday,3,593,17,High,5,2,4.6,Low,Clear,Suburban,Moderate,Yes,35,40,Z5,Z7,No
ORD-4462,20:36,Sunday,3,716,11,Moderate,5,2,3.3,Moderate,Clear,Urban,New,Yes,32,40,Z1,Z8,No
ORD-4463,15:53,Sunday,3,605,14,High,1,3,2.2,Heavy,Clear,Urban,Moderate,No,30,32,Z5,Z3,No
ORD-4464,10:54,Thursday,2,263,10,Moderate,1,7,3.2,Moderate,Clear,Urban,Moderate,No,34,37,Z2,Z4,Yes
ORD-4465,13:38,Wednesday,3,292,23,High,10,3,3.6,Severe,Rain,Dense Urban,Experienced,Yes,63,44,Z7,Z8,No
ORD-4466,14:04,Sunday,3,686,32,Very High,4,4,5.3,Moderate,Clear,Suburban,New,Yes,60,66,Z2,Z1,No
ORD-4467,22:40,Monday,2,159,16,Moderate,3,2,2.9,Low,Clear,Urban,Moderate,No,31,28,Z4,Z3,No
ORD-4468,20:54,Friday,3,476,18,Moderate,3,5,6.9,Heavy,Clear,Dense Urban,Moderate,Yes,59,59,Z3,Z6,Yes
ORD-4469,19:45,Wednesday,2,461,12,Moderate,5,2,4.4,Moderate,Rain,Suburban,New,Yes,37,38,Z2,Z7,No
ORD-4470,23:38,Sunday,4,584,15,High,6,1,6.7,Moderate,Cold,Dense Urban,Moderate,No,44,53,Z2,Z8,No
ORD-4471,10:04,Friday,4,628,15,Moderate,7,3,2.2,Low,Clear,Dense Urban,Experienced,No,56,34,Z4,Z8,No
ORD-4472,19:24,Thursday,2,390,23,Very High,1,9,2.3,Severe,Hot,Dense Urban,Moderate,Yes,53,34,Z8,Z3,Yes
ORD-4473,21:41,Friday,4,917,31,Very High,3,3,2.2,Moderate,Rain,Suburban,Moderate,Yes,47,40,Z7,Z2,No
ORD-4474,13:20,Thursday,2,288,9,Moderate,5,1,2.4,Heavy,Clear,Dense Urban,Experienced,Yes,37,37,Z7,Z6,No
ORD-4475,19:01,Sunday,3,342,7,Moderate,8,4,5.7,Heavy,Clear,Urban,New,Yes,41,45,Z2,Z7,No
ORD-4476,13:27,Monday,4,411,23,Very High,6,4,3.8,Heavy,Cold,Urban,Experienced,Yes,46,44,Z8,Z1,No
ORD-4477,12:03,Friday,2,549,28,Very High,8,7,1.5,Heavy,Clear,Dense Urban,New,Yes,58,31,Z6,Z5,Yes
ORD-4478,22:12,Saturday,4,500,18,High,2,4,1.3,Moderate,Rain,Urban,Moderate,Yes,36,34,Z6,Z3,Yes
ORD-4479,23:17,Wednesday,4,492,17,Low,1,2,2.4,Low,Rain,Dense Urban,Moderate,No,35,47,Z3,Z6,No
ORD-4480,12:33,Thursday,3,814,12,Moderate,3,4,1.6,Heavy,Clear,Dense Urban,Experienced,Yes,30,34,Z7,Z8,No
ORD-4481,19:57,Wednesday,7,1138,19,Moderate,9,1,4.5,Moderate,Clear,Dense Urban,Experienced,Yes,66,51,Z8,Z4,No
ORD-4482,14:12,Wednesday,1,233,7,Moderate,3,6,2.2,Moderate,Clear,Suburban,New,Yes,34,44,Z6,Z5,No
ORD-4483,18:47,Tuesday,3,642,14,High,3,5,2.1,Moderate,Clear,Dense Urban,Moderate,No,33,31,Z6,Z1,No
ORD-4484,16:30,Saturday,6,518,14,Moderate,1,2,3.8,Moderate,Clear,Urban,Experienced,No,28,49,Z5,Z6,No
ORD-4485,13:11,Tuesday,3,501,17,High,6,2,2.4,Low,Clear,Suburban,Moderate,Yes,37,36,Z5,Z4,Yes
ORD-4486,20:28,Saturday,3,426,15,High,4,2,0.5,Moderate,Fog,Dense Urban,Moderate,Yes,28,29,Z3,Z2,No
ORD-4487,21:04,Wednesday,3,317,8,High,2,2,4.0,Severe,Clear,Dense Urban,Moderate,Yes,38,49,Z6,Z1,No
ORD-4488,14:56,Friday,2,259,9,Moderate,5,2,6.8,Low,Rain,Suburban,Moderate,No,34,48,Z5,Z6,No
ORD-4489,20:41,Monday,3,561,19,High,11,2,3.9,Moderate,Clear,Suburban,Experienced,Yes,43,45,Z5,Z7,No
ORD-4490,13:50,Wednesday,1,221,8,Moderate,4,8,2.6,Heavy,Clear,Dense Urban,Moderate,Yes,35,30,Z1,Z4,No
ORD-4491,12:15,Saturday,3,452,19,Moderate,12,4,4.0,Heavy,Rain,Suburban,New,Yes,52,45,Z8,Z6,No
ORD-4492,16:01,Wednesday,2,244,14,High,1,6,1.9,Low,Clear,Urban,Experienced,No,42,27,Z5,Z1,No
ORD-4493,14:45,Saturday,8,1951,14,Moderate,7,9,7.7,Moderate,Hot,Urban,Moderate,No,55,56,Z1,Z7,No
ORD-4494,19:55,Saturday,2,290,14,Moderate,4,5,2.7,Heavy,Hot,Dense Urban,New,Yes,43,38,Z7,Z8,Yes
ORD-4495,22:43,Sunday,1,266,14,Very High,5,4,2.1,Moderate,Clear,Urban,Moderate,No,32,29,Z2,Z5,No
ORD-4496,22:14,Wednesday,2,335,12,Moderate,2,10,2.9,Moderate,Clear,Urban,Moderate,Yes,35,34,Z1,Z6,No
ORD-4497,12:52,Sunday,3,506,13,Moderate,8,3,1.1,Low,Clear,Suburban,Experienced,Yes,30,27,Z4,Z6,No
ORD-4498,21:09,Sunday,2,220,21,High,4,3,0.6,Severe,Rain,Dense Urban,Experienced,Yes,38,28,Z5,Z2,No
ORD-4499,14:00,Wednesday,5,1081,24,Moderate,8,5,4.6,Heavy,Clear,Urban,New,Yes,62,52,Z7,Z3,Yes
ORD-4500,20:14,Tuesday,6,1045,59,Very High,2,3,8.1,Moderate,Clear,Suburban,New,Yes,86,63,Z6,Z4,No
ORD-4501,17:42,Monday,7,555,16,Low,6,2,2.6,Low,Rain,Urban,Experienced,No,34,37,Z2,Z1,No
ORD-4502,20:04,Friday,3,532,19,High,13,3,3.7,Heavy,Fog,Suburban,New,Yes,74,57,Z5,Z5,No
ORD-4503,14:24,Sunday,6,894,12,Moderate,10,2,1.2,Heavy,Clear,Urban,Experienced,Yes,31,32,Z7,Z5,No
ORD-4504,19:44,Friday,2,214,7,Moderate,4,6,1.9,Moderate,Hot,Urban,Moderate,Yes,27,36,Z5,Z1,No
ORD-4505,12:25,Wednesday,2,270,17,High,3,7,1.8,Heavy,Clear,Urban,Experienced,Yes,36,33,Z2,Z2,No
ORD-4506,17:56,Saturday,7,885,27,Moderate,1,9,8.2,Low,Clear,Urban,New,No,58,53,Z3,Z8,No
ORD-4507,13:27,Sunday,2,219,19,Very High,1,8,3.2,Heavy,Hot,Suburban,Moderate,Yes,44,38,Z2,Z5,Yes
ORD-4508,20:49,Saturday,5,989,15,Moderate,2,10,3.7,Heavy,Clear,Dense Urban,Experienced,Yes,45,39,Z2,Z7,No
ORD-4509,13:51,Friday,2,272,13,High,1,4,3.2,Heavy,Clear,Urban,Experienced,Yes,32,35,Z1,Z6,No
ORD-4510,22:13,Monday,2,205,13,High,8,3,4.7,Moderate,Clear,Urban,Experienced,Yes,39,41,Z1,Z5,No
ORD-4511,14:06,Sunday,4,394,12,Moderate,4,1,11.7,Moderate,Cold,Suburban,Moderate,Yes,49,71,Z1,Z6,No
ORD-4512,11:18,Saturday,2,430,7,Moderate,2,4,2.5,Moderate,Clear,Dense Urban,Moderate,No,27,27,Z1,Z1,No
ORD-4513,13:27,Monday,3,536,12,Low,4,2,4.0,Heavy,Hot,Urban,Experienced,Yes,40,42,Z5,Z2,No
ORD-4514,22:33,Sunday,2,545,10,Low,1,2,4.8,Moderate,Clear,Urban,Moderate,No,29,39,Z2,Z5,No
ORD-4515,15:06,Saturday,5,604,16,Moderate,1,2,3.4,Heavy,Clear,Dense Urban,Experienced,No,37,43,Z3,Z1,No
ORD-4516,19:59,Friday,1,245,15,High,2,14,8.1,Moderate,Hot,Dense Urban,Moderate,Yes,62,60,Z3,Z7,No
ORD-4517,12:47,Wednesday,2,263,15,Moderate,6,3,8.2,Moderate,Clear,Suburban,Moderate,Yes,49,56,Z1,Z4,No
ORD-4518,19:27,Tuesday,2,331,14,High,1,3,1.3,Heavy,Clear,Urban,New,Yes,26,30,Z2,Z7,No
ORD-4519,13:43,Thursday,2,292,15,Very High,3,5,2.0,Moderate,Clear,Urban,Moderate,Yes,32,31,Z6,Z4,No
ORD-4520,12:18,Friday,3,713,14,High,2,3,8.9,Heavy,Clear,Suburban,Moderate,Yes,49,65,Z6,Z2,No
ORD-4521,14:50,Tuesday,4,916,10,Low,1,3,2.9,Low,Fog,Suburban,Experienced,No,25,33,Z3,Z7,No
ORD-4522,16:56,Thursday,6,694,14,Moderate,1,2,5.3,Low,Clear,Suburban,Experienced,No,32,41,Z8,Z1,No
ORD-4523,19:51,Tuesday,2,386,20,Very High,5,6,2.3,Heavy,Fog,Urban,Experienced,Yes,41,46,Z2,Z4,No
ORD-4524,13:54,Tuesday,3,376,15,High,9,6,3.5,Heavy,Clear,Urban,Experienced,Yes,42,45,Z2,Z1,No
ORD-4525,22:09,Thursday,2,294,11,Moderate,9,12,2.5,Moderate,Rain,Suburban,Moderate,Yes,44,30,Z6,Z2,No
ORD-4526,14:29,Monday,4,580,20,Moderate,1,3,5.1,Moderate,Clear,Urban,New,Yes,44,41,Z7,Z1,No
ORD-4527,23:02,Thursday,3,685,12,Low,3,2,1.8,Low,Clear,Dense Urban,New,No,28,27,Z6,Z7,No
ORD-4528,12:22,Saturday,3,671,14,High,5,4,2.4,Severe,Clear,Urban,Moderate,Yes,36,35,Z1,Z7,No
ORD-4529,20:29,Monday,1,231,13,High,1,1,13.2,Heavy,Hot,Urban,Experienced,Yes,57,83,Z4,Z3,No
ORD-4530,15:05,Monday,3,313,14,Moderate,1,1,1.1,Low,Clear,Urban,Experienced,No,22,25,Z1,Z5,No
ORD-4531,20:50,Thursday,3,461,18,Moderate,3,3,4.0,Moderate,Clear,Dense Urban,Moderate,Yes,45,37,Z7,Z1,Yes
ORD-4532,19:44,Sunday,2,394,13,High,1,2,2.8,Heavy,Clear,Dense Urban,Experienced,Yes,32,40,Z2,Z1,No
ORD-4533,12:28,Saturday,1,230,8,High,6,3,11.9,Moderate,Clear,Suburban,Experienced,Yes,60,74,Z3,Z3,No
ORD-4534,14:15,Friday,3,616,15,Very High,2,3,3.7,Moderate,Clear,Urban,Moderate,Yes,33,37,Z3,Z5,No
ORD-4535,14:45,Monday,2,269,6,Low,2,3,3.6,Low,Clear,Urban,Experienced,No,21,37,Z6,Z5,No
ORD-4536,11:46,Monday,2,569,8,Moderate,1,3,3.3,Heavy,Clear,Dense Urban,New,No,31,39,Z8,Z1,No
ORD-4537,21:26,Sunday,4,804,15,High,6,6,1.4,Heavy,Cold,Dense Urban,Experienced,Yes,38,39,Z1,Z1,No
ORD-4538,12:32,Friday,3,440,9,Moderate,7,4,2.2,Moderate,Clear,Suburban,New,Yes,29,38,Z2,Z1,No
ORD-4539,19:30,Tuesday,2,442,11,Moderate,3,3,1.9,Moderate,Clear,Dense Urban,Experienced,Yes,31,31,Z4,Z6,Yes
ORD-4540,19:50,Friday,5,801,26,High,2,3,3.6,Heavy,Rain,Urban,New,Yes,52,48,Z6,Z2,Yes
ORD-4541,19:52,Tuesday,4,698,10,High,5,4,3.9,Low,Clear,Dense Urban,New,Yes,37,45,Z1,Z2,No
ORD-4542,18:40,Wednesday,2,368,12,Low,1,2,2.3,Low,Fog,Urban,Experienced,No,24,29,Z2,Z2,No
ORD-4543,13:08,Saturday,2,299,12,Moderate,4,9,4.5,Low,Clear,Urban,Moderate,Yes,39,41,Z4,Z8,No
ORD-4544,15:50,Saturday,4,578,18,Moderate,4,2,6.6,Heavy,Clear,Urban,Moderate,No,53,51,Z3,Z5,Yes
ORD-4545,13:49,Saturday,3,583,20,Very High,3,7,2.9,Low,Clear,Urban,Moderate,Yes,43,35,Z3,Z8,Yes
ORD-4546,19:54,Sunday,1,150,14,Moderate,8,5,2.3,Moderate,Rain,Urban,Moderate,Yes,41,33,Z2,Z4,Yes
ORD-4547,17:19,Monday,4,476,14,Moderate,6,9,1.6,Moderate,Clear,Dense Urban,New,No,40,28,Z4,Z6,No
ORD-4548,13:30,Thursday,3,480,11,Moderate,1,2,1.9,Heavy,Clear,Urban,Moderate,Yes,24,29,Z3,Z1,No
ORD-4549,22:58,Saturday,1,309,10,High,3,6,5.9,Low,Clear,Urban,Moderate,No,35,46,Z6,Z8,No
ORD-4550,14:02,Wednesday,2,268,24,High,10,2,7.4,Moderate,Hot,Suburban,Moderate,Yes,58,59,Z6,Z1,No
ORD-4551,20:27,Saturday,2,387,14,Moderate,4,4,3.7,Moderate,Clear,Dense Urban,Experienced,Yes,38,40,Z7,Z4,No
ORD-4552,18:56,Thursday,4,646,20,Low,2,3,2.7,Low,Rain,Suburban,Moderate,No,35,38,Z4,Z1,No
ORD-4553,13:13,Friday,4,296,15,Moderate,3,6,3.4,Heavy,Clear,Urban,New,Yes,39,36,Z6,Z6,No
ORD-4554,14:13,Monday,5,644,19,Very High,7,2,1.1,Heavy,Clear,Urban,Moderate,Yes,36,35,Z7,Z7,No
ORD-4555,21:34,Sunday,5,1310,12,High,5,3,3.2,Moderate,Clear,Urban,Experienced,Yes,31,38,Z8,Z2,No
ORD-4556,20:40,Sunday,1,201,7,Low,7,7,3.7,Heavy,Clear,Suburban,New,Yes,40,39,Z5,Z4,Yes
ORD-4557,19:54,Wednesday,1,133,12,High,5,5,3.3,Moderate,Clear,Urban,Moderate,Yes,36,35,Z2,Z1,No
ORD-4558,16:17,Thursday,6,701,23,Moderate,7,3,2.0,Low,Hot,Urban,Experienced,No,42,37,Z3,Z7,No
ORD-4559,12:38,Sunday,2,525,17,Very High,12,5,13.4,Moderate,Clear,Suburban,Experienced,Yes,69,73,Z2,Z2,No
ORD-4560,10:38,Friday,3,510,19,High,2,4,1.2,Low,Rain,Urban,New,No,36,28,Z3,Z8,Yes
ORD-4561,09:04,Friday,3,595,7,Moderate,1,3,0.8,Low,Clear,Dense Urban,Moderate,No,19,28,Z3,Z3,No
ORD-4562,13:24,Sunday,4,523,15,Moderate,15,5,2.6,Low,Clear,Suburban,Moderate,Yes,44,39,Z8,Z8,No
ORD-4563,13:47,Saturday,1,218,6,Moderate,3,4,3.0,Severe,Hot,Suburban,Moderate,Yes,33,38,Z7,Z2,Yes
ORD-4564,13:31,Friday,1,211,13,Very High,2,12,1.8,Moderate,Fog,Dense Urban,Moderate,Yes,39,49,Z3,Z4,No
ORD-4565,20:23,Sunday,2,376,19,Very High,1,2,2.0,Heavy,Clear,Urban,Moderate,Yes,32,31,Z1,Z1,No
ORD-4566,11:16,Sunday,4,1268,16,Moderate,4,5,2.6,Moderate,Rain,Suburban,New,No,38,31,Z2,Z3,No
ORD-4567,13:06,Sunday,1,139,14,High,5,4,5.8,Heavy,Hot,Dense Urban,Moderate,Yes,52,47,Z6,Z2,No
ORD-4568,20:30,Sunday,2,324,16,Moderate,2,6,10.8,Heavy,Clear,Urban,Experienced,Yes,53,65,Z4,Z8,No
ORD-4569,12:12,Saturday,3,507,17,High,1,6,1.8,Moderate,Clear,Urban,Experienced,Yes,33,29,Z6,Z5,No
ORD-4570,18:01,Tuesday,4,860,10,Moderate,6,4,1.3,Low,Hot,Suburban,Moderate,No,45,27,Z5,Z2,No
ORD-4571,17:01,Sunday,2,484,11,Moderate,1,3,2.9,Severe,Clear,Dense Urban,Experienced,No,33,31,Z5,Z2,No
ORD-4572,20:15,Monday,4,777,25,High,4,8,3.5,Low,Cold,Urban,New,Yes,48,41,Z4,Z7,No
ORD-4573,16:00,Sunday,1,276,15,Moderate,1,4,2.0,Low,Clear,Urban,Experienced,No,27,25,Z7,Z5,No
ORD-4574,21:58,Monday,10,2236,19,Low,3,2,4.5,Heavy,Fog,Suburban,Moderate,Yes,51,59,Z8,Z4,No
ORD-4575,09:22,Wednesday,4,573,17,Moderate,21,5,1.7,Moderate,Clear,Urban,Moderate,No,52,41,Z4,Z3,No
ORD-4576,21:53,Monday,4,640,7,Low,2,4,6.0,Severe,Cold,Dense Urban,Experienced,Yes,55,52,Z3,Z3,No
ORD-4577,22:39,Tuesday,4,622,15,Low,3,3,1.9,Moderate,Clear,Dense Urban,Moderate,No,32,33,Z2,Z5,No
ORD-4578,20:15,Saturday,2,347,15,Moderate,1,2,4.7,Moderate,Fog,Urban,Experienced,Yes,33,47,Z1,Z8,No
ORD-4579,12:12,Thursday,2,252,13,Moderate,2,3,3.6,Low,Clear,Urban,Experienced,Yes,29,39,Z8,Z2,No
ORD-4580,14:15,Monday,7,1123,20,Moderate,2,3,2.9,Low,Clear,Dense Urban,Experienced,Yes,38,40,Z3,Z4,No
ORD-4581,12:34,Saturday,4,838,16,Moderate,5,7,5.9,Heavy,Rain,Urban,Experienced,Yes,60,49,Z7,Z6,Yes
ORD-4582,14:11,Tuesday,5,1118,19,High,5,3,4.9,Moderate,Clear,Urban,New,Yes,47,70,Z7,Z1,No
ORD-4583,18:13,Monday,3,475,9,Low,2,2,3.3,Moderate,Clear,Urban,Moderate,No,46,44,Z6,Z7,No
ORD-4584,21:07,Tuesday,2,515,18,Very High,2,6,3.8,Low,Clear,Urban,New,Yes,40,38,Z1,Z2,No
ORD-4585,12:49,Friday,2,354,15,Moderate,4,3,4.8,Moderate,Clear,Dense Urban,New,Yes,45,37,Z8,Z7,No
ORD-4586,12:26,Saturday,2,197,10,Moderate,1,7,1.0,Heavy,Clear,Dense Urban,Moderate,Yes,28,26,Z6,Z1,No
ORD-4587,20:26,Thursday,4,766,19,Moderate,6,2,3.2,Severe,Fog,Suburban,Moderate,Yes,44,44,Z5,Z5,No
ORD-4588,21:51,Monday,3,271,23,Very High,7,10,2.6,Low,Clear,Suburban,Moderate,Yes,53,35,Z2,Z7,Yes
ORD-4589,13:39,Tuesday,2,406,11,Low,1,2,1.5,Heavy,Hot,Suburban,New,Yes,23,24,Z6,Z7,No
ORD-4590,14:49,Tuesday,3,669,13,Low,5,3,0.4,Low,Hot,Dense Urban,Experienced,No,31,24,Z8,Z4,Yes
ORD-4591,20:55,Thursday,3,304,9,Moderate,2,3,1.7,Heavy,Clear,Suburban,Moderate,Yes,24,30,Z3,Z1,No
ORD-4592,23:14,Friday,8,1557,30,High,2,2,0.9,Low,Clear,Urban,Experienced,No,40,28,Z6,Z3,No
ORD-4593,12:51,Wednesday,4,661,17,High,3,4,4.5,Moderate,Clear,Urban,Moderate,Yes,42,44,Z6,Z6,Yes
ORD-4594,19:28,Monday,3,331,13,Moderate,3,2,2.9,Severe,Hot,Urban,Moderate,Yes,35,38,Z3,Z5,No
ORD-4595,20:13,Saturday,5,750,80,High,3,3,2.9,Low,Clear,Suburban,Moderate,Yes,94,42,Z7,Z7,No
ORD-4596,22:35,Wednesday,4,343,14,Moderate,5,3,6.6,Low,Clear,Suburban,New,No,39,49,Z8,Z1,No
ORD-4597,18:04,Saturday,3,792,10,Low,5,1,0.5,Heavy,Clear,Dense Urban,Moderate,No,24,25,Z7,Z2,No
ORD-4598,21:00,Wednesday,5,564,25,High,4,4,2.9,Severe,Rain,Dense Urban,Moderate,Yes,61,40,Z2,Z2,Yes
ORD-4599,14:23,Saturday,2,337,12,High,4,4,1.8,Low,Clear,Urban,New,Yes,28,33,Z6,Z5,No
ORD-4600,20:27,Sunday,7,1508,32,High,2,5,0.8,Low,Clear,Urban,Experienced,Yes,45,37,Z3,Z4,No
ORD-4601,19:20,Saturday,3,540,16,High,2,2,1.6,Severe,Clear,Urban,Experienced,Yes,30,30,Z7,Z7,No
ORD-4602,18:12,Tuesday,3,503,12,Moderate,2,5,5.3,Low,Clear,Suburban,Moderate,No,45,40,Z3,Z7,No
ORD-4603,23:09,Tuesday,2,351,15,High,5,3,1.2,Moderate,Rain,Suburban,Moderate,No,31,26,Z7,Z8,No
ORD-4604,15:31,Friday,5,1204,28,Very High,3,10,3.8,Low,Hot,Urban,Moderate,No,53,43,Z3,Z1,No
ORD-4605,12:45,Friday,7,1226,36,Very High,2,2,4.5,Severe,Clear,Urban,Moderate,Yes,63,49,Z3,Z6,No
ORD-4606,13:15,Sunday,5,660,15,High,1,5,3.6,Heavy,Clear,Dense Urban,Experienced,Yes,44,51,Z3,Z6,Yes
ORD-4607,20:02,Tuesday,3,476,16,High,6,2,3.7,Heavy,Hot,Suburban,New,Yes,42,57,Z3,Z4,No
ORD-4608,09:59,Saturday,1,147,22,High,1,5,1.9,Heavy,Clear,Urban,Experienced,No,38,31,Z2,Z4,No
ORD-4609,21:44,Wednesday,4,642,17,High,4,2,1.4,Moderate,Hot,Dense Urban,Experienced,Yes,33,30,Z5,Z8,No
ORD-4610,20:59,Sunday,3,371,15,High,1,2,4.3,Heavy,Hot,Suburban,Experienced,Yes,35,43,Z6,Z4,No
ORD-4611,20:17,Sunday,3,602,10,High,6,7,2.7,Moderate,Clear,Urban,Moderate,Yes,46,35,Z1,Z2,No
ORD-4612,11:29,Monday,2,441,10,Moderate,3,10,7.2,Low,Rain,Urban,Moderate,No,48,47,Z2,Z8,Yes
ORD-4613,12:29,Sunday,5,660,14,Moderate,2,2,1.2,Heavy,Clear,Urban,Experienced,Yes,26,31,Z3,Z6,No
ORD-4614,21:05,Friday,2,534,11,Moderate,4,10,1.5,Moderate,Clear,Suburban,New,Yes,33,26,Z1,Z4,No
ORD-4615,20:21,Monday,3,432,12,Moderate,1,5,8.7,Moderate,Hot,Urban,Experienced,Yes,41,56,Z6,Z4,No
ORD-4616,21:39,Wednesday,2,515,19,Very High,1,2,4.7,Low,Clear,Suburban,Experienced,Yes,47,45,Z7,Z2,No
ORD-4617,22:36,Sunday,4,657,17,Moderate,5,2,4.5,Moderate,Clear,Suburban,Moderate,No,37,38,Z3,Z4,No
ORD-4618,23:38,Sunday,3,636,10,Low,3,2,1.1,Heavy,Clear,Dense Urban,Moderate,No,25,28,Z2,Z6,No
ORD-4619,14:39,Tuesday,1,180,10,Moderate,2,14,2.7,Low,Fog,Dense Urban,Moderate,No,40,26,Z1,Z7,No
ORD-4620,18:45,Sunday,2,435,8,Moderate,1,8,4.1,Low,Fog,Urban,Experienced,No,35,33,Z2,Z7,Yes
ORD-4621,18:08,Sunday,3,757,18,High,7,2,2.5,Low,Rain,Suburban,New,No,38,35,Z3,Z2,No
ORD-4622,12:00,Sunday,4,1331,23,Very High,1,1,7.5,Heavy,Hot,Suburban,Experienced,Yes,53,61,Z7,Z1,No
ORD-4623,14:02,Friday,4,493,24,High,7,2,9.3,Heavy,Clear,Urban,Experienced,Yes,67,69,Z2,Z6,No
ORD-4624,15:51,Friday,7,1140,13,Moderate,5,2,6.1,Moderate,Clear,Dense Urban,Moderate,No,43,55,Z1,Z6,No
ORD-4625,17:32,Thursday,2,513,6,Low,5,5,8.6,Moderate,Rain,Suburban,New,No,49,58,Z5,Z3,No
ORD-4626,20:37,Monday,1,254,8,Moderate,4,6,2.4,Moderate,Clear,Dense Urban,Moderate,Yes,31,36,Z4,Z1,No
ORD-4627,19:51,Friday,5,593,23,Moderate,6,3,4.6,Moderate,Hot,Suburban,Moderate,Yes,48,46,Z6,Z5,No
ORD-4628,21:54,Sunday,5,998,32,Very High,2,6,3.7,Heavy,Clear,Urban,Moderate,Yes,58,44,Z1,Z5,Yes
ORD-4629,14:18,Saturday,1,229,9,High,4,4,1.8,Moderate,Clear,Suburban,Experienced,Yes,24,34,Z2,Z1,No
ORD-4630,20:14,Friday,2,388,25,High,4,1,1.9,Moderate,Rain,Dense Urban,Experienced,Yes,42,33,Z6,Z6,No
ORD-4631,19:29,Monday,1,161,8,High,1,3,1.0,Moderate,Clear,Dense Urban,New,Yes,22,29,Z7,Z3,No
ORD-4632,14:42,Sunday,3,508,14,Low,1,2,1.5,Heavy,Hot,Urban,Moderate,No,26,53,Z2,Z1,No
ORD-4633,21:28,Tuesday,4,438,23,Very High,6,4,6.5,Severe,Hot,Urban,Experienced,Yes,61,55,Z2,Z4,No
ORD-4634,19:03,Friday,5,742,23,Very High,2,3,2.2,Moderate,Fog,Urban,Experienced,Yes,38,35,Z8,Z5,No
ORD-4635,13:20,Friday,5,1073,17,Moderate,1,4,1.1,Heavy,Rain,Urban,Experienced,Yes,34,46,Z2,Z7,Yes
ORD-4636,21:03,Friday,2,362,22,Very High,2,3,1.1,Severe,Clear,Urban,Experienced,Yes,35,28,Z3,Z8,No
ORD-4637,15:17,Wednesday,2,541,7,Low,1,4,3.3,Moderate,Clear,Urban,Moderate,No,46,38,Z7,Z7,No
ORD-4638,20:40,Friday,1,220,12,Very High,1,13,1.2,Moderate,Clear,Urban,New,Yes,33,28,Z4,Z3,No
ORD-4639,13:37,Friday,3,342,9,High,2,5,1.5,Moderate,Clear,Urban,New,Yes,23,29,Z2,Z7,No
ORD-4640,13:16,Saturday,3,324,15,Moderate,6,5,6.3,Severe,Clear,Urban,New,Yes,60,50,Z1,Z3,No
ORD-4641,20:12,Friday,6,1089,22,High,1,7,4.9,Heavy,Rain,Suburban,Moderate,Yes,53,52,Z2,Z3,No
ORD-4642,18:48,Friday,2,354,12,Low,3,4,0.9,Low,Clear,Urban,Experienced,No,25,21,Z4,Z2,No
ORD-4643,14:50,Monday,6,1265,14,Low,1,6,0.9,Low,Cold,Urban,New,No,27,28,Z1,Z6,No
ORD-4644,20:21,Saturday,2,490,22,Very High,6,5,3.6,Severe,Clear,Dense Urban,Experienced,Yes,59,43,Z1,Z4,Yes
ORD-4645,13:43,Saturday,2,371,12,Moderate,7,9,5.8,Moderate,Rain,Urban,Experienced,Yes,49,45,Z5,Z5,No
ORD-4646,13:22,Tuesday,1,164,13,High,7,1,5.7,Low,Clear,Urban,Moderate,Yes,36,43,Z4,Z1,No
ORD-4647,20:15,Sunday,5,535,19,Very High,3,2,4.4,Moderate,Clear,Urban,Experienced,Yes,38,48,Z1,Z5,No
ORD-4648,14:00,Tuesday,3,594,16,Moderate,3,8,2.9,Heavy,Rain,Urban,New,Yes,49,38,Z2,Z7,Yes
ORD-4649,14:02,Sunday,3,761,13,High,3,11,5.3,Moderate,Clear,Suburban,New,Yes,43,42,Z2,Z1,No
ORD-4650,20:10,Tuesday,3,274,13,Moderate,20,3,8.3,Moderate,Clear,Suburban,New,Yes,70,57,Z1,Z7,No
ORD-4651,21:00,Tuesday,3,1009,12,Moderate,7,1,1.5,Moderate,Clear,Dense Urban,Experienced,Yes,30,34,Z3,Z6,No
ORD-4652,13:29,Sunday,2,253,22,High,4,6,2.8,Heavy,Clear,Urban,Experienced,Yes,48,33,Z6,Z6,Yes
ORD-4653,19:21,Thursday,2,273,11,Moderate,9,1,3.3,Moderate,Clear,Dense Urban,Moderate,Yes,50,33,Z8,Z4,No
ORD-4654,12:57,Sunday,1,204,16,High,9,9,7.9,Low,Rain,Dense Urban,Experienced,Yes,71,54,Z2,Z3,No
ORD-4655,15:40,Friday,4,616,17,High,2,4,2.8,Moderate,Hot,Dense Urban,New,No,42,36,Z4,Z1,Yes
ORD-4656,20:42,Saturday,4,716,26,Moderate,7,3,3.9,Moderate,Clear,Urban,New,Yes,55,55,Z1,Z8,No
ORD-4657,13:19,Saturday,2,431,15,High,14,1,8.8,Severe,Clear,Suburban,New,Yes,71,68,Z3,Z1,Yes
ORD-4658,21:20,Sunday,2,302,20,High,8,5,1.0,Moderate,Rain,Urban,Experienced,Yes,40,30,Z1,Z6,No
ORD-4659,20:46,Sunday,5,643,29,High,5,3,8.1,Low,Rain,Suburban,Moderate,Yes,58,62,Z7,Z4,No
ORD-4660,19:41,Wednesday,4,856,19,Very High,3,6,1.9,Moderate,Clear,Urban,Moderate,Yes,40,34,Z7,Z2,Yes
ORD-4661,12:00,Thursday,2,410,12,Moderate,2,5,5.0,Low,Clear,Urban,Moderate,Yes,31,43,Z5,Z3,No
ORD-4662,19:35,Sunday,5,983,19,High,7,3,4.9,Heavy,Hot,Suburban,Experienced,Yes,50,52,Z6,Z4,Yes
ORD-4663,13:53,Wednesday,3,552,13,Low,8,2,4.0,Moderate,Rain,Dense Urban,Moderate,Yes,46,44,Z6,Z4,Yes
ORD-4664,19:58,Saturday,2,406,12,High,2,2,4.9,Moderate,Hot,Suburban,Moderate,Yes,43,45,Z2,Z2,No
ORD-4665,21:12,Sunday,1,245,18,Very High,4,2,2.5,Heavy,Clear,Urban,Moderate,Yes,40,37,Z5,Z8,Yes
ORD-4666,21:07,Friday,3,864,14,Moderate,4,4,4.8,Moderate,Clear,Dense Urban,Moderate,Yes,41,39,Z8,Z8,No
ORD-4667,21:49,Saturday,4,861,14,Moderate,4,5,3.7,Moderate,Clear,Dense Urban,New,Yes,37,41,Z8,Z6,No
ORD-4668,19:32,Thursday,3,513,25,Very High,5,3,3.0,Heavy,Hot,Suburban,Moderate,Yes,46,38,Z5,Z5,No
ORD-4669,20:01,Saturday,2,289,10,High,2,4,0.9,Moderate,Clear,Dense Urban,Experienced,Yes,25,26,Z1,Z8,No
ORD-4670,20:30,Saturday,1,155,10,Moderate,5,2,2.2,Low,Cold,Urban,Experienced,Yes,50,28,Z2,Z3,Yes
ORD-4671,12:36,Monday,3,502,18,High,4,2,4.0,Moderate,Hot,Dense Urban,Experienced,Yes,41,38,Z7,Z1,No
ORD-4672,20:15,Thursday,7,590,39,Very High,9,11,3.1,Heavy,Hot,Suburban,Experienced,Yes,72,44,Z2,Z3,No
ORD-4673,19:10,Thursday,4,486,12,Low,2,10,1.9,Heavy,Rain,Urban,Experienced,Yes,34,32,Z7,Z4,No
ORD-4674,13:32,Sunday,1,374,12,Very High,4,2,1.9,Heavy,Rain,Dense Urban,Experienced,Yes,36,31,Z7,Z4,No
ORD-4675,21:56,Wednesday,4,940,18,Moderate,8,5,10.1,Moderate,Clear,Dense Urban,Moderate,Yes,68,59,Z6,Z6,Yes
ORD-4676,21:48,Monday,3,577,12,High,2,4,1.4,Moderate,Rain,Urban,Moderate,Yes,30,36,Z7,Z5,Yes
ORD-4677,19:32,Sunday,2,368,15,High,8,2,3.6,Low,Clear,Suburban,Moderate,Yes,36,47,Z3,Z8,No
ORD-4678,22:20,Wednesday,1,171,12,High,2,4,1.1,Moderate,Clear,Dense Urban,Experienced,Yes,47,46,Z6,Z7,No
ORD-4679,09:11,Saturday,3,544,17,Moderate,1,2,0.8,Moderate,Clear,Dense Urban,Moderate,No,28,28,Z5,Z2,No
ORD-4680,21:00,Friday,2,246,15,Very High,2,6,0.6,Severe,Rain,Dense Urban,New,Yes,33,33,Z6,Z1,No
ORD-4681,22:03,Thursday,4,705,25,High,8,2,9.9,Low,Rain,Suburban,Experienced,Yes,58,69,Z3,Z3,No
ORD-4682,12:38,Wednesday,4,1041,26,Very High,6,9,5.2,Moderate,Clear,Urban,Moderate,Yes,57,44,Z2,Z8,No
ORD-4683,11:43,Saturday,2,445,11,Moderate,2,4,2.3,Heavy,Clear,Urban,New,No,29,27,Z3,Z8,No
ORD-4684,12:59,Saturday,4,544,16,Moderate,6,7,1.8,Heavy,Clear,Urban,Experienced,Yes,39,33,Z2,Z5,No
ORD-4685,20:48,Saturday,6,632,35,High,1,5,1.2,Heavy,Clear,Dense Urban,Moderate,Yes,51,32,Z3,Z1,No
ORD-4686,21:00,Friday,3,1079,10,Low,6,6,1.4,Heavy,Rain,Urban,New,Yes,34,30,Z5,Z4,No
ORD-4687,13:50,Monday,7,1721,52,Very High,2,8,1.7,Moderate,Clear,Dense Urban,Moderate,Yes,78,38,Z4,Z1,Yes
ORD-4688,21:12,Tuesday,2,405,12,Moderate,6,2,1.2,Moderate,Rain,Urban,Experienced,Yes,27,27,Z2,Z4,No
ORD-4689,12:29,Tuesday,3,494,18,High,7,4,5.2,Severe,Fog,Dense Urban,Moderate,Yes,63,51,Z7,Z6,No
ORD-4690,10:46,Thursday,3,525,13,Low,1,5,3.8,Moderate,Clear,Urban,Moderate,No,37,40,Z7,Z1,Yes
ORD-4691,12:59,Sunday,2,356,27,Very High,3,3,5.6,Low,Clear,Suburban,Moderate,Yes,46,48,Z8,Z6,No
ORD-4692,20:55,Tuesday,2,361,16,High,4,1,2.2,Moderate,Clear,Urban,Experienced,Yes,33,39,Z8,Z3,Yes
ORD-4693,14:48,Friday,5,1003,14,Moderate,5,2,2.2,Heavy,Rain,Dense Urban,Moderate,No,37,35,Z6,Z1,No
ORD-4694,14:41,Wednesday,2,709,9,Moderate,2,3,2.6,Low,Hot,Urban,Experienced,No,24,31,Z5,Z1,No
ORD-4695,22:40,Thursday,5,525,17,Low,2,1,0.8,Heavy,Clear,Dense Urban,Moderate,No,32,28,Z7,Z7,Yes
ORD-4696,22:26,Saturday,1,175,12,High,1,5,2.3,Heavy,Clear,Urban,Moderate,Yes,29,36,Z7,Z5,No
ORD-4697,13:34,Saturday,5,811,23,Very High,1,3,2.9,Heavy,Hot,Dense Urban,Experienced,Yes,43,40,Z1,Z2,No
ORD-4698,13:22,Saturday,2,279,19,Very High,2,2,1.0,Low,Clear,Dense Urban,Moderate,Yes,31,27,Z4,Z2,No
ORD-4699,14:29,Sunday,2,297,9,High,3,2,3.7,Heavy,Fog,Urban,Experienced,Yes,31,41,Z6,Z7,No
ORD-4700,22:56,Saturday,2,256,11,High,3,4,3.9,Heavy,Clear,Urban,Moderate,No,37,41,Z8,Z6,No
ORD-4701,13:18,Tuesday,6,1134,21,Moderate,7,6,1.0,Heavy,Clear,Dense Urban,New,Yes,44,36,Z7,Z4,No
ORD-4702,20:26,Sunday,1,201,10,High,1,1,6.3,Heavy,Fog,Urban,Moderate,Yes,46,54,Z6,Z7,No
ORD-4703,13:26,Wednesday,3,543,18,High,4,2,3.4,Severe,Clear,Dense Urban,Moderate,Yes,46,45,Z2,Z3,No
ORD-4704,19:04,Thursday,4,463,12,High,3,3,0.4,Moderate,Clear,Dense Urban,Moderate,Yes,25,30,Z5,Z3,No
ORD-4705,20:13,Sunday,4,334,12,High,5,6,1.3,Severe,Rain,Urban,Experienced,Yes,40,40,Z5,Z7,No
ORD-4706,13:49,Thursday,3,654,17,Very High,8,8,5.9,Severe,Clear,Dense Urban,Moderate,Yes,71,56,Z7,Z5,No
ORD-4707,14:41,Friday,5,534,13,Low,6,3,2.3,Moderate,Clear,Suburban,Moderate,No,31,30,Z1,Z3,No
ORD-4708,10:01,Friday,3,778,8,Moderate,4,3,5.5,Low,Cold,Suburban,Experienced,No,30,43,Z6,Z3,No
ORD-4709,21:09,Wednesday,2,487,11,High,2,3,1.5,Heavy,Clear,Urban,Moderate,Yes,24,34,Z5,Z2,No
ORD-4710,20:03,Wednesday,1,135,12,High,8,9,4.1,Moderate,Clear,Suburban,Experienced,Yes,51,36,Z4,Z1,No
ORD-4711,18:21,Thursday,2,347,8,Low,7,3,1.9,Moderate,Rain,Urban,Moderate,No,28,26,Z4,Z4,No
ORD-4712,19:45,Wednesday,4,373,16,Moderate,5,6,1.9,Heavy,Clear,Urban,Moderate,Yes,36,33,Z6,Z8,No
ORD-4713,19:14,Thursday,4,514,23,Moderate,4,4,4.1,Moderate,Clear,Urban,Experienced,Yes,45,46,Z5,Z4,No
ORD-4714,13:31,Friday,6,1590,28,High,20,4,1.6,Heavy,Clear,Dense Urban,New,Yes,65,41,Z4,Z1,No
ORD-4715,11:30,Tuesday,3,707,7,Low,3,2,2.6,Low,Clear,Dense Urban,New,No,25,31,Z8,Z5,No
ORD-4716,21:36,Sunday,3,994,12,High,5,2,4.1,Moderate,Clear,Suburban,Moderate,Yes,31,42,Z3,Z3,No
ORD-4717,13:13,Tuesday,4,375,15,Moderate,3,5,3.5,Heavy,Clear,Dense Urban,Experienced,Yes,39,41,Z3,Z5,No
ORD-4718,15:10,Sunday,4,1159,12,Moderate,5,4,2.7,Low,Clear,Suburban,Experienced,No,30,35,Z7,Z4,No
ORD-4719,13:16,Saturday,3,577,18,Moderate,3,1,0.6,Moderate,Clear,Urban,Moderate,Yes,31,25,Z3,Z6,Yes
ORD-4720,23:45,Wednesday,4,712,14,Moderate,2,5,1.6,Heavy,Clear,Urban,Moderate,No,30,28,Z2,Z1,No
ORD-4721,19:39,Tuesday,2,300,12,Moderate,2,3,1.9,Heavy,Rain,Dense Urban,Moderate,Yes,32,31,Z8,Z3,No
ORD-4722,20:46,Saturday,2,335,10,Moderate,3,5,5.0,Heavy,Clear,Dense Urban,Experienced,Yes,42,44,Z7,Z2,No
ORD-4723,19:53,Sunday,1,225,19,Very High,2,6,4.5,Low,Clear,Dense Urban,Moderate,Yes,42,35,Z2,Z2,No
ORD-4724,21:32,Sunday,2,414,18,Very High,7,2,2.1,Heavy,Clear,Urban,New,Yes,38,35,Z8,Z1,No
ORD-4725,22:18,Thursday,2,226,12,Moderate,2,2,6.9,Moderate,Clear,Urban,Moderate,Yes,42,48,Z1,Z7,Yes
ORD-4726,14:41,Wednesday,3,460,14,High,2,13,0.5,Low,Clear,Dense Urban,Moderate,No,36,29,Z5,Z7,No
ORD-4727,14:25,Monday,3,251,10,Moderate,2,6,0.7,Heavy,Clear,Dense Urban,Experienced,Yes,30,30,Z3,Z5,Yes
ORD-4728,19:00,Tuesday,2,382,10,Moderate,2,5,6.5,Heavy,Clear,Suburban,Moderate,Yes,38,48,Z8,Z2,No
ORD-4729,15:34,Saturday,2,284,8,Moderate,4,2,2.6,Moderate,Fog,Urban,Moderate,No,27,57,Z7,Z3,No
ORD-4730,12:26,Friday,7,1235,22,High,2,2,3.1,Heavy,Clear,Suburban,Moderate,Yes,44,44,Z1,Z7,Yes
ORD-4731,12:38,Saturday,3,286,15,High,6,7,2.5,Low,Fog,Suburban,New,Yes,36,47,Z3,Z3,No
ORD-4732,12:36,Sunday,1,200,12,High,2,5,2.7,Heavy,Clear,Dense Urban,Experienced,Yes,33,37,Z2,Z5,No
ORD-4733,18:55,Thursday,4,410,13,Low,1,2,2.5,Low,Hot,Urban,Moderate,No,25,36,Z2,Z5,No
ORD-4734,18:57,Monday,2,385,11,Moderate,6,3,1.0,Low,Clear,Suburban,Experienced,No,26,21,Z7,Z1,No
ORD-4735,09:06,Thursday,10,1805,37,High,3,7,2.6,Severe,Hot,Urban,Moderate,No,62,41,Z6,Z8,No
ORD-4736,20:34,Thursday,2,638,24,High,12,3,1.8,Moderate,Clear,Urban,Experienced,Yes,66,30,Z2,Z6,Yes
ORD-4737,11:27,Friday,4,427,17,Low,1,2,3.3,Low,Clear,Suburban,Moderate,No,31,47,Z2,Z1,No
ORD-4738,19:22,Thursday,1,372,12,High,5,1,3.4,Low,Clear,Urban,Moderate,Yes,29,37,Z6,Z3,No
ORD-4739,18:52,Tuesday,7,1542,35,Moderate,4,5,0.8,Low,Rain,Urban,Moderate,No,50,32,Z3,Z5,No
ORD-4740,19:54,Saturday,2,512,9,Moderate,3,1,7.6,Heavy,Clear,Suburban,Experienced,Yes,37,51,Z4,Z4,No
ORD-4741,13:31,Tuesday,2,225,11,Moderate,2,15,5.7,Heavy,Clear,Urban,New,Yes,52,55,Z2,Z7,No
ORD-4742,13:25,Thursday,5,867,17,High,2,2,6.0,Heavy,Cold,Urban,Experienced,Yes,42,59,Z8,Z5,No
ORD-4743,21:04,Wednesday,2,249,13,Moderate,2,3,0.4,Moderate,Fog,Urban,New,Yes,23,20,Z1,Z2,No
ORD-4744,22:05,Saturday,4,911,12,Moderate,2,2,4.4,Moderate,Clear,Dense Urban,Moderate,Yes,34,39,Z1,Z1,No
ORD-4745,20:00,Wednesday,2,492,19,Very High,1,4,3.0,Moderate,Clear,Dense Urban,Moderate,Yes,42,33,Z6,Z2,Yes
ORD-4746,20:48,Tuesday,5,991,33,High,6,4,1.3,Heavy,Clear,Urban,Moderate,Yes,51,34,Z2,Z4,No
ORD-4747,13:37,Wednesday,3,717,10,Moderate,5,4,1.0,Severe,Rain,Dense Urban,New,Yes,32,45,Z2,Z2,No
ORD-4748,21:06,Sunday,6,1017,33,High,1,4,2.8,Moderate,Clear,Urban,Experienced,Yes,48,41,Z4,Z2,No
ORD-4749,20:56,Saturday,1,181,9,Moderate,2,3,5.4,Severe,Clear,Urban,Moderate,Yes,42,73,Z1,Z7,Yes
ORD-4750,20:32,Sunday,4,685,26,Moderate,4,9,4.4,Low,Clear,Suburban,Experienced,Yes,50,56,Z2,Z8,No
ORD-4751,12:10,Friday,3,397,13,High,8,4,4.6,Moderate,Hot,Urban,Experienced,Yes,40,45,Z4,Z1,No
ORD-4752,12:49,Thursday,4,840,12,Moderate,5,5,4.0,Heavy,Hot,Urban,Experienced,Yes,40,40,Z5,Z5,No
ORD-4753,20:15,Tuesday,3,415,12,High,2,5,2.5,Heavy,Hot,Urban,New,Yes,50,41,Z7,Z6,No
ORD-4754,21:12,Monday,1,371,11,Moderate,9,2,1.9,Moderate,Rain,Dense Urban,Moderate,Yes,38,27,Z1,Z1,Yes
ORD-4755,22:33,Sunday,3,633,9,Low,10,3,2.4,Low,Clear,Dense Urban,Experienced,No,37,28,Z8,Z2,Yes
ORD-4756,16:57,Friday,2,225,15,High,5,3,1.8,Low,Clear,Urban,Moderate,No,42,30,Z5,Z3,Yes
ORD-4757,21:55,Friday,2,181,13,High,3,9,5.4,Moderate,Fog,Urban,Moderate,Yes,44,47,Z7,Z2,Yes
ORD-4758,15:23,Thursday,5,483,23,High,2,3,8.0,Heavy,Rain,Suburban,New,No,65,62,Z8,Z5,No
ORD-4759,15:22,Tuesday,3,430,10,Low,3,4,2.2,Moderate,Clear,Dense Urban,Moderate,No,35,27,Z6,Z2,No
ORD-4760,12:08,Saturday,5,984,30,High,8,4,2.2,Moderate,Fog,Urban,Moderate,Yes,52,42,Z3,Z7,No
ORD-4761,21:17,Wednesday,1,214,8,Low,9,2,1.8,Heavy,Clear,Dense Urban,Experienced,Yes,32,24,Z6,Z3,No
ORD-4762,12:57,Monday,4,748,22,High,4,1,5.7,Heavy,Fog,Suburban,Moderate,Yes,49,54,Z3,Z4,No
ORD-4763,12:00,Sunday,5,499,11,Low,4,7,2.1,Severe,Rain,Suburban,Experienced,Yes,39,36,Z3,Z6,No
ORD-4764,22:40,Saturday,3,805,13,Moderate,3,2,7.3,Moderate,Clear,Urban,Moderate,No,50,54,Z4,Z3,No
ORD-4765,19:56,Monday,2,532,11,High,5,2,2.7,Moderate,Hot,Dense Urban,Experienced,Yes,35,40,Z5,Z5,Yes
ORD-4766,22:15,Wednesday,4,902,15,High,1,9,1.8,Moderate,Clear,Urban,New,Yes,34,33,Z8,Z4,No
ORD-4767,23:10,Monday,3,573,6,Low,4,3,3.5,Moderate,Clear,Dense Urban,Moderate,No,31,49,Z6,Z6,No
ORD-4768,17:01,Sunday,5,942,14,Moderate,7,1,5.0,Low,Rain,Urban,Moderate,No,37,44,Z2,Z1,No
ORD-4769,15:10,Saturday,2,319,16,High,10,5,4.4,Moderate,Clear,Suburban,Moderate,No,47,42,Z8,Z5,No
ORD-4770,14:21,Saturday,5,860,18,Moderate,10,1,2.7,Heavy,Clear,Urban,Experienced,Yes,42,35,Z2,Z7,No
ORD-4771,18:20,Friday,2,342,12,Moderate,2,7,3.4,Low,Clear,Urban,Experienced,No,37,29,Z3,Z3,Yes
ORD-4772,20:21,Tuesday,4,1220,19,Very High,3,7,3.4,Moderate,Clear,Urban,New,Yes,42,40,Z4,Z7,No
ORD-4773,23:37,Saturday,1,175,8,Moderate,2,3,2.7,Moderate,Rain,Urban,Moderate,No,27,28,Z2,Z7,No
ORD-4774,18:23,Friday,3,356,14,Moderate,3,1,1.6,Low,Clear,Dense Urban,Moderate,No,27,45,Z4,Z3,No
ORD-4775,18:25,Sunday,5,1331,25,High,6,9,3.2,Severe,Clear,Suburban,Experienced,No,55,42,Z3,Z1,No
ORD-4776,20:52,Monday,4,848,18,Moderate,6,11,3.4,Heavy,Cold,Urban,Moderate,Yes,54,37,Z4,Z8,Yes
ORD-4777,12:59,Wednesday,4,1251,21,Very High,6,5,4.5,Heavy,Fog,Dense Urban,Moderate,Yes,64,50,Z3,Z2,Yes
ORD-4778,18:26,Friday,2,239,14,High,1,3,6.9,Low,Clear,Urban,Experienced,No,37,49,Z1,Z5,No
ORD-4779,20:21,Friday,4,1011,7,Low,17,2,5.8,Heavy,Clear,Urban,Moderate,Yes,50,64,Z3,Z5,No
ORD-4780,14:04,Thursday,3,886,15,Moderate,4,3,7.5,Moderate,Clear,Urban,Moderate,Yes,41,64,Z1,Z2,No
ORD-4781,18:27,Saturday,3,382,15,Moderate,1,3,1.6,Moderate,Clear,Dense Urban,Moderate,No,29,28,Z6,Z2,No
ORD-4782,13:29,Tuesday,1,205,14,High,4,3,6.7,Moderate,Rain,Suburban,Moderate,Yes,44,56,Z3,Z3,No
ORD-4783,18:09,Sunday,2,342,12,High,3,3,3.9,Heavy,Hot,Urban,Moderate,No,35,59,Z7,Z2,No
ORD-4784,12:31,Wednesday,2,168,18,High,3,4,5.7,Moderate,Clear,Suburban,Experienced,Yes,44,45,Z3,Z6,Yes
ORD-4785,20:41,Wednesday,4,1555,8,Low,1,4,1.9,Low,Clear,Suburban,Moderate,Yes,41,31,Z6,Z8,No
ORD-4786,19:31,Monday,3,514,7,Low,1,3,2.9,Moderate,Fog,Urban,Moderate,Yes,23,38,Z3,Z7,No
ORD-4787,09:16,Thursday,2,260,10,Moderate,9,2,5.0,Moderate,Fog,Suburban,Experienced,No,50,40,Z1,Z5,Yes
ORD-4788,19:59,Wednesday,6,1535,15,Low,5,6,2.1,Heavy,Clear,Urban,Experienced,Yes,41,52,Z4,Z5,No
ORD-4789,20:26,Wednesday,3,941,14,High,4,9,2.9,Heavy,Clear,Suburban,Moderate,Yes,39,37,Z5,Z7,No
ORD-4790,14:01,Saturday,1,138,5,High,3,7,1.9,Low,Rain,Urban,Moderate,Yes,24,32,Z3,Z6,No
ORD-4791,13:24,Thursday,2,328,16,Moderate,1,5,7.4,Low,Clear,Urban,Moderate,Yes,40,49,Z1,Z5,No
ORD-4792,14:03,Wednesday,2,418,16,High,9,4,4.0,Moderate,Clear,Suburban,Experienced,Yes,40,39,Z4,Z5,No
ORD-4793,21:34,Wednesday,1,207,11,Moderate,1,6,2.6,Moderate,Clear,Dense Urban,Moderate,Yes,31,29,Z3,Z2,No
ORD-4794,19:14,Monday,4,848,23,High,6,4,0.9,Moderate,Clear,Urban,Experienced,Yes,39,32,Z5,Z2,No
ORD-4795,13:55,Wednesday,3,927,13,Moderate,4,4,2.4,Moderate,Clear,Dense Urban,New,Yes,35,39,Z7,Z5,No
ORD-4796,14:00,Tuesday,1,114,10,Moderate,5,3,2.1,Low,Hot,Dense Urban,Experienced,Yes,29,31,Z3,Z7,No
ORD-4797,20:24,Tuesday,4,915,16,High,1,6,2.0,Heavy,Clear,Suburban,Moderate,Yes,32,48,Z8,Z7,No
ORD-4798,21:33,Tuesday,1,183,13,High,3,6,5.0,Heavy,Rain,Urban,Experienced,Yes,43,43,Z5,Z4,No
ORD-4799,10:55,Wednesday,2,431,40,Very High,5,2,6.0,Low,Clear,Suburban,Experienced,No,61,43,Z7,Z6,No
ORD-4800,19:58,Monday,8,1268,15,Moderate,8,4,0.4,Moderate,Clear,Dense Urban,Moderate,Yes,34,38,Z1,Z5,No
ORD-4801,21:37,Thursday,3,564,24,Very High,8,3,3.8,Severe,Clear,Suburban,Experienced,Yes,59,45,Z3,Z2,Yes
ORD-4802,11:19,Sunday,4,880,30,Very High,2,8,5.0,Low,Clear,Urban,Experienced,No,54,47,Z5,Z4,No
ORD-4803,19:58,Saturday,4,502,21,High,1,4,0.5,Moderate,Clear,Dense Urban,Moderate,Yes,33,26,Z8,Z2,No
ORD-4804,21:18,Friday,4,865,13,Moderate,4,1,2.0,Low,Clear,Urban,Experienced,Yes,26,39,Z8,Z1,No
ORD-4805,14:39,Sunday,1,289,8,Moderate,2,2,5.1,Low,Clear,Urban,Experienced,No,26,36,Z8,Z1,No
ORD-4806,12:43,Saturday,2,516,16,Very High,2,4,1.8,Heavy,Cold,Dense Urban,Experienced,Yes,35,29,Z3,Z5,No
ORD-4807,17:58,Saturday,2,252,16,High,2,6,1.8,Moderate,Clear,Urban,Moderate,No,33,38,Z5,Z3,No
ORD-4808,22:11,Sunday,2,388,19,High,2,7,2.9,Heavy,Clear,Urban,Moderate,Yes,42,42,Z2,Z1,No
ORD-4809,14:13,Friday,2,403,11,Low,2,3,0.5,Moderate,Clear,Dense Urban,Moderate,Yes,23,43,Z3,Z5,No
ORD-4810,19:05,Friday,3,875,9,Moderate,4,3,3.8,Moderate,Cold,Suburban,Moderate,Yes,28,39,Z5,Z8,No
ORD-4811,12:17,Sunday,1,222,9,Low,4,4,1.9,Severe,Clear,Urban,New,Yes,29,32,Z2,Z6,No
ORD-4812,15:58,Tuesday,5,666,17,Moderate,3,2,1.4,Moderate,Rain,Urban,Experienced,No,31,27,Z8,Z6,No
ORD-4813,19:06,Sunday,6,974,17,High,1,2,1.4,Severe,Clear,Urban,Moderate,Yes,44,37,Z6,Z5,No
ORD-4814,12:05,Sunday,1,228,12,Moderate,1,2,2.2,Moderate,Clear,Dense Urban,Moderate,Yes,27,32,Z1,Z8,No
ORD-4815,19:44,Friday,2,309,16,High,6,9,2.4,Heavy,Hot,Dense Urban,Moderate,Yes,48,39,Z4,Z7,Yes
ORD-4816,14:44,Saturday,2,483,13,High,6,2,1.0,Heavy,Clear,Suburban,Experienced,No,28,26,Z1,Z6,No
ORD-4817,11:03,Saturday,2,317,11,Low,3,2,3.5,Low,Hot,Suburban,Moderate,No,47,34,Z3,Z6,No
ORD-4818,22:10,Thursday,3,523,16,High,10,3,0.7,Severe,Rain,Urban,Moderate,Yes,36,35,Z4,Z3,No
ORD-4819,13:36,Monday,2,334,14,High,10,6,4.1,Moderate,Clear,Dense Urban,New,Yes,74,35,Z6,Z4,Yes
ORD-4820,14:31,Friday,2,325,13,High,4,3,3.6,Low,Clear,Urban,New,No,33,40,Z4,Z5,No
ORD-4821,19:59,Wednesday,1,217,12,Low,2,2,3.1,Low,Rain,Suburban,Experienced,Yes,30,42,Z4,Z6,Yes
ORD-4822,20:36,Thursday,2,392,14,High,1,5,2.6,Moderate,Rain,Suburban,Moderate,Yes,33,37,Z1,Z5,No
ORD-4823,21:01,Monday,2,371,18,High,34,2,1.5,Heavy,Clear,Dense Urban,New,Yes,84,30,Z4,Z8,No
ORD-4824,22:42,Thursday,2,328,8,Low,4,2,5.6,Low,Fog,Suburban,New,No,51,41,Z6,Z7,No
ORD-4825,21:20,Sunday,4,715,18,Moderate,6,4,5.3,Moderate,Hot,Suburban,New,Yes,51,45,Z5,Z8,Yes
ORD-4826,20:38,Saturday,4,1408,22,Moderate,3,2,1.6,Low,Clear,Urban,New,Yes,35,29,Z8,Z7,No
ORD-4827,22:11,Saturday,4,638,22,High,7,4,5.1,Heavy,Rain,Urban,Experienced,Yes,76,53,Z4,Z5,No
ORD-4828,19:24,Monday,4,633,31,High,2,1,3.6,Moderate,Clear,Urban,Experienced,Yes,49,41,Z8,Z8,Yes
ORD-4829,18:42,Friday,2,406,12,High,6,2,2.0,Low,Rain,Urban,New,No,45,36,Z5,Z4,No
ORD-4830,09:06,Tuesday,4,555,15,Low,1,4,3.6,Moderate,Clear,Urban,New,No,45,42,Z8,Z2,No
ORD-4831,13:01,Sunday,3,271,21,Very High,4,6,1.7,Heavy,Fog,Urban,Moderate,Yes,41,34,Z1,Z5,No
ORD-4832,12:46,Sunday,3,435,10,Moderate,7,2,8.1,Moderate,Cold,Urban,Moderate,Yes,45,54,Z6,Z5,No
ORD-4833,21:38,Saturday,5,768,14,Low,2,4,5.7,Moderate,Clear,Suburban,Experienced,Yes,37,51,Z3,Z2,No
ORD-4834,09:08,Thursday,2,427,7,High,1,6,3.4,Heavy,Fog,Dense Urban,Moderate,No,32,40,Z4,Z6,No
ORD-4835,14:48,Tuesday,2,328,9,High,4,3,3.5,Low,Fog,Dense Urban,Experienced,No,29,32,Z4,Z4,No
ORD-4836,20:54,Sunday,3,781,23,Very High,3,15,0.8,Severe,Clear,Dense Urban,Moderate,Yes,51,33,Z8,Z5,No
ORD-4837,21:16,Monday,3,605,19,Low,2,3,2.3,Severe,Rain,Dense Urban,New,Yes,64,40,Z7,Z5,No
ORD-4838,21:42,Saturday,5,1050,16,High,13,8,1.6,Severe,Rain,Dense Urban,Experienced,Yes,53,38,Z8,Z3,No
ORD-4839,15:10,Tuesday,6,1124,18,Low,4,8,5.6,Moderate,Cold,Urban,Moderate,No,49,48,Z5,Z4,No
ORD-4840,13:33,Monday,3,729,14,Moderate,5,2,2.1,Heavy,Cold,Dense Urban,Moderate,Yes,34,31,Z3,Z1,No
ORD-4841,17:15,Saturday,2,313,18,High,3,10,2.7,Moderate,Rain,Urban,Experienced,No,43,33,Z5,Z4,No
ORD-4842,22:00,Saturday,1,166,13,High,4,2,9.0,Moderate,Clear,Urban,New,Yes,49,58,Z4,Z5,Yes
ORD-4843,18:22,Sunday,2,413,18,High,2,6,6.3,Moderate,Clear,Urban,Experienced,No,44,43,Z3,Z8,No
ORD-4844,13:40,Saturday,3,427,23,High,2,5,4.2,Severe,Clear,Urban,Moderate,Yes,67,49,Z6,Z4,No
ORD-4845,23:43,Sunday,2,323,9,Moderate,1,3,4.2,Moderate,Clear,Dense Urban,Moderate,No,31,33,Z2,Z7,No
ORD-4846,11:55,Saturday,3,821,21,High,1,3,4.3,Low,Clear,Dense Urban,Moderate,No,40,35,Z8,Z5,No
ORD-4847,18:21,Wednesday,3,572,19,High,3,8,3.3,Heavy,Clear,Urban,New,No,46,42,Z6,Z2,No
ORD-4848,22:31,Sunday,4,745,22,Low,1,4,5.8,Moderate,Clear,Dense Urban,Experienced,No,53,44,Z1,Z1,No
ORD-4849,20:52,Friday,1,189,15,Very High,1,3,2.0,Heavy,Clear,Dense Urban,Moderate,Yes,32,33,Z8,Z1,No
ORD-4850,12:40,Monday,2,368,8,Moderate,4,6,1.9,Moderate,Rain,Urban,Moderate,Yes,28,31,Z7,Z6,No
ORD-4851,14:27,Wednesday,2,377,12,Low,1,2,2.0,Moderate,Rain,Urban,Experienced,Yes,26,34,Z8,Z6,No
ORD-4852,21:22,Monday,3,708,19,High,3,5,0.6,Heavy,Clear,Dense Urban,Moderate,Yes,35,27,Z8,Z4,No
ORD-4853,16:34,Wednesday,3,399,12,Moderate,2,3,1.5,Low,Clear,Dense Urban,Moderate,No,38,46,Z6,Z4,No
ORD-4854,13:10,Sunday,5,601,23,Moderate,7,4,2.6,Heavy,Clear,Dense Urban,Moderate,Yes,48,35,Z4,Z8,No
ORD-4855,21:51,Wednesday,1,252,12,Low,1,5,2.7,Moderate,Clear,Urban,Moderate,Yes,32,35,Z6,Z2,Yes
ORD-4856,13:05,Saturday,2,453,11,Moderate,3,2,2.8,Severe,Clear,Urban,Moderate,Yes,32,33,Z3,Z5,No
ORD-4857,21:17,Friday,3,411,9,Low,4,4,1.3,Heavy,Clear,Dense Urban,Moderate,Yes,28,30,Z1,Z3,No
ORD-4858,12:42,Tuesday,4,893,12,Low,3,3,2.6,Low,Clear,Suburban,Experienced,Yes,27,30,Z1,Z2,No
ORD-4859,21:19,Thursday,3,351,17,Moderate,8,5,10.3,Low,Cold,Suburban,Moderate,Yes,60,67,Z1,Z6,Yes
ORD-4860,19:32,Friday,2,337,13,Moderate,5,4,5.9,Heavy,Clear,Suburban,Moderate,Yes,47,52,Z7,Z4,Yes
ORD-4861,19:50,Sunday,6,1733,22,Moderate,3,4,1.7,Heavy,Clear,Dense Urban,New,Yes,45,39,Z7,Z6,Yes
ORD-4862,12:55,Friday,1,188,7,Moderate,2,4,3.4,Severe,Cold,Dense Urban,Experienced,Yes,38,41,Z5,Z3,Yes
ORD-4863,13:45,Saturday,4,913,17,Very High,9,10,1.6,Moderate,Clear,Suburban,Moderate,Yes,43,32,Z4,Z5,No
ORD-4864,12:02,Saturday,3,396,13,Moderate,1,4,2.5,Severe,Fog,Dense Urban,Moderate,Yes,49,37,Z6,Z4,No
ORD-4865,12:39,Sunday,3,201,16,Very High,3,4,3.8,Heavy,Rain,Dense Urban,Moderate,Yes,46,43,Z6,Z5,No
ORD-4866,11:58,Wednesday,6,1223,14,Low,3,4,1.1,Moderate,Fog,Urban,New,No,28,29,Z2,Z5,No
ORD-4867,13:26,Sunday,3,303,26,Very High,7,2,10.6,Moderate,Clear,Suburban,Experienced,Yes,62,64,Z3,Z8,Yes
ORD-4868,20:13,Wednesday,1,203,6,Moderate,5,3,6.6,Moderate,Rain,Urban,Experienced,Yes,44,65,Z4,Z7,Yes
ORD-4869,23:10,Tuesday,4,626,17,Low,4,3,4.5,Moderate,Clear,Urban,Moderate,No,41,42,Z4,Z4,No
ORD-4870,19:58,Thursday,4,624,12,High,4,3,2.4,Moderate,Fog,Suburban,New,Yes,35,31,Z2,Z3,Yes
ORD-4871,20:03,Saturday,1,153,8,Moderate,1,1,4.6,Moderate,Clear,Urban,Moderate,Yes,31,40,Z3,Z5,Yes
ORD-4872,20:37,Friday,2,243,15,High,3,2,2.5,Moderate,Clear,Dense Urban,Experienced,Yes,33,55,Z2,Z5,No
ORD-4873,19:11,Friday,2,289,27,Very High,4,6,3.4,Severe,Clear,Urban,Experienced,Yes,54,48,Z3,Z8,No
ORD-4874,13:59,Monday,3,450,15,High,4,2,10.3,Heavy,Clear,Urban,Moderate,Yes,58,69,Z7,Z7,No
ORD-4875,21:02,Monday,3,259,12,Moderate,2,4,3.3,Low,Fog,Suburban,Experienced,Yes,31,41,Z5,Z6,Yes
ORD-4876,14:22,Sunday,1,248,12,High,11,9,1.3,Heavy,Clear,Dense Urban,Experienced,Yes,43,26,Z3,Z7,No
ORD-4877,21:51,Saturday,4,1283,18,High,10,4,1.4,Heavy,Rain,Urban,Experienced,Yes,41,34,Z1,Z1,No
ORD-4878,14:05,Thursday,5,355,10,Low,4,6,1.3,Severe,Fog,Urban,Moderate,Yes,29,31,Z7,Z8,No
ORD-4879,20:13,Friday,6,903,22,Moderate,3,3,1.7,Heavy,Rain,Suburban,Experienced,Yes,38,34,Z8,Z7,No
ORD-4880,14:10,Sunday,4,587,47,Very High,4,2,6.2,Moderate,Clear,Urban,Moderate,Yes,73,52,Z3,Z6,No
ORD-4881,23:45,Saturday,4,582,35,High,7,7,2.6,Severe,Clear,Dense Urban,New,No,69,39,Z1,Z8,No
ORD-4882,13:54,Monday,3,387,13,Moderate,3,2,1.1,Moderate,Clear,Dense Urban,Experienced,Yes,27,32,Z3,Z1,No
ORD-4883,11:21,Saturday,3,369,9,Moderate,5,5,3.3,Severe,Rain,Dense Urban,New,No,48,43,Z1,Z7,No
ORD-4884,13:19,Saturday,1,229,7,Low,2,2,1.8,Heavy,Clear,Dense Urban,Moderate,Yes,23,30,Z6,Z4,No
ORD-4885,19:37,Friday,5,799,13,Low,16,3,2.3,Moderate,Clear,Suburban,Experienced,Yes,41,40,Z4,Z5,No
ORD-4886,21:49,Friday,5,845,25,High,1,2,2.1,Heavy,Clear,Suburban,Moderate,Yes,38,41,Z6,Z2,No
ORD-4887,13:03,Thursday,3,726,10,Moderate,10,4,7.7,Moderate,Clear,Suburban,New,Yes,46,60,Z7,Z2,No
ORD-4888,18:32,Monday,2,448,13,Moderate,1,4,0.7,Severe,Clear,Urban,Experienced,No,25,42,Z1,Z8,No
ORD-4889,20:55,Saturday,8,884,32,High,5,10,3.0,Moderate,Clear,Urban,Experienced,Yes,58,43,Z1,Z8,No
ORD-4890,13:31,Sunday,2,323,13,High,2,1,5.4,Moderate,Cold,Urban,Experienced,Yes,39,60,Z3,Z5,No
ORD-4891,12:35,Friday,4,712,24,High,3,5,5.2,Severe,Clear,Dense Urban,New,Yes,67,56,Z5,Z2,No
ORD-4892,13:23,Friday,5,903,27,Very High,12,4,5.0,Moderate,Rain,Suburban,Moderate,Yes,63,49,Z1,Z3,No
ORD-4893,21:21,Sunday,2,579,9,Moderate,4,4,9.7,Heavy,Clear,Urban,Moderate,Yes,46,65,Z2,Z2,No
ORD-4894,12:47,Wednesday,4,582,22,Very High,4,2,4.0,Moderate,Clear,Suburban,Moderate,Yes,45,40,Z6,Z1,Yes
ORD-4895,13:57,Monday,4,697,29,Very High,2,3,5.3,Moderate,Clear,Suburban,Moderate,Yes,49,49,Z2,Z7,No
ORD-4896,12:23,Tuesday,2,360,15,High,12,2,3.5,Heavy,Clear,Urban,Moderate,Yes,45,42,Z3,Z4,No
ORD-4897,12:25,Wednesday,3,577,13,Moderate,3,6,3.2,Moderate,Clear,Dense Urban,Moderate,Yes,36,34,Z5,Z7,No
ORD-4898,19:56,Friday,5,687,14,Moderate,8,4,3.7,Heavy,Rain,Dense Urban,Moderate,Yes,50,44,Z5,Z6,No
ORD-4899,20:05,Wednesday,6,979,29,Very High,4,6,3.1,Heavy,Cold,Dense Urban,New,Yes,70,45,Z5,Z4,No
ORD-4900,19:50,Saturday,4,910,19,Very High,2,6,1.7,Moderate,Clear,Dense Urban,Experienced,Yes,37,34,Z7,Z3,No
ORD-4901,15:17,Monday,3,490,13,Very High,2,6,0.9,Moderate,Hot,Urban,Moderate,No,27,32,Z3,Z2,No
ORD-4902,20:20,Sunday,2,284,7,Low,2,2,4.2,Moderate,Hot,Dense Urban,Moderate,Yes,30,40,Z6,Z3,No
ORD-4903,20:23,Wednesday,2,416,11,High,2,2,4.7,Heavy,Clear,Urban,Experienced,Yes,33,61,Z3,Z2,No
ORD-4904,19:26,Thursday,2,329,14,Moderate,5,3,4.1,Low,Rain,Suburban,New,Yes,38,39,Z1,Z5,No
ORD-4905,19:47,Thursday,2,152,14,High,1,4,3.3,Heavy,Clear,Dense Urban,Moderate,Yes,38,36,Z7,Z6,No
ORD-4906,14:40,Monday,6,1131,20,High,1,5,6.7,Low,Clear,Dense Urban,Experienced,No,48,55,Z4,Z1,Yes
ORD-4907,19:36,Thursday,3,454,15,High,8,1,1.7,Severe,Clear,Dense Urban,Moderate,Yes,58,31,Z2,Z7,No
ORD-4908,19:21,Tuesday,10,1649,27,Moderate,1,6,3.1,Severe,Clear,Urban,Moderate,Yes,56,53,Z5,Z4,Yes
ORD-4909,16:36,Monday,3,578,15,Moderate,7,3,3.1,Moderate,Rain,Suburban,Moderate,No,36,35,Z1,Z7,No
ORD-4910,13:52,Tuesday,6,938,16,Moderate,2,2,4.9,Severe,Clear,Suburban,New,Yes,43,48,Z2,Z5,No
ORD-4911,12:45,Wednesday,3,326,18,Very High,16,6,3.5,Moderate,Rain,Suburban,Experienced,Yes,52,43,Z3,Z4,No
ORD-4912,15:52,Sunday,1,164,8,Moderate,2,5,2.2,Moderate,Clear,Suburban,New,No,25,29,Z5,Z8,No
ORD-4913,09:16,Saturday,3,490,10,Moderate,2,2,3.0,Low,Clear,Suburban,Moderate,No,27,35,Z5,Z1,Yes
ORD-4914,14:51,Thursday,3,412,18,High,5,8,2.4,Low,Clear,Urban,Experienced,No,40,39,Z5,Z8,No
ORD-4915,14:08,Wednesday,2,256,14,Moderate,4,4,2.2,Moderate,Clear,Urban,New,Yes,31,35,Z4,Z8,No
ORD-4916,11:53,Friday,4,1023,9,Moderate,1,4,6.4,Moderate,Hot,Urban,Moderate,No,35,48,Z6,Z8,No
ORD-4917,19:59,Friday,2,247,9,Moderate,9,1,1.8,Moderate,Clear,Suburban,Experienced,Yes,28,34,Z2,Z1,No
ORD-4918,13:20,Tuesday,5,956,23,High,4,2,0.8,Heavy,Hot,Urban,Moderate,Yes,44,32,Z7,Z1,No
ORD-4919,20:20,Wednesday,3,775,13,Moderate,2,3,0.6,Moderate,Clear,Urban,Experienced,Yes,24,37,Z7,Z8,No
ORD-4920,18:21,Wednesday,3,614,17,High,5,3,3.2,Low,Clear,Dense Urban,Experienced,No,37,31,Z8,Z3,No
ORD-4921,11:32,Sunday,1,167,6,Moderate,1,3,4.2,Moderate,Clear,Urban,New,No,31,33,Z8,Z3,No
ORD-4922,22:49,Saturday,3,659,6,Low,2,4,5.2,Moderate,Clear,Suburban,New,No,31,42,Z1,Z5,No
ORD-4923,13:24,Friday,3,521,9,Low,4,6,3.7,Severe,Clear,Urban,Experienced,Yes,41,44,Z8,Z3,Yes
ORD-4924,21:55,Sunday,1,151,14,Very High,12,5,7.8,Heavy,Clear,Suburban,Moderate,Yes,53,62,Z7,Z5,No
ORD-4925,19:31,Saturday,2,326,17,Very High,11,7,2.1,Moderate,Rain,Dense Urban,Moderate,Yes,48,35,Z1,Z1,No
ORD-4926,18:28,Sunday,3,805,16,Moderate,4,3,5.4,Heavy,Rain,Urban,Moderate,No,50,47,Z1,Z3,No
ORD-4927,19:29,Tuesday,2,415,16,Low,4,2,1.1,Moderate,Hot,Urban,Experienced,Yes,28,30,Z2,Z1,No
ORD-4928,13:21,Thursday,4,846,22,High,2,5,1.4,Moderate,Hot,Urban,Moderate,Yes,40,62,Z7,Z2,Yes
ORD-4929,19:06,Sunday,2,240,18,Moderate,1,3,1.0,Moderate,Clear,Urban,Moderate,Yes,28,38,Z4,Z1,No
ORD-4930,11:50,Tuesday,2,187,10,Moderate,7,5,5.1,Heavy,Clear,Suburban,Moderate,No,38,44,Z3,Z6,No
ORD-4931,21:50,Thursday,3,580,9,Moderate,3,7,5.7,Moderate,Hot,Suburban,Experienced,Yes,35,49,Z6,Z1,No
ORD-4932,14:04,Sunday,4,968,10,High,1,4,3.9,Heavy,Rain,Urban,Experienced,Yes,32,47,Z2,Z1,No
ORD-4933,20:08,Wednesday,6,822,25,High,5,7,1.5,Heavy,Clear,Urban,Moderate,Yes,46,34,Z2,Z3,No
ORD-4934,20:53,Monday,3,571,16,Moderate,1,8,6.9,Heavy,Hot,Suburban,Moderate,Yes,49,54,Z4,Z1,No
ORD-4935,15:05,Thursday,5,1314,21,Low,2,1,2.7,Moderate,Cold,Urban,Experienced,No,34,35,Z2,Z8,No
ORD-4936,11:03,Thursday,5,1078,21,Low,3,3,2.4,Severe,Clear,Dense Urban,Experienced,No,43,34,Z8,Z7,No
ORD-4937,14:50,Tuesday,4,483,17,Moderate,12,9,1.6,Heavy,Clear,Suburban,Moderate,No,48,29,Z4,Z8,No
ORD-4938,19:28,Wednesday,1,146,15,Very High,3,11,1.2,Heavy,Clear,Urban,New,Yes,41,33,Z1,Z4,Yes
ORD-4939,14:27,Friday,4,607,9,Moderate,6,6,2.7,Moderate,Rain,Urban,Experienced,Yes,32,58,Z5,Z4,No
ORD-4940,14:38,Sunday,4,699,11,Moderate,1,4,2.5,Heavy,Clear,Dense Urban,Moderate,No,30,33,Z1,Z4,No
ORD-4941,10:50,Thursday,3,603,11,Low,2,6,0.7,Low,Clear,Urban,New,No,28,29,Z5,Z1,Yes
ORD-4942,13:59,Monday,3,650,11,Moderate,1,2,4.0,Severe,Clear,Dense Urban,Experienced,Yes,40,40,Z4,Z5,No
ORD-4943,14:06,Tuesday,3,461,19,Moderate,3,2,4.7,Heavy,Clear,Dense Urban,Experienced,Yes,44,45,Z7,Z6,No
ORD-4944,21:22,Tuesday,2,328,20,High,6,4,5.9,Heavy,Clear,Suburban,Experienced,Yes,49,49,Z3,Z5,No
ORD-4945,21:11,Wednesday,2,266,12,High,6,4,1.4,Low,Clear,Suburban,Moderate,Yes,28,27,Z3,Z5,No
ORD-4946,20:45,Sunday,1,141,14,Moderate,1,4,1.1,Moderate,Clear,Dense Urban,Moderate,Yes,31,22,Z5,Z3,Yes
ORD-4947,21:44,Saturday,4,819,23,High,8,4,4.0,Heavy,Clear,Suburban,New,Yes,55,45,Z8,Z4,No
ORD-4948,21:43,Thursday,5,1092,21,Moderate,2,4,2.6,Heavy,Clear,Urban,Experienced,Yes,38,39,Z5,Z3,No
ORD-4949,21:19,Sunday,4,438,29,High,5,9,4.1,Severe,Rain,Suburban,Moderate,Yes,67,49,Z7,Z2,No
ORD-4950,12:26,Saturday,4,626,15,High,4,2,1.2,Severe,Rain,Urban,Moderate,Yes,32,36,Z5,Z3,No
ORD-4951,21:36,Sunday,3,639,21,High,4,1,5.1,Severe,Rain,Urban,Experienced,Yes,60,52,Z4,Z7,No
ORD-4952,22:26,Sunday,2,294,15,Very High,2,3,2.6,Moderate,Fog,Urban,Moderate,Yes,32,41,Z1,Z5,No
ORD-4953,12:42,Sunday,2,270,19,Very High,10,2,5.1,Low,Clear,Urban,Moderate,Yes,49,39,Z3,Z8,No
ORD-4954,20:46,Tuesday,5,940,17,Moderate,4,2,2.8,Heavy,Clear,Suburban,Moderate,Yes,38,35,Z7,Z7,Yes
ORD-4955,21:10,Saturday,5,991,36,Very High,9,6,2.8,Heavy,Hot,Dense Urban,New,Yes,69,44,Z7,Z5,No
ORD-4956,14:41,Sunday,1,192,9,Moderate,2,5,4.2,Heavy,Rain,Dense Urban,New,No,44,39,Z8,Z4,No
ORD-4957,21:47,Friday,2,442,12,Low,7,3,4.7,Heavy,Hot,Suburban,Moderate,Yes,38,43,Z2,Z4,No
ORD-4958,17:13,Saturday,2,354,12,Moderate,3,6,6.1,Low,Clear,Suburban,Experienced,No,40,41,Z3,Z4,Yes
ORD-4959,15:26,Saturday,5,769,29,High,1,5,5.2,Moderate,Fog,Urban,New,No,55,59,Z2,Z2,No
ORD-4960,11:03,Tuesday,4,327,12,Low,5,7,2.4,Moderate,Rain,Dense Urban,Moderate,No,38,29,Z6,Z7,No
ORD-4961,17:55,Saturday,5,1333,13,Moderate,3,5,6.5,Heavy,Hot,Urban,Experienced,No,45,51,Z4,Z4,No
ORD-4962,13:04,Friday,4,558,20,Very High,22,1,2.7,Heavy,Rain,Suburban,Experienced,Yes,59,43,Z4,Z3,Yes
ORD-4963,13:04,Monday,5,941,19,Very High,5,6,1.6,Moderate,Clear,Urban,Experienced,Yes,38,39,Z5,Z7,No
ORD-4964,13:54,Saturday,3,496,14,Moderate,7,3,3.7,Moderate,Rain,Suburban,Moderate,Yes,38,43,Z6,Z8,No
ORD-4965,19:00,Sunday,4,532,16,Very High,3,6,1.7,Moderate,Clear,Suburban,New,Yes,33,37,Z7,Z4,No
ORD-4966,12:32,Friday,4,542,21,Very High,5,2,0.9,Low,Clear,Urban,New,Yes,38,32,Z3,Z7,Yes
ORD-4967,13:50,Wednesday,3,359,30,Very High,3,5,2.8,Heavy,Clear,Dense Urban,New,Yes,57,36,Z3,Z6,No
ORD-4968,12:02,Monday,7,1787,31,High,1,11,1.8,Moderate,Fog,Urban,Moderate,Yes,51,37,Z3,Z7,No
ORD-4969,20:11,Wednesday,2,521,14,Very High,5,4,3.4,Low,Clear,Suburban,Experienced,Yes,32,39,Z5,Z2,No
ORD-4970,20:43,Tuesday,6,1295,14,Moderate,3,2,2.6,Severe,Fog,Dense Urban,Moderate,Yes,42,38,Z5,Z6,No
ORD-4971,11:21,Monday,3,632,8,Moderate,10,2,1.8,Low,Clear,Dense Urban,Moderate,No,30,32,Z7,Z5,No
ORD-4972,19:24,Saturday,1,222,13,High,5,7,2.9,Low,Clear,Dense Urban,Moderate,Yes,40,38,Z7,Z7,No
ORD-4973,13:26,Friday,3,540,13,Moderate,6,6,7.6,Moderate,Clear,Suburban,Moderate,Yes,53,54,Z6,Z7,Yes
ORD-4974,17:40,Friday,1,203,13,Moderate,5,6,3.0,Heavy,Clear,Urban,Experienced,No,41,28,Z8,Z7,Yes
ORD-4975,21:52,Thursday,4,792,12,Moderate,5,3,1.3,Severe,Clear,Dense Urban,Moderate,Yes,32,29,Z2,Z2,No
ORD-4976,19:29,Tuesday,5,1908,17,Moderate,4,2,10.0,Severe,Clear,Suburban,Moderate,Yes,72,72,Z8,Z3,No
ORD-4977,14:10,Monday,10,2811,60,High,1,4,8.8,Heavy,Cold,Suburban,Experienced,Yes,96,77,Z4,Z7,No
ORD-4978,12:50,Sunday,2,322,23,Very High,3,3,1.4,Low,Clear,Urban,Experienced,Yes,36,41,Z2,Z2,No
ORD-4979,20:10,Thursday,5,782,22,Moderate,4,5,1.9,Low,Clear,Urban,Experienced,Yes,38,55,Z6,Z8,No
ORD-4980,21:54,Monday,4,1315,17,Moderate,9,4,1.0,Heavy,Clear,Dense Urban,Moderate,Yes,43,33,Z5,Z8,Yes
ORD-4981,15:40,Saturday,4,593,13,Moderate,1,2,6.1,Low,Fog,Suburban,New,No,36,43,Z4,Z3,No
ORD-4982,19:31,Thursday,4,482,22,High,4,3,3.4,Heavy,Clear,Urban,Moderate,Yes,46,45,Z7,Z7,No
ORD-4983,13:05,Saturday,4,1073,27,High,5,4,3.3,Heavy,Hot,Urban,Experienced,Yes,53,43,Z6,Z5,No
ORD-4984,14:34,Saturday,1,166,9,High,1,6,0.9,Low,Clear,Urban,Moderate,No,22,29,Z3,Z6,No
ORD-4985,14:36,Saturday,2,384,6,Moderate,2,5,2.1,Heavy,Fog,Urban,New,No,26,29,Z5,Z4,No
ORD-4986,12:37,Thursday,1,206,8,Moderate,7,4,3.8,Severe,Clear,Urban,Moderate,Yes,38,41,Z8,Z2,No
ORD-4987,19:02,Wednesday,2,555,11,High,1,8,4.4,Heavy,Hot,Dense Urban,New,Yes,42,42,Z6,Z8,No
ORD-4988,13:27,Tuesday,3,255,18,High,5,2,2.4,Severe,Rain,Urban,Experienced,Yes,40,36,Z1,Z3,No
ORD-4989,19:50,Monday,2,231,14,Moderate,1,3,2.0,Heavy,Rain,Urban,Experienced,Yes,31,28,Z3,Z6,No
ORD-4990,17:04,Saturday,1,221,7,Moderate,4,3,2.0,Moderate,Clear,Dense Urban,Experienced,No,27,24,Z2,Z4,No
ORD-4991,10:41,Sunday,3,536,18,High,7,3,2.3,Moderate,Clear,Suburban,Moderate,No,37,33,Z7,Z6,No
ORD-4992,13:53,Saturday,5,1073,30,High,1,3,3.2,Heavy,Clear,Dense Urban,Moderate,Yes,54,46,Z5,Z3,No
ORD-4993,19:24,Thursday,3,403,9,Low,3,3,2.0,Moderate,Clear,Urban,Experienced,Yes,39,31,Z2,Z1,No
ORD-4994,21:59,Friday,2,240,16,Moderate,29,3,4.3,Moderate,Rain,Suburban,New,Yes,69,41,Z8,Z8,Yes
ORD-4995,13:30,Monday,5,965,21,High,4,4,7.4,Severe,Clear,Urban,Experienced,Yes,80,64,Z4,Z6,Yes
ORD-4996,21:10,Saturday,5,464,16,High,13,2,3.4,Heavy,Clear,Dense Urban,Experienced,Yes,48,44,Z7,Z6,No
ORD-4997,11:28,Monday,5,1141,12,Moderate,4,1,3.5,Low,Rain,Suburban,Moderate,No,27,41,Z5,Z5,No
ORD-4998,21:41,Tuesday,4,558,41,Very High,3,2,5.2,Moderate,Clear,Urban,New,Yes,65,48,Z1,Z2,No
ORD-4999,21:00,Sunday,3,392,23,Very High,1,2,8.0,Low,Clear,Suburban,New,Yes,46,56,Z5,Z1,No
ORD-5000,18:37,Friday,4,690,19,High,3,5,4.2,Moderate,Rain,Urban,Experienced,No,43,43,Z7,Z1,No
ORD-5001,12:58,Thursday,2,387,15,High,3,19,4.9,Heavy,Hot,Dense Urban,New,Yes,61,46,Z5,Z2,No
ORD-5002,20:34,Sunday,3,534,29,High,8,8,3.8,Moderate,Clear,Dense Urban,New,Yes,62,44,Z2,Z7,No
ORD-5003,20:58,Saturday,3,532,14,High,10,3,1.9,Severe,Clear,Urban,Experienced,Yes,38,34,Z7,Z4,No
ORD-5004,19:43,Wednesday,2,319,18,Very High,1,4,3.3,Heavy,Rain,Urban,Moderate,Yes,42,44,Z3,Z5,No
ORD-5005,10:48,Friday,3,262,12,High,1,3,8.2,Moderate,Clear,Urban,New,No,44,63,Z1,Z6,No
ORD-5006,21:31,Thursday,5,881,29,Very High,4,4,2.9,Heavy,Clear,Dense Urban,Moderate,Yes,58,42,Z4,Z7,Yes
ORD-5007,19:01,Saturday,2,340,19,Very High,2,2,2.8,Severe,Clear,Dense Urban,Moderate,Yes,43,35,Z5,Z4,Yes
ORD-5008,20:57,Monday,3,436,20,Very High,8,5,3.2,Moderate,Rain,Suburban,Moderate,Yes,45,37,Z3,Z4,No
ORD-5009,19:45,Saturday,4,720,9,Moderate,1,4,2.0,Heavy,Clear,Dense Urban,Moderate,Yes,27,31,Z1,Z2,No
ORD-5010,10:48,Tuesday,5,1014,9,Low,4,2,3.3,Moderate,Rain,Urban,Experienced,No,30,42,Z5,Z6,No
ORD-5011,14:00,Tuesday,1,414,11,Moderate,10,2,1.1,Heavy,Rain,Dense Urban,Moderate,Yes,37,22,Z5,Z3,Yes
ORD-5012,12:29,Tuesday,6,1799,26,Very High,13,3,3.0,Heavy,Clear,Suburban,Moderate,Yes,59,46,Z4,Z3,Yes
ORD-5013,14:18,Saturday,1,163,14,Very High,6,3,2.5,Moderate,Clear,Dense Urban,Moderate,Yes,51,34,Z2,Z5,No
ORD-5014,18:32,Sunday,3,330,12,Moderate,4,2,4.2,Low,Clear,Urban,Experienced,No,31,33,Z8,Z7,No
ORD-5015,09:11,Thursday,2,396,10,Low,8,3,0.9,Low,Clear,Urban,Moderate,No,36,29,Z3,Z4,No
ORD-5016,13:20,Saturday,3,863,15,Moderate,3,3,2.5,Moderate,Hot,Urban,Experienced,Yes,34,38,Z4,Z6,Yes
ORD-5017,11:15,Friday,5,1129,12,Low,1,6,5.7,Moderate,Clear,Urban,Moderate,No,37,45,Z6,Z6,No
ORD-5018,14:08,Thursday,2,409,22,Very High,4,8,5.9,Low,Clear,Suburban,Experienced,Yes,49,55,Z2,Z2,No
ORD-5019,17:45,Sunday,3,374,17,Moderate,2,4,2.2,Low,Rain,Urban,Moderate,No,32,40,Z2,Z7,No
ORD-5020,12:17,Saturday,2,648,18,Very High,6,8,3.4,Moderate,Hot,Suburban,Moderate,Yes,43,36,Z5,Z5,No
ORD-5021,16:49,Thursday,3,366,10,Low,3,8,2.9,Low,Clear,Suburban,New,No,31,36,Z3,Z3,No
ORD-5022,11:04,Sunday,2,263,10,Low,4,6,2.1,Heavy,Clear,Dense Urban,Moderate,No,48,27,Z6,Z6,No
ORD-5023,14:17,Monday,4,573,19,Moderate,4,3,3.9,Heavy,Rain,Urban,Moderate,Yes,50,40,Z1,Z5,Yes
ORD-5024,21:06,Saturday,3,536,16,Moderate,3,7,3.6,Moderate,Clear,Urban,Moderate,Yes,39,35,Z8,Z2,No
ORD-5025,15:18,Wednesday,1,144,14,Moderate,3,4,3.6,Moderate,Clear,Suburban,Moderate,No,34,33,Z5,Z4,No
ORD-5026,19:29,Wednesday,4,686,10,Moderate,9,2,4.0,Moderate,Clear,Suburban,Experienced,Yes,33,40,Z4,Z3,No
ORD-5027,16:18,Thursday,6,582,18,High,2,12,4.2,Low,Clear,Dense Urban,Experienced,No,49,42,Z7,Z4,No
ORD-5028,21:10,Tuesday,4,873,17,Moderate,3,3,6.2,Low,Clear,Suburban,Experienced,Yes,38,45,Z3,Z2,No
ORD-5029,14:26,Thursday,5,618,14,Low,4,4,3.5,Moderate,Rain,Dense Urban,Experienced,Yes,55,43,Z2,Z5,No
ORD-5030,12:52,Monday,2,314,16,High,5,2,1.3,Moderate,Clear,Dense Urban,Experienced,Yes,32,30,Z3,Z1,No
ORD-5031,19:56,Saturday,4,381,11,Moderate,7,2,3.5,Moderate,Clear,Urban,Moderate,Yes,33,44,Z4,Z3,No
ORD-5032,13:36,Wednesday,3,362,17,Moderate,8,6,4.4,Severe,Hot,Suburban,New,Yes,57,46,Z2,Z8,Yes
ORD-5033,12:35,Wednesday,4,978,22,High,5,4,1.4,Low,Rain,Urban,Experienced,Yes,39,31,Z4,Z8,No
ORD-5034,19:30,Monday,5,783,13,Moderate,2,2,1.3,Heavy,Clear,Urban,Experienced,Yes,24,36,Z6,Z6,No
ORD-5035,13:09,Saturday,2,295,8,Moderate,10,4,3.3,Heavy,Clear,Dense Urban,Experienced,Yes,42,53,Z2,Z3,No
ORD-5036,12:44,Thursday,4,531,27,Very High,6,3,6.2,Moderate,Rain,Suburban,Moderate,Yes,60,58,Z8,Z3,No
ORD-5037,20:14,Monday,4,492,17,Moderate,4,10,1.7,Heavy,Clear,Urban,Moderate,Yes,44,45,Z1,Z7,Yes
ORD-5038,13:18,Sunday,3,832,19,High,3,3,1.6,Severe,Clear,Dense Urban,Moderate,Yes,43,33,Z5,Z8,Yes
ORD-5039,16:54,Tuesday,4,673,10,Low,3,2,8.5,Moderate,Clear,Suburban,Moderate,No,39,70,Z2,Z1,No
ORD-5040,20:13,Monday,3,356,9,Very High,5,5,2.0,Moderate,Fog,Dense Urban,Experienced,Yes,31,32,Z2,Z7,No
ORD-5041,18:33,Wednesday,2,326,6,Moderate,1,3,2.0,Moderate,Fog,Urban,Experienced,No,19,29,Z7,Z5,No
ORD-5042,13:23,Saturday,4,494,21,Very High,4,7,2.3,Moderate,Clear,Dense Urban,New,Yes,46,35,Z7,Z6,No
ORD-5043,18:08,Sunday,6,701,15,Low,3,4,9.8,Moderate,Clear,Suburban,Experienced,No,49,62,Z5,Z3,No
ORD-5044,23:03,Sunday,4,1105,17,Moderate,8,3,3.4,Moderate,Clear,Urban,New,No,41,36,Z1,Z4,No
ORD-5045,18:15,Thursday,2,351,10,Moderate,2,3,2.1,Low,Rain,Urban,New,No,26,26,Z2,Z1,No
ORD-5046,21:09,Wednesday,2,256,11,High,8,3,1.4,Heavy,Cold,Suburban,Moderate,Yes,30,29,Z1,Z6,No
ORD-5047,21:37,Monday,3,685,15,Low,2,2,1.8,Moderate,Clear,Urban,Experienced,Yes,29,33,Z2,Z4,No
ORD-5048,18:11,Friday,2,402,18,Moderate,1,5,3.0,Low,Rain,Urban,Experienced,No,34,36,Z1,Z4,No
ORD-5049,21:10,Saturday,4,624,45,Very High,3,3,1.6,Heavy,Fog,Dense Urban,New,Yes,65,36,Z7,Z5,No
ORD-5050,13:39,Saturday,10,1374,16,Moderate,2,5,5.1,Moderate,Cold,Dense Urban,Moderate,Yes,47,51,Z5,Z8,Yes
ORD-5051,12:58,Saturday,4,1134,25,High,8,7,2.8,Low,Rain,Suburban,Experienced,Yes,49,38,Z7,Z5,No
ORD-5052,13:15,Wednesday,2,329,9,High,5,1,0.8,Heavy,Clear,Urban,Moderate,Yes,21,31,Z6,Z8,No
ORD-5053,20:07,Wednesday,3,731,17,Moderate,10,7,0.6,Moderate,Rain,Dense Urban,Moderate,Yes,45,30,Z8,Z2,Yes
ORD-5054,12:01,Wednesday,2,487,16,Very High,2,15,3.9,Heavy,Clear,Urban,New,Yes,51,44,Z6,Z1,No
ORD-5055,13:15,Friday,3,314,17,Very High,3,7,1.5,Heavy,Clear,Urban,Moderate,Yes,35,31,Z5,Z4,No
ORD-5056,17:45,Wednesday,2,552,14,High,1,6,2.7,Moderate,Clear,Dense Urban,New,No,38,34,Z3,Z1,Yes
ORD-5057,21:16,Sunday,4,801,17,High,4,9,3.5,Moderate,Clear,Suburban,Moderate,Yes,44,39,Z4,Z4,Yes
ORD-5058,11:54,Wednesday,8,942,24,Moderate,4,3,4.4,Low,Clear,Suburban,Moderate,No,42,41,Z1,Z2,No
ORD-5059,12:56,Monday,7,703,26,Moderate,5,2,7.3,Heavy,Clear,Dense Urban,Experienced,Yes,66,58,Z2,Z7,Yes
ORD-5060,10:23,Thursday,1,154,16,Moderate,2,3,3.7,Moderate,Clear,Dense Urban,Moderate,No,38,33,Z1,Z1,No
ORD-5061,13:53,Monday,2,201,10,Moderate,3,2,2.3,Severe,Clear,Urban,Moderate,Yes,30,34,Z7,Z4,No
ORD-5062,21:20,Monday,4,299,11,Low,5,1,2.7,Moderate,Clear,Urban,Moderate,Yes,32,40,Z3,Z8,Yes
ORD-5063,11:31,Thursday,2,256,10,Moderate,4,6,3.9,Low,Fog,Dense Urban,Experienced,No,37,37,Z2,Z2,No
ORD-5064,19:26,Saturday,3,1085,14,High,13,2,1.4,Moderate,Rain,Urban,Moderate,Yes,38,37,Z8,Z1,No
ORD-5065,17:48,Friday,2,530,7,Low,1,5,8.2,Low,Clear,Urban,New,No,38,48,Z8,Z4,No
ORD-5066,19:32,Wednesday,6,709,25,High,4,3,2.3,Severe,Cold,Urban,Moderate,Yes,47,38,Z1,Z4,No
ORD-5067,20:00,Thursday,2,466,6,Moderate,4,5,3.1,Low,Clear,Urban,Moderate,Yes,25,39,Z5,Z2,No
ORD-5068,13:42,Wednesday,2,475,12,High,4,3,5.4,Heavy,Hot,Dense Urban,Moderate,Yes,45,45,Z3,Z3,No
ORD-5069,21:51,Monday,2,360,20,High,7,5,1.2,Moderate,Clear,Urban,Experienced,Yes,43,29,Z1,Z2,Yes
ORD-5070,17:13,Thursday,9,1890,25,Moderate,1,5,8.1,Moderate,Rain,Urban,New,No,60,62,Z6,Z6,No
ORD-5071,22:51,Friday,2,287,8,Low,1,2,1.6,Low,Hot,Urban,Moderate,No,19,30,Z6,Z3,No
ORD-5072,17:56,Wednesday,3,457,13,High,2,7,2.5,Low,Fog,Urban,Experienced,No,31,35,Z3,Z8,No
ORD-5073,22:04,Thursday,3,646,23,Very High,7,5,3.4,Moderate,Clear,Urban,Moderate,Yes,48,42,Z5,Z6,No
ORD-5074,12:14,Saturday,2,357,15,High,3,2,1.5,Moderate,Fog,Urban,Moderate,Yes,28,30,Z6,Z3,No
ORD-5075,14:46,Monday,3,453,10,Moderate,3,3,4.2,Low,Clear,Urban,Experienced,No,44,36,Z1,Z8,No
ORD-5076,21:21,Monday,4,499,11,Low,4,5,3.2,Severe,Clear,Dense Urban,New,Yes,44,43,Z7,Z1,No
ORD-5077,20:44,Thursday,1,221,13,Low,8,1,3.1,Moderate,Hot,Suburban,Experienced,Yes,31,30,Z3,Z8,No
ORD-5078,21:23,Thursday,4,704,34,Very High,6,3,1.3,Moderate,Clear,Suburban,Moderate,Yes,53,37,Z5,Z8,Yes
ORD-5079,20:38,Sunday,2,442,12,Moderate,7,2,3.5,Moderate,Clear,Urban,New,Yes,39,35,Z1,Z2,Yes
ORD-5080,12:40,Saturday,2,334,7,Moderate,13,7,2.5,Severe,Clear,Suburban,Moderate,Yes,42,33,Z6,Z6,No
ORD-5081,21:04,Wednesday,4,1193,30,Very High,1,7,1.2,Heavy,Clear,Suburban,New,Yes,46,35,Z4,Z5,No
ORD-5082,11:21,Saturday,4,810,20,Very High,1,3,1.6,Severe,Clear,Urban,Experienced,No,35,30,Z5,Z3,No
ORD-5083,14:06,Thursday,2,412,8,Low,1,2,1.0,Severe,Clear,Dense Urban,Moderate,Yes,22,26,Z1,Z4,No
ORD-5084,10:42,Friday,5,738,22,High,1,4,1.8,Heavy,Clear,Urban,Experienced,No,36,37,Z7,Z4,No
ORD-5085,12:11,Tuesday,4,647,26,High,3,2,1.6,Moderate,Clear,Urban,Moderate,Yes,39,31,Z8,Z3,No
ORD-5086,14:39,Wednesday,4,607,21,High,2,2,2.3,Heavy,Clear,Urban,Moderate,No,37,35,Z8,Z1,No
ORD-5087,20:32,Sunday,2,351,41,High,4,4,7.0,Heavy,Fog,Suburban,New,Yes,77,54,Z4,Z5,No
ORD-5088,21:22,Tuesday,5,534,26,High,8,5,2.7,Heavy,Rain,Dense Urban,Experienced,Yes,57,41,Z3,Z4,No
ORD-5089,12:14,Monday,2,260,10,Moderate,4,4,2.7,Heavy,Clear,Dense Urban,New,Yes,33,39,Z3,Z6,No
ORD-5090,14:13,Monday,5,825,38,High,2,4,4.8,Severe,Clear,Urban,Moderate,Yes,64,51,Z1,Z7,No
ORD-5091,21:05,Friday,5,1066,19,Moderate,3,8,2.5,Heavy,Rain,Dense Urban,Moderate,Yes,47,38,Z1,Z6,No
ORD-5092,19:32,Thursday,4,718,24,Very High,5,4,3.3,Moderate,Clear,Urban,New,Yes,46,43,Z6,Z5,No
ORD-5093,13:53,Friday,3,365,9,Moderate,6,3,4.7,Moderate,Hot,Urban,New,Yes,56,56,Z1,Z3,No
ORD-5094,20:36,Wednesday,5,884,22,High,5,6,1.3,Heavy,Clear,Suburban,Experienced,Yes,41,40,Z7,Z2,No
ORD-5095,14:04,Monday,1,210,11,High,3,5,1.5,Heavy,Clear,Dense Urban,Experienced,Yes,31,50,Z1,Z8,No
ORD-5096,11:02,Tuesday,1,193,14,High,6,3,4.8,Moderate,Rain,Dense Urban,Experienced,No,46,43,Z2,Z7,No
ORD-5097,22:19,Sunday,5,1023,15,Moderate,4,10,3.8,Moderate,Rain,Urban,Moderate,Yes,65,45,Z6,Z5,No
ORD-5098,11:36,Saturday,6,1233,23,Very High,4,5,2.0,Low,Cold,Suburban,Moderate,No,39,37,Z7,Z1,No
ORD-5099,17:13,Saturday,2,541,11,Low,5,5,1.3,Low,Rain,Urban,New,No,28,27,Z7,Z1,No
ORD-5100,12:33,Sunday,2,436,14,High,15,7,1.7,Moderate,Rain,Dense Urban,Experienced,Yes,47,37,Z6,Z5,No
ORD-5101,20:18,Saturday,3,472,41,Very High,1,5,4.8,Moderate,Clear,Suburban,Experienced,Yes,62,69,Z1,Z6,No
ORD-5102,19:06,Monday,3,392,19,High,1,3,3.2,Severe,Clear,Dense Urban,Moderate,Yes,49,40,Z5,Z1,No
ORD-5103,19:12,Wednesday,1,268,13,Moderate,10,2,3.9,Heavy,Clear,Dense Urban,Experienced,Yes,44,40,Z8,Z8,No
ORD-5104,21:31,Saturday,3,552,29,Very High,7,6,3.9,Low,Clear,Suburban,New,Yes,53,44,Z2,Z1,No
ORD-5105,13:43,Saturday,1,273,8,Low,1,1,2.4,Heavy,Clear,Dense Urban,Moderate,Yes,40,34,Z2,Z2,No
ORD-5106,13:10,Saturday,4,1435,24,High,1,5,0.9,Heavy,Clear,Dense Urban,Moderate,Yes,39,33,Z2,Z6,No
ORD-5107,11:15,Sunday,2,357,11,Moderate,6,3,2.0,Heavy,Clear,Dense Urban,Experienced,No,34,30,Z1,Z6,No
ORD-5108,12:48,Friday,3,626,25,High,8,8,7.0,Moderate,Clear,Suburban,Moderate,Yes,59,57,Z5,Z3,No
ORD-5109,10:50,Tuesday,1,220,8,Low,2,7,7.6,Moderate,Clear,Urban,Moderate,No,40,49,Z4,Z1,No
ORD-5110,13:11,Friday,6,771,19,Moderate,10,5,1.9,Moderate,Clear,Urban,Moderate,Yes,43,39,Z1,Z5,No
ORD-5111,11:07,Saturday,2,332,17,High,8,3,2.1,Moderate,Clear,Suburban,Experienced,No,36,33,Z6,Z1,No
ORD-5112,19:36,Saturday,3,440,16,High,2,2,2.6,Moderate,Clear,Dense Urban,Moderate,Yes,34,39,Z3,Z5,No
ORD-5113,19:20,Monday,1,341,14,High,5,4,2.4,Moderate,Clear,Dense Urban,Moderate,Yes,43,30,Z4,Z1,No
ORD-5114,12:59,Tuesday,4,907,17,Moderate,4,4,1.1,Severe,Clear,Dense Urban,Moderate,Yes,37,32,Z1,Z8,No
ORD-5115,12:11,Sunday,3,782,18,Moderate,8,8,1.2,Moderate,Clear,Urban,Moderate,Yes,41,32,Z8,Z2,No
ORD-5116,21:52,Saturday,4,1041,21,Very High,4,3,2.9,Heavy,Hot,Dense Urban,Moderate,Yes,60,39,Z7,Z4,No
ORD-5117,11:15,Wednesday,2,317,10,Low,2,2,1.0,Moderate,Clear,Urban,Experienced,No,21,28,Z2,Z6,No
ORD-5118,14:30,Monday,4,705,11,Low,1,1,4.8,Moderate,Fog,Dense Urban,Moderate,No,33,42,Z6,Z4,No
ORD-5119,14:49,Friday,3,889,18,High,2,3,5.1,Moderate,Hot,Suburban,New,No,46,42,Z5,Z7,Yes
ORD-5120,11:49,Saturday,5,981,15,Moderate,2,2,1.6,Low,Rain,Suburban,Experienced,No,26,27,Z7,Z2,No
ORD-5121,14:21,Monday,10,1633,33,Moderate,7,3,5.1,Low,Clear,Suburban,Moderate,Yes,57,51,Z8,Z1,No
ORD-5122,13:41,Sunday,2,156,6,Moderate,2,1,4.2,Severe,Clear,Suburban,Moderate,Yes,31,39,Z6,Z6,No
ORD-5123,18:58,Wednesday,2,404,12,Low,2,3,1.9,Low,Rain,Dense Urban,Experienced,No,28,30,Z1,Z2,No
ORD-5124,20:05,Friday,5,808,15,High,1,7,2.4,Low,Cold,Urban,Moderate,Yes,33,38,Z8,Z8,No
ORD-5125,20:59,Wednesday,3,477,19,High,4,3,4.3,Heavy,Clear,Urban,Experienced,Yes,40,50,Z8,Z4,No
ORD-5126,14:30,Monday,4,793,14,Low,3,1,5.8,Moderate,Hot,Dense Urban,Moderate,No,44,50,Z5,Z2,No
ORD-5127,11:25,Tuesday,2,319,16,High,1,3,1.6,Low,Rain,Urban,Experienced,No,27,34,Z1,Z3,No
ORD-5128,21:16,Friday,2,395,14,High,2,2,5.3,Severe,Clear,Urban,Moderate,Yes,45,52,Z6,Z2,No
ORD-5129,11:37,Sunday,2,520,7,Low,3,1,5.5,Low,Clear,Urban,Experienced,No,23,41,Z1,Z8,No
ORD-5130,12:28,Sunday,2,305,20,High,7,3,2.0,Moderate,Clear,Urban,Moderate,Yes,40,28,Z1,Z2,No
ORD-5131,19:34,Thursday,8,1347,32,Low,18,3,5.0,Low,Rain,Suburban,Moderate,Yes,69,56,Z1,Z1,No
ORD-5132,20:57,Wednesday,3,450,14,Moderate,1,7,1.4,Low,Clear,Urban,Moderate,Yes,29,35,Z7,Z8,No
ORD-5133,18:53,Tuesday,2,273,10,Low,1,3,4.8,Low,Clear,Suburban,Experienced,No,25,34,Z3,Z4,No
ORD-5134,22:00,Monday,2,444,15,Very High,5,3,2.3,Moderate,Hot,Urban,Experienced,Yes,32,49,Z5,Z8,No
ORD-5135,20:48,Sunday,2,359,11,High,5,2,4.3,Severe,Clear,Suburban,Experienced,Yes,38,68,Z1,Z6,No
ORD-5136,19:53,Tuesday,5,1771,14,Moderate,2,5,2.8,Moderate,Clear,Urban,Experienced,Yes,33,42,Z5,Z6,No
ORD-5137,14:26,Thursday,2,406,5,Moderate,4,3,4.6,Moderate,Hot,Dense Urban,Moderate,Yes,34,39,Z6,Z8,No
ORD-5138,20:37,Friday,2,426,11,Moderate,4,3,2.5,Severe,Clear,Dense Urban,Moderate,Yes,37,35,Z6,Z3,No
ORD-5139,20:33,Saturday,3,455,11,Moderate,5,3,2.5,Heavy,Clear,Urban,Moderate,Yes,32,39,Z8,Z3,No
ORD-5140,20:35,Sunday,2,384,31,Very High,4,1,6.8,Low,Rain,Suburban,Experienced,Yes,56,54,Z5,Z5,No
ORD-5141,14:08,Wednesday,2,597,12,Very High,2,1,4.6,Severe,Clear,Dense Urban,Moderate,Yes,43,46,Z7,Z5,No
ORD-5142,14:16,Wednesday,1,247,11,Moderate,6,3,1.4,Heavy,Clear,Dense Urban,Moderate,Yes,31,31,Z2,Z1,No
ORD-5143,13:50,Thursday,7,921,28,High,2,4,5.4,Moderate,Clear,Dense Urban,Moderate,Yes,55,48,Z5,Z4,No
ORD-5144,14:05,Saturday,5,792,29,High,1,18,5.2,Heavy,Rain,Suburban,Experienced,Yes,69,56,Z8,Z6,No
ORD-5145,12:36,Saturday,4,771,13,Moderate,1,5,2.7,Severe,Clear,Dense Urban,New,Yes,38,34,Z2,Z3,No
ORD-5146,20:00,Sunday,3,911,12,Moderate,6,5,3.2,Heavy,Fog,Dense Urban,New,Yes,57,37,Z1,Z5,No
ORD-5147,20:46,Tuesday,3,564,22,High,7,4,1.1,Heavy,Clear,Urban,Moderate,Yes,40,32,Z2,Z1,No
ORD-5148,20:03,Friday,2,371,24,Very High,6,4,3.3,Heavy,Clear,Dense Urban,Experienced,Yes,50,38,Z1,Z6,No
ORD-5149,19:41,Friday,3,474,14,High,5,3,0.4,Low,Hot,Suburban,New,Yes,30,28,Z4,Z7,Yes
ORD-5150,23:04,Monday,5,898,15,Low,1,3,2.9,Heavy,Rain,Urban,Moderate,No,33,39,Z3,Z2,No
ORD-5151,14:05,Tuesday,2,533,13,High,5,1,2.2,Moderate,Clear,Dense Urban,Moderate,Yes,38,39,Z6,Z7,No
ORD-5152,13:28,Friday,3,700,18,Moderate,4,3,3.7,Severe,Clear,Urban,Moderate,Yes,45,61,Z3,Z7,No
ORD-5153,13:20,Monday,7,1124,16,Moderate,8,4,2.1,Moderate,Hot,Suburban,Experienced,Yes,40,41,Z2,Z7,Yes
ORD-5154,20:08,Saturday,5,429,34,High,20,3,2.0,Moderate,Clear,Suburban,Experienced,Yes,68,37,Z7,Z5,Yes
ORD-5155,17:17,Wednesday,1,292,9,Moderate,3,6,3.8,Low,Clear,Urban,Moderate,No,30,33,Z5,Z7,No
ORD-5156,14:59,Monday,1,171,12,Moderate,1,1,9.4,Low,Hot,Urban,Experienced,No,35,52,Z5,Z2,No
ORD-5157,11:37,Sunday,2,245,10,Low,5,6,3.9,Low,Clear,Urban,New,No,33,37,Z6,Z3,No
ORD-5158,19:00,Sunday,3,711,16,High,7,2,5.1,Severe,Clear,Suburban,Moderate,Yes,49,49,Z7,Z5,No
ORD-5159,22:25,Thursday,4,996,10,Moderate,10,4,2.7,Low,Clear,Suburban,Moderate,Yes,32,38,Z2,Z1,No
ORD-5160,11:56,Thursday,1,231,8,Moderate,10,8,3.8,Low,Clear,Urban,Moderate,No,39,30,Z1,Z3,No
ORD-5161,13:27,Friday,3,370,26,High,3,5,4.3,Moderate,Clear,Suburban,Moderate,Yes,49,49,Z6,Z2,No
ORD-5162,19:10,Sunday,3,425,15,High,9,6,2.9,Moderate,Clear,Urban,New,Yes,42,41,Z6,Z8,No
ORD-5163,14:13,Tuesday,2,357,7,Moderate,1,6,7.1,Severe,Clear,Suburban,New,Yes,54,57,Z1,Z1,No
ORD-5164,13:20,Saturday,4,635,13,Low,2,5,3.4,Heavy,Clear,Urban,Moderate,Yes,49,43,Z5,Z6,No
ORD-5165,19:51,Friday,6,1503,12,Moderate,5,2,1.3,Moderate,Clear,Dense Urban,New,Yes,29,32,Z7,Z2,No
ORD-5166,18:32,Friday,1,287,11,Moderate,5,2,10.2,Low,Clear,Urban,Moderate,No,46,56,Z6,Z1,No
ORD-5167,17:00,Wednesday,3,774,25,High,4,3,2.0,Low,Clear,Dense Urban,New,No,43,33,Z2,Z8,No
ORD-5168,20:43,Thursday,6,1252,19,Low,2,4,4.6,Low,Fog,Dense Urban,Moderate,Yes,40,44,Z8,Z8,No
ORD-5169,20:03,Tuesday,3,402,7,Moderate,3,6,1.0,Moderate,Clear,Dense Urban,New,Yes,24,31,Z6,Z8,No
ORD-5170,19:11,Saturday,5,679,23,High,3,8,4.6,Heavy,Clear,Urban,New,Yes,63,49,Z7,Z8,Yes
ORD-5171,21:18,Friday,3,630,13,High,2,3,2.0,Moderate,Clear,Dense Urban,New,Yes,32,30,Z4,Z4,No
ORD-5172,20:33,Friday,1,225,20,Very High,5,7,1.4,Moderate,Rain,Dense Urban,Experienced,Yes,57,30,Z8,Z8,No
ORD-5173,23:45,Saturday,3,454,10,Moderate,3,4,1.0,Moderate,Clear,Urban,New,No,24,27,Z3,Z8,No
ORD-5174,13:17,Friday,4,852,14,Low,6,4,1.1,Moderate,Rain,Urban,New,Yes,47,28,Z3,Z5,No
ORD-5175,10:58,Thursday,3,488,11,Low,1,3,5.1,Heavy,Clear,Dense Urban,Moderate,No,39,40,Z2,Z3,No
ORD-5176,12:58,Wednesday,5,747,26,Very High,3,3,2.3,Moderate,Rain,Urban,Experienced,Yes,42,64,Z3,Z4,No
ORD-5177,13:34,Wednesday,4,436,19,High,3,2,3.1,Moderate,Fog,Urban,Moderate,Yes,41,43,Z6,Z5,Yes
ORD-5178,14:27,Thursday,2,240,12,Low,1,7,3.7,Severe,Clear,Dense Urban,Experienced,Yes,40,40,Z8,Z6,No
ORD-5179,12:37,Friday,1,343,20,Very High,2,2,1.5,Low,Clear,Dense Urban,Experienced,Yes,34,56,Z3,Z5,No
ORD-5180,19:57,Saturday,3,393,15,High,7,2,2.4,Moderate,Rain,Suburban,Experienced,Yes,33,37,Z2,Z8,No
ORD-5181,14:25,Sunday,5,1049,21,Very High,1,4,4.3,Heavy,Fog,Dense Urban,New,Yes,54,43,Z8,Z8,No
ORD-5182,12:35,Saturday,2,600,13,Very High,4,2,4.0,Heavy,Hot,Dense Urban,Moderate,Yes,42,39,Z6,Z7,No
ORD-5183,20:06,Sunday,2,311,19,High,4,13,3.0,Moderate,Clear,Dense Urban,Moderate,Yes,50,33,Z6,Z4,No
ORD-5184,13:42,Sunday,3,792,22,Very High,5,2,1.1,Heavy,Rain,Urban,Experienced,Yes,37,36,Z4,Z1,No
ORD-5185,17:57,Sunday,2,312,12,Low,3,4,0.8,Low,Clear,Suburban,Moderate,No,24,26,Z1,Z4,No
ORD-5186,13:13,Sunday,4,779,16,Very High,4,9,2.5,Moderate,Cold,Urban,Moderate,Yes,39,40,Z5,Z4,No
ORD-5187,18:37,Thursday,4,951,23,High,30,4,1.2,Moderate,Clear,Dense Urban,Moderate,No,67,28,Z2,Z4,No
ORD-5188,14:16,Friday,2,451,13,Moderate,4,3,3.7,Heavy,Clear,Urban,New,Yes,39,38,Z8,Z2,No
ORD-5189,20:41,Saturday,1,161,8,High,6,3,4.9,Low,Hot,Suburban,Experienced,Yes,31,41,Z3,Z6,No
ORD-5190,12:09,Sunday,4,553,13,High,2,7,4.7,Moderate,Clear,Suburban,Moderate,Yes,39,47,Z4,Z2,Yes
ORD-5191,20:42,Monday,2,465,10,Moderate,8,6,2.9,Heavy,Clear,Dense Urban,Experienced,Yes,38,34,Z8,Z1,No
ORD-5192,19:29,Friday,4,1083,12,Moderate,8,3,3.1,Heavy,Clear,Urban,Moderate,Yes,37,39,Z3,Z7,No
ORD-5193,20:11,Thursday,6,1409,12,Low,4,5,2.0,Moderate,Rain,Dense Urban,Moderate,Yes,33,41,Z6,Z3,No
ORD-5194,12:43,Monday,3,361,20,Very High,13,2,5.0,Heavy,Cold,Suburban,Experienced,Yes,53,47,Z7,Z4,No
ORD-5195,12:57,Saturday,3,614,26,Very High,5,3,1.8,Moderate,Hot,Dense Urban,Moderate,Yes,46,38,Z1,Z8,No
ORD-5196,17:57,Monday,12,2471,25,Moderate,5,5,5.9,Heavy,Rain,Urban,New,No,64,64,Z5,Z6,No
ORD-5197,19:06,Friday,4,773,15,Moderate,6,5,6.0,Moderate,Hot,Dense Urban,New,Yes,55,47,Z2,Z4,No
ORD-5198,20:14,Monday,1,181,11,Moderate,4,7,6.3,Moderate,Clear,Suburban,Moderate,Yes,39,43,Z1,Z1,No
ORD-5199,21:31,Wednesday,6,667,24,Moderate,14,5,3.8,Moderate,Clear,Suburban,Moderate,Yes,55,41,Z2,Z8,No
ORD-5200,12:49,Sunday,3,561,19,High,5,3,2.2,Moderate,Clear,Dense Urban,Experienced,Yes,39,37,Z8,Z6,No
ORD-5201,12:48,Friday,1,217,11,Very High,13,2,1.9,Low,Clear,Urban,Moderate,Yes,34,31,Z3,Z7,No
ORD-5202,17:28,Wednesday,1,176,11,Moderate,8,6,1.8,Moderate,Fog,Suburban,Moderate,No,34,24,Z8,Z1,No
ORD-5203,18:46,Tuesday,5,852,17,Low,3,4,3.0,Low,Fog,Suburban,Moderate,No,34,35,Z3,Z1,No
ORD-5204,23:27,Tuesday,2,386,8,Low,3,3,1.5,Moderate,Fog,Dense Urban,Experienced,No,25,24,Z1,Z6,No
ORD-5205,12:52,Sunday,2,506,18,Moderate,1,5,2.3,Low,Fog,Urban,Moderate,Yes,33,55,Z7,Z5,No
ORD-5206,21:12,Friday,2,243,16,High,6,3,2.4,Heavy,Hot,Urban,Experienced,Yes,36,33,Z7,Z4,No
ORD-5207,19:04,Tuesday,4,477,25,Very High,1,10,2.8,Heavy,Clear,Dense Urban,Experienced,Yes,52,39,Z6,Z4,No
ORD-5208,20:05,Friday,3,428,31,Very High,5,6,1.4,Heavy,Rain,Dense Urban,New,Yes,54,28,Z5,Z1,No
ORD-5209,11:52,Tuesday,3,555,18,Moderate,1,3,9.2,Moderate,Clear,Suburban,Experienced,No,46,57,Z7,Z4,No
ORD-5210,18:14,Wednesday,3,501,14,High,1,4,3.1,Low,Clear,Suburban,Moderate,No,33,33,Z7,Z1,Yes
ORD-5211,20:49,Friday,4,940,16,Moderate,5,5,2.6,Heavy,Hot,Dense Urban,Moderate,Yes,48,33,Z4,Z6,Yes
ORD-5212,10:53,Sunday,3,414,14,Moderate,6,4,1.3,Moderate,Clear,Suburban,Experienced,No,31,30,Z5,Z8,No
ORD-5213,13:22,Sunday,1,256,9,High,9,10,8.0,Low,Rain,Urban,New,Yes,54,53,Z3,Z6,No
ORD-5214,19:30,Sunday,4,780,26,Very High,5,5,1.6,Moderate,Clear,Urban,New,Yes,45,32,Z6,Z5,No
ORD-5215,14:30,Thursday,5,832,17,Moderate,3,6,1.4,Severe,Cold,Dense Urban,New,No,40,29,Z3,Z5,No
ORD-5216,19:03,Wednesday,2,445,7,High,3,5,1.4,Moderate,Clear,Urban,Experienced,Yes,22,32,Z7,Z1,No
ORD-5217,19:37,Saturday,3,658,11,High,7,3,6.3,Heavy,Fog,Suburban,New,Yes,57,58,Z6,Z1,No
ORD-5218,11:11,Friday,5,614,22,Moderate,1,4,4.9,Low,Rain,Dense Urban,Moderate,No,49,59,Z7,Z1,Yes
ORD-5219,12:57,Monday,4,614,18,High,2,3,2.0,Heavy,Clear,Urban,Experienced,Yes,35,38,Z1,Z4,No
ORD-5220,22:21,Thursday,4,1061,17,High,4,4,6.9,Heavy,Clear,Urban,Experienced,Yes,51,54,Z8,Z4,No
ORD-5221,13:54,Thursday,2,377,22,Very High,13,8,4.1,Low,Clear,Suburban,New,Yes,60,41,Z3,Z1,Yes
ORD-5222,11:50,Thursday,6,1082,26,Moderate,1,4,1.9,Moderate,Clear,Dense Urban,Moderate,No,43,31,Z4,Z2,No
ORD-5223,14:50,Wednesday,2,425,15,High,5,2,5.5,Moderate,Clear,Urban,Experienced,No,41,40,Z2,Z1,No
ORD-5224,12:57,Monday,1,103,10,High,9,7,6.1,Moderate,Rain,Dense Urban,Moderate,Yes,61,46,Z6,Z2,No
ORD-5225,14:53,Sunday,8,1235,21,Moderate,1,6,3.6,Severe,Clear,Urban,Moderate,No,50,50,Z1,Z5,No
ORD-5226,15:57,Saturday,3,679,12,High,5,6,3.5,Moderate,Hot,Suburban,Moderate,No,49,37,Z8,Z8,No
ORD-5227,11:18,Tuesday,3,419,12,Low,3,2,6.1,Heavy,Clear,Urban,Experienced,No,39,55,Z4,Z2,No
ORD-5228,20:26,Sunday,2,327,11,Moderate,1,2,5.0,Heavy,Clear,Dense Urban,Moderate,Yes,38,46,Z8,Z2,No
ORD-5229,12:33,Wednesday,2,494,7,Low,10,7,2.0,Heavy,Rain,Dense Urban,Moderate,Yes,41,35,Z4,Z6,No
ORD-5230,22:48,Saturday,5,1218,15,Moderate,6,2,3.5,Heavy,Clear,Dense Urban,Moderate,No,40,44,Z8,Z1,No
ORD-5231,10:58,Tuesday,2,305,20,High,2,3,2.1,Low,Clear,Suburban,Moderate,No,33,33,Z8,Z8,No
ORD-5232,11:26,Sunday,4,571,13,Low,4,2,1.8,Low,Clear,Urban,Experienced,No,26,32,Z2,Z8,No
ORD-5233,15:51,Saturday,3,525,28,High,2,2,1.4,Low,Clear,Urban,Experienced,No,39,29,Z4,Z8,No
ORD-5234,12:40,Saturday,2,611,16,Moderate,3,2,1.7,Moderate,Clear,Urban,New,Yes,31,29,Z8,Z5,No
ORD-5235,15:07,Sunday,3,775,14,High,1,1,4.6,Low,Clear,Urban,Moderate,No,29,41,Z6,Z7,No
ORD-5236,19:09,Saturday,1,204,15,Moderate,11,3,3.9,Heavy,Fog,Urban,Moderate,Yes,52,37,Z6,Z4,No
ORD-5237,09:51,Sunday,2,487,11,Low,2,3,2.9,Moderate,Clear,Urban,New,No,28,30,Z2,Z4,No
ORD-5238,20:27,Wednesday,6,958,14,Low,3,3,5.9,Moderate,Clear,Urban,Moderate,Yes,57,55,Z7,Z7,No
ORD-5239,14:33,Saturday,4,870,11,Low,6,5,1.8,Low,Hot,Suburban,New,No,30,28,Z6,Z2,No
ORD-5240,22:03,Friday,3,481,10,Moderate,3,4,3.9,Severe,Clear,Urban,Experienced,Yes,38,42,Z6,Z6,Yes
ORD-5241,12:11,Friday,3,323,32,Very High,6,4,7.7,Moderate,Rain,Urban,Moderate,Yes,70,62,Z5,Z5,No
ORD-5242,21:24,Sunday,4,491,27,High,1,7,4.7,Low,Hot,Urban,Moderate,Yes,54,47,Z1,Z2,Yes
ORD-5243,10:23,Thursday,3,756,8,Low,3,4,2.1,Moderate,Clear,Suburban,Moderate,No,25,33,Z8,Z7,No
ORD-5244,19:57,Friday,3,412,15,Very High,7,3,8.9,Moderate,Cold,Suburban,Moderate,Yes,53,60,Z3,Z3,No
ORD-5245,20:10,Tuesday,2,300,7,Moderate,9,4,5.0,Heavy,Hot,Dense Urban,Moderate,Yes,43,43,Z4,Z4,No
ORD-5246,12:46,Wednesday,1,193,15,Very High,6,2,3.1,Moderate,Rain,Urban,Moderate,Yes,36,39,Z6,Z1,No
ORD-5247,21:24,Saturday,3,484,8,Moderate,9,3,3.2,Moderate,Clear,Dense Urban,Experienced,Yes,35,36,Z1,Z2,No
ORD-5248,15:13,Tuesday,3,459,19,High,1,2,1.3,Heavy,Rain,Dense Urban,Moderate,No,34,34,Z2,Z1,No
ORD-5249,13:19,Tuesday,2,250,10,Low,1,4,3.1,Moderate,Rain,Urban,Moderate,Yes,29,33,Z6,Z3,No
ORD-5250,21:34,Saturday,2,355,10,Moderate,2,5,0.4,Heavy,Clear,Dense Urban,Moderate,Yes,25,24,Z8,Z3,No
ORD-5251,19:00,Monday,5,970,29,High,5,5,4.0,Heavy,Rain,Suburban,Moderate,Yes,56,46,Z1,Z5,No
ORD-5252,12:30,Sunday,2,488,11,Moderate,8,6,4.7,Heavy,Clear,Dense Urban,Experienced,Yes,55,43,Z8,Z4,No
ORD-5253,09:37,Wednesday,5,698,17,Moderate,3,4,4.3,Moderate,Cold,Urban,Experienced,No,39,42,Z3,Z8,No
ORD-5254,22:15,Sunday,4,455,17,Moderate,5,4,4.1,Moderate,Clear,Dense Urban,Experienced,Yes,42,44,Z4,Z5,No
ORD-5255,20:26,Thursday,3,667,21,Very High,8,10,8.0,Moderate,Clear,Suburban,Experienced,Yes,61,59,Z4,Z3,No
ORD-5256,20:09,Wednesday,2,428,9,Low,2,2,1.9,Low,Rain,Urban,Experienced,Yes,22,33,Z8,Z7,No
ORD-5257,09:58,Friday,2,223,8,Low,8,4,6.8,Low,Rain,Suburban,Moderate,No,39,46,Z4,Z4,No
ORD-5258,11:15,Saturday,4,974,24,High,2,2,1.3,Low,Clear,Dense Urban,Experienced,No,37,27,Z6,Z4,No
ORD-5259,13:53,Saturday,1,270,12,High,9,5,1.4,Heavy,Clear,Suburban,New,Yes,36,32,Z2,Z2,No
ORD-5260,14:30,Sunday,4,506,9,Low,2,4,3.3,Moderate,Clear,Suburban,Experienced,No,24,35,Z2,Z7,No
ORD-5261,13:02,Tuesday,6,830,30,High,6,3,2.2,Heavy,Clear,Urban,Moderate,Yes,53,40,Z5,Z3,Yes
ORD-5262,15:49,Tuesday,3,411,12,High,3,4,5.0,Low,Clear,Urban,New,No,33,44,Z3,Z3,No
ORD-5263,23:28,Friday,2,550,14,High,2,9,3.6,Severe,Clear,Dense Urban,New,No,55,39,Z3,Z3,No
ORD-5264,21:01,Tuesday,6,1234,27,High,3,3,4.0,Moderate,Clear,Suburban,New,Yes,51,48,Z8,Z6,Yes
ORD-5265,14:22,Monday,5,1067,16,Moderate,1,1,1.4,Heavy,Clear,Dense Urban,Moderate,Yes,29,33,Z7,Z3,No
ORD-5266,20:03,Friday,2,352,7,Moderate,4,7,3.4,Moderate,Clear,Dense Urban,New,Yes,34,39,Z8,Z6,No
ORD-5267,13:46,Saturday,1,180,14,High,2,5,0.9,Moderate,Clear,Urban,Moderate,Yes,27,42,Z1,Z6,No
ORD-5268,20:34,Sunday,5,815,20,Moderate,7,3,3.3,Heavy,Cold,Suburban,Moderate,Yes,44,46,Z4,Z8,No
ORD-5269,21:24,Wednesday,3,573,18,High,4,4,1.0,Heavy,Clear,Urban,Moderate,Yes,40,33,Z1,Z7,No
ORD-5270,11:55,Friday,1,239,10,Low,1,3,2.7,Moderate,Clear,Urban,Moderate,No,29,30,Z3,Z2,Yes
ORD-5271,12:25,Saturday,9,1896,31,Moderate,1,3,2.9,Moderate,Rain,Suburban,Experienced,Yes,49,49,Z7,Z3,Yes
ORD-5272,22:53,Monday,1,166,6,Low,2,2,2.8,Low,Clear,Urban,Experienced,No,20,27,Z7,Z6,No
ORD-5273,10:02,Friday,2,369,8,Low,6,1,2.4,Moderate,Clear,Urban,Moderate,No,25,33,Z7,Z5,No
ORD-5274,11:48,Tuesday,3,459,11,Low,3,2,4.5,Heavy,Clear,Urban,Experienced,No,33,37,Z4,Z6,No
ORD-5275,19:03,Friday,2,494,9,High,3,1,3.4,Heavy,Clear,Dense Urban,Moderate,Yes,47,39,Z4,Z1,No
ORD-5276,13:01,Saturday,2,445,11,Moderate,8,3,3.7,Low,Clear,Suburban,New,Yes,33,37,Z6,Z1,No
ORD-5277,13:38,Thursday,4,479,21,Moderate,3,2,2.2,Low,Clear,Urban,Moderate,Yes,34,31,Z7,Z4,No
ORD-5278,13:50,Sunday,3,467,9,Moderate,2,4,2.8,Heavy,Rain,Urban,New,Yes,37,39,Z7,Z4,Yes
ORD-5279,19:11,Thursday,1,316,10,Moderate,5,6,2.7,Moderate,Clear,Suburban,Moderate,Yes,31,32,Z6,Z7,No
ORD-5280,19:23,Tuesday,2,313,12,Moderate,18,2,2.1,Severe,Rain,Dense Urban,Experienced,Yes,50,32,Z2,Z7,No
ORD-5281,20:04,Wednesday,4,569,17,Moderate,4,2,4.4,Moderate,Clear,Dense Urban,Moderate,Yes,51,44,Z5,Z6,Yes
ORD-5282,09:14,Monday,4,501,17,High,4,6,2.5,Moderate,Rain,Urban,New,No,44,35,Z6,Z6,Yes
ORD-5283,12:53,Tuesday,2,330,10,Moderate,2,8,4.8,Moderate,Clear,Urban,Moderate,Yes,35,43,Z6,Z4,No
ORD-5284,15:36,Friday,3,499,11,Moderate,40,2,1.8,Moderate,Clear,Urban,Experienced,No,62,32,Z1,Z7,No
ORD-5285,22:47,Friday,3,327,7,Low,10,4,4.5,Moderate,Clear,Suburban,New,No,57,37,Z2,Z2,No
ORD-5286,21:27,Saturday,2,352,16,Very High,12,10,0.8,Moderate,Rain,Urban,Moderate,Yes,44,29,Z3,Z1,No
ORD-5287,13:14,Saturday,6,658,26,High,2,2,3.2,Heavy,Clear,Suburban,Moderate,Yes,46,55,Z2,Z6,Yes
ORD-5288,18:30,Thursday,2,567,20,High,2,2,2.2,Moderate,Clear,Urban,Moderate,No,34,30,Z5,Z3,No
ORD-5289,20:26,Tuesday,2,465,12,Low,3,4,4.7,Heavy,Clear,Urban,Moderate,Yes,48,48,Z2,Z8,No
ORD-5290,19:39,Wednesday,2,250,16,Very High,4,11,10.2,Moderate,Rain,Suburban,Moderate,Yes,58,68,Z7,Z7,No
ORD-5291,13:40,Thursday,3,383,14,High,7,8,2.6,Heavy,Rain,Dense Urban,Experienced,Yes,46,35,Z5,Z5,No
ORD-5292,21:20,Monday,2,467,10,High,3,2,1.3,Severe,Clear,Urban,Moderate,Yes,25,26,Z4,Z5,No
ORD-5293,14:45,Friday,3,441,19,High,2,6,8.3,Moderate,Clear,Dense Urban,Moderate,No,54,58,Z8,Z6,No
ORD-5294,21:36,Sunday,4,618,17,High,8,2,1.9,Moderate,Clear,Urban,Experienced,Yes,35,40,Z3,Z6,No
ORD-5295,19:26,Tuesday,4,781,16,High,4,2,3.4,Heavy,Clear,Urban,Experienced,Yes,41,45,Z1,Z6,Yes
ORD-5296,12:44,Wednesday,5,916,20,High,15,4,1.5,Moderate,Clear,Dense Urban,Moderate,Yes,50,35,Z5,Z6,No
ORD-5297,18:31,Friday,4,365,16,Low,7,3,1.7,Low,Rain,Urban,Moderate,No,34,28,Z3,Z7,No
ORD-5298,11:18,Friday,1,161,11,Low,3,3,0.5,Moderate,Clear,Dense Urban,New,No,33,23,Z8,Z1,No
ORD-5299,13:37,Friday,4,773,13,High,10,2,2.8,Heavy,Clear,Suburban,Moderate,Yes,36,41,Z3,Z7,No
ORD-5300,20:26,Saturday,2,357,22,High,6,4,3.3,Heavy,Clear,Dense Urban,Moderate,Yes,52,40,Z4,Z7,No
ORD-5301,11:47,Thursday,2,412,11,Moderate,3,14,1.3,Heavy,Clear,Dense Urban,Experienced,No,38,30,Z3,Z5,No
ORD-5302,14:28,Tuesday,7,1394,30,Very High,6,9,2.4,Moderate,Rain,Dense Urban,Moderate,Yes,60,42,Z6,Z6,No
ORD-5303,23:00,Monday,3,581,16,High,3,1,2.5,Moderate,Clear,Dense Urban,Experienced,No,33,52,Z7,Z3,No
ORD-5304,18:55,Monday,1,192,8,Low,2,2,1.2,Moderate,Rain,Urban,Moderate,No,27,42,Z2,Z3,No
ORD-5305,20:00,Tuesday,5,545,17,High,4,2,3.8,Heavy,Clear,Dense Urban,Moderate,Yes,43,49,Z1,Z2,No
ORD-5306,23:28,Thursday,5,575,26,High,1,2,2.4,Heavy,Clear,Urban,Moderate,No,41,36,Z5,Z4,No
ORD-5307,19:10,Saturday,2,266,16,High,3,3,7.2,Moderate,Clear,Urban,Experienced,Yes,43,68,Z2,Z2,No
ORD-5308,22:06,Tuesday,3,539,12,Moderate,4,4,3.6,Heavy,Clear,Urban,Experienced,Yes,36,38,Z2,Z5,No
ORD-5309,20:18,Tuesday,7,908,22,High,3,5,5.7,Severe,Cold,Dense Urban,Moderate,Yes,64,56,Z5,Z7,No
ORD-5310,21:59,Monday,1,184,7,Low,3,2,5.1,Moderate,Fog,Urban,Moderate,Yes,33,44,Z2,Z3,No
ORD-5311,13:53,Friday,4,344,14,High,2,3,10.0,Severe,Rain,Suburban,Experienced,Yes,91,75,Z6,Z5,No
ORD-5312,22:47,Thursday,6,692,18,Moderate,3,3,1.3,Heavy,Clear,Dense Urban,Moderate,No,36,28,Z2,Z2,No
ORD-5313,23:18,Friday,2,344,13,High,3,3,4.3,Heavy,Clear,Suburban,Moderate,No,38,53,Z7,Z3,Yes
ORD-5314,11:55,Monday,1,226,6,Moderate,1,3,3.7,Severe,Hot,Dense Urban,Moderate,No,40,36,Z1,Z2,No
ORD-5315,11:52,Monday,1,178,14,Low,1,3,5.0,Heavy,Clear,Urban,Moderate,No,37,38,Z4,Z3,No
ORD-5316,12:22,Tuesday,6,1191,31,Very High,4,2,1.9,Moderate,Clear,Urban,Moderate,Yes,45,39,Z5,Z8,No
ORD-5317,21:05,Wednesday,4,551,26,Very High,5,5,1.2,Heavy,Clear,Urban,Experienced,Yes,43,37,Z1,Z4,No
ORD-5318,21:13,Sunday,5,1397,16,High,4,2,1.6,Heavy,Cold,Dense Urban,Moderate,Yes,34,36,Z8,Z5,No
ORD-5319,14:35,Sunday,3,618,13,Moderate,1,2,7.2,Moderate,Clear,Urban,Experienced,No,36,46,Z8,Z5,No
ORD-5320,19:33,Sunday,2,336,15,Moderate,2,7,3.9,Moderate,Clear,Urban,Moderate,Yes,38,42,Z4,Z4,No
ORD-5321,13:16,Wednesday,3,524,22,Very High,4,5,1.2,Heavy,Clear,Dense Urban,Experienced,Yes,41,36,Z2,Z6,No
ORD-5322,12:01,Friday,3,440,18,High,4,6,3.3,Heavy,Clear,Suburban,New,Yes,40,42,Z4,Z4,No
ORD-5323,19:28,Monday,3,521,30,Very High,11,7,4.3,Moderate,Rain,Urban,Experienced,Yes,63,48,Z6,Z2,No
ORD-5324,21:14,Friday,9,2097,28,Moderate,2,4,5.2,Low,Clear,Urban,Experienced,Yes,47,51,Z5,Z7,No
ORD-5325,21:21,Monday,4,880,23,High,10,5,5.0,Low,Fog,Suburban,Moderate,Yes,57,47,Z1,Z3,Yes
ORD-5326,11:43,Tuesday,5,647,21,Moderate,1,4,3.4,Severe,Clear,Dense Urban,Moderate,No,51,44,Z3,Z2,No
ORD-5327,18:52,Saturday,2,280,11,Low,1,2,3.4,Low,Clear,Urban,Moderate,No,28,35,Z2,Z7,Yes
ORD-5328,14:27,Tuesday,1,287,8,Moderate,4,7,5.1,Heavy,Hot,Urban,Moderate,Yes,39,55,Z7,Z7,No
ORD-5329,11:09,Thursday,2,625,11,Low,4,3,5.4,Moderate,Clear,Suburban,Experienced,No,31,40,Z7,Z3,No
ORD-5330,13:05,Friday,2,289,10,Moderate,9,5,2.1,Heavy,Clear,Dense Urban,Moderate,Yes,38,28,Z1,Z5,No
ORD-5331,13:47,Wednesday,6,1062,17,High,2,3,1.7,Moderate,Clear,Urban,Moderate,Yes,30,44,Z1,Z8,No
ORD-5332,21:53,Thursday,1,195,11,High,2,3,0.9,Severe,Rain,Urban,Moderate,Yes,25,30,Z5,Z1,No
ORD-5333,21:02,Wednesday,4,1003,21,High,1,4,3.6,Heavy,Cold,Dense Urban,Moderate,Yes,49,42,Z3,Z3,Yes
ORD-5334,18:03,Thursday,7,902,39,Very High,5,5,2.2,Moderate,Clear,Urban,Experienced,No,61,37,Z8,Z3,Yes
ORD-5335,13:27,Monday,2,274,17,High,11,5,5.0,Heavy,Rain,Suburban,Moderate,Yes,59,50,Z3,Z4,Yes
ORD-5336,21:37,Thursday,2,447,10,High,6,3,3.4,Moderate,Clear,Urban,Moderate,Yes,32,41,Z8,Z1,No
ORD-5337,20:57,Saturday,6,984,25,High,3,7,4.5,Moderate,Clear,Urban,Moderate,Yes,51,52,Z5,Z6,No
ORD-5338,12:04,Saturday,2,406,11,High,7,5,3.7,Moderate,Rain,Dense Urban,Moderate,Yes,43,58,Z5,Z7,No
ORD-5339,19:46,Tuesday,2,258,7,Moderate,4,3,2.5,Heavy,Clear,Dense Urban,Experienced,Yes,29,49,Z4,Z4,No
ORD-5340,20:31,Tuesday,4,2289,14,Moderate,4,4,9.2,Severe,Clear,Urban,Moderate,Yes,59,70,Z1,Z3,No
ORD-5341,20:27,Wednesday,2,239,10,Low,6,3,3.3,Heavy,Hot,Urban,New,Yes,33,33,Z4,Z4,No
ORD-5342,22:02,Tuesday,3,597,14,Moderate,2,3,2.8,Severe,Clear,Urban,Experienced,Yes,37,40,Z2,Z4,No
ORD-5343,13:11,Saturday,4,1429,7,Moderate,3,2,1.4,Heavy,Rain,Dense Urban,New,Yes,26,35,Z6,Z4,No
ORD-5344,19:04,Wednesday,2,433,16,High,5,5,6.3,Moderate,Rain,Dense Urban,Moderate,Yes,66,56,Z8,Z5,Yes
ORD-5345,11:08,Friday,6,519,11,Low,9,4,6.8,Moderate,Clear,Dense Urban,Experienced,No,46,54,Z8,Z3,No
ORD-5346,20:40,Friday,2,1187,12,Low,13,5,1.6,Low,Rain,Suburban,New,Yes,37,33,Z5,Z2,No
ORD-5347,20:55,Tuesday,3,293,17,High,4,7,3.0,Heavy,Clear,Urban,New,Yes,45,39,Z6,Z1,No
ORD-5348,13:46,Monday,2,236,12,Moderate,1,4,2.0,Moderate,Hot,Dense Urban,Experienced,Yes,28,31,Z8,Z5,No
ORD-5349,18:46,Friday,4,774,18,Low,2,4,3.6,Moderate,Clear,Suburban,Experienced,No,36,37,Z2,Z2,No
ORD-5350,19:14,Monday,5,1064,13,Low,9,6,5.4,Moderate,Clear,Urban,Experienced,Yes,42,48,Z7,Z3,No
ORD-5351,15:02,Saturday,6,547,24,High,1,4,6.2,Low,Cold,Urban,New,No,51,52,Z5,Z6,No
ORD-5352,12:35,Tuesday,3,564,17,High,1,1,4.2,Severe,Clear,Dense Urban,Moderate,Yes,48,47,Z3,Z6,No
ORD-5353,12:04,Thursday,2,435,9,High,3,5,2.1,Moderate,Clear,Urban,New,Yes,27,34,Z5,Z7,No
ORD-5354,11:53,Wednesday,2,373,8,Low,1,3,5.2,Moderate,Hot,Dense Urban,Moderate,No,32,42,Z1,Z8,No
ORD-5355,17:59,Friday,3,400,17,Moderate,2,4,3.7,Moderate,Clear,Urban,Moderate,No,40,35,Z4,Z2,Yes
ORD-5356,09:42,Tuesday,3,716,13,High,5,2,1.7,Severe,Rain,Dense Urban,Moderate,No,36,29,Z8,Z8,No
ORD-5357,09:03,Monday,3,394,11,Low,2,2,5.5,Moderate,Clear,Urban,Moderate,No,31,45,Z8,Z6,No
ORD-5358,23:08,Sunday,3,636,7,Moderate,2,2,6.9,Low,Clear,Suburban,Moderate,No,28,50,Z8,Z8,No
ORD-5359,11:15,Monday,5,1103,14,Low,1,1,3.9,Moderate,Clear,Urban,Experienced,No,41,58,Z7,Z1,No
ORD-5360,13:19,Monday,4,663,34,High,6,3,6.6,Low,Clear,Suburban,Moderate,Yes,64,55,Z2,Z4,Yes
ORD-5361,21:33,Wednesday,1,172,7,Moderate,3,2,4.9,Low,Clear,Suburban,Experienced,Yes,25,41,Z2,Z7,No
ORD-5362,13:19,Monday,4,789,19,High,1,3,0.5,Heavy,Fog,Dense Urban,Moderate,Yes,31,48,Z5,Z7,No
ORD-5363,13:36,Friday,3,755,11,High,2,5,7.6,Low,Rain,Suburban,Experienced,Yes,38,53,Z5,Z7,No
ORD-5364,17:02,Wednesday,5,530,24,High,7,2,6.2,Low,Clear,Urban,Moderate,No,49,46,Z3,Z5,No
ORD-5365,12:12,Thursday,5,1519,20,Low,3,5,3.0,Moderate,Clear,Dense Urban,Moderate,Yes,42,44,Z3,Z5,No
ORD-5366,17:36,Wednesday,3,319,11,Moderate,5,2,6.0,Low,Clear,Suburban,Experienced,No,37,48,Z1,Z8,Yes
ORD-5367,13:45,Friday,2,257,13,Very High,2,3,2.0,Moderate,Clear,Urban,Experienced,Yes,26,52,Z4,Z5,No
ORD-5368,12:18,Thursday,4,855,5,Low,4,5,2.0,Heavy,Clear,Dense Urban,Moderate,Yes,26,34,Z1,Z1,No
ORD-5369,22:25,Tuesday,2,308,6,Moderate,4,5,2.9,Moderate,Clear,Urban,Moderate,Yes,26,38,Z4,Z2,No
ORD-5370,19:41,Saturday,4,948,12,Moderate,5,4,5.0,Heavy,Clear,Urban,Moderate,Yes,41,46,Z4,Z4,No
ORD-5371,14:36,Thursday,4,739,22,High,1,3,3.5,Low,Clear,Urban,Moderate,No,37,38,Z4,Z5,No
ORD-5372,12:09,Wednesday,2,275,17,High,3,10,3.5,Moderate,Fog,Dense Urban,Moderate,Yes,47,35,Z1,Z3,No
ORD-5373,20:16,Friday,2,342,12,High,7,4,2.7,Low,Fog,Urban,New,Yes,34,45,Z7,Z3,No
ORD-5374,13:30,Saturday,5,547,30,Very High,5,2,2.2,Moderate,Hot,Dense Urban,Experienced,Yes,50,33,Z3,Z5,No
ORD-5375,13:45,Friday,1,178,8,Moderate,2,3,5.0,Severe,Clear,Urban,Moderate,Yes,38,42,Z5,Z6,No
ORD-5376,18:30,Friday,3,381,8,Low,2,5,1.5,Heavy,Fog,Urban,New,No,25,30,Z3,Z4,No
ORD-5377,20:17,Tuesday,2,459,8,Moderate,5,10,1.8,Moderate,Clear,Urban,Moderate,Yes,31,32,Z2,Z3,No
ORD-5378,19:42,Friday,2,347,10,Moderate,12,4,4.1,Moderate,Clear,Suburban,Moderate,Yes,39,44,Z8,Z5,No
ORD-5379,14:30,Tuesday,3,628,31,High,2,2,2.4,Low,Clear,Dense Urban,Experienced,No,46,30,Z7,Z5,No
ORD-5380,20:26,Sunday,2,247,11,Moderate,24,3,3.3,Heavy,Clear,Urban,Experienced,Yes,50,38,Z6,Z8,No
ORD-5381,20:16,Friday,2,709,15,High,13,9,2.2,Heavy,Clear,Dense Urban,Moderate,Yes,51,29,Z3,Z7,No
ORD-5382,21:43,Tuesday,3,557,13,High,3,4,0.9,Low,Clear,Urban,New,Yes,26,32,Z1,Z5,No
ORD-5383,14:42,Sunday,3,1002,27,High,2,2,3.5,Moderate,Rain,Urban,Moderate,No,45,34,Z5,Z6,No
ORD-5384,14:06,Tuesday,2,641,9,Low,2,3,1.4,Severe,Clear,Urban,Moderate,Yes,25,34,Z4,Z4,No
ORD-5385,22:59,Friday,2,380,16,Low,3,2,3.0,Low,Hot,Urban,Moderate,No,34,28,Z3,Z5,Yes
ORD-5386,11:40,Friday,2,623,12,High,3,5,1.3,Moderate,Clear,Dense Urban,New,No,31,32,Z4,Z5,No
ORD-5387,13:41,Monday,3,665,11,Moderate,1,3,4.0,Moderate,Rain,Dense Urban,New,Yes,39,43,Z3,Z6,No
ORD-5388,12:59,Saturday,1,196,8,Moderate,2,2,2.4,Heavy,Clear,Urban,Moderate,Yes,24,30,Z2,Z7,No
ORD-5389,14:55,Saturday,5,471,14,Low,4,4,1.6,Moderate,Rain,Urban,Moderate,No,30,30,Z6,Z5,No
ORD-5390,12:41,Sunday,2,293,11,High,1,6,3.2,Severe,Clear,Suburban,Experienced,Yes,33,60,Z6,Z7,No
ORD-5391,11:56,Saturday,2,373,10,Moderate,5,3,3.5,Severe,Rain,Dense Urban,Moderate,No,49,41,Z2,Z2,No
ORD-5392,13:26,Friday,3,510,20,High,6,3,6.2,Low,Clear,Suburban,Experienced,Yes,43,46,Z5,Z5,No
ORD-5393,11:14,Wednesday,2,432,12,Low,5,8,6.5,Moderate,Clear,Urban,Moderate,No,44,46,Z1,Z4,No
ORD-5394,16:42,Tuesday,1,218,8,Low,3,8,1.4,Low,Clear,Dense Urban,Moderate,No,28,20,Z6,Z7,No
ORD-5395,22:47,Saturday,3,762,11,High,3,8,4.6,Moderate,Clear,Urban,Moderate,No,38,43,Z7,Z1,No
ORD-5396,15:02,Sunday,2,300,19,Very High,11,9,12.6,Moderate,Clear,Suburban,New,No,79,87,Z4,Z7,No
ORD-5397,22:45,Saturday,3,507,13,Low,4,12,1.6,Low,Clear,Suburban,Experienced,No,36,43,Z7,Z8,No
ORD-5398,13:11,Thursday,1,223,12,Very High,1,1,2.0,Moderate,Clear,Urban,Experienced,Yes,22,29,Z3,Z5,No
ORD-5399,16:04,Wednesday,1,222,10,Moderate,2,4,2.0,Moderate,Clear,Dense Urban,Moderate,No,27,29,Z4,Z3,No
ORD-5400,13:23,Wednesday,5,1132,12,Moderate,6,3,2.6,Severe,Clear,Dense Urban,Moderate,Yes,39,38,Z8,Z3,No
ORD-5401,22:25,Monday,3,630,11,Moderate,3,2,2.6,Heavy,Clear,Dense Urban,Moderate,Yes,32,35,Z3,Z3,No
ORD-5402,13:56,Monday,3,543,7,Moderate,3,12,1.9,Moderate,Clear,Dense Urban,Moderate,Yes,34,29,Z1,Z7,No
ORD-5403,12:53,Sunday,6,1159,20,High,9,12,2.6,Moderate,Clear,Suburban,Experienced,Yes,50,64,Z6,Z7,No
ORD-5404,20:22,Wednesday,3,410,21,Very High,9,4,2.2,Severe,Clear,Urban,New,Yes,49,51,Z4,Z2,No
ORD-5405,19:05,Tuesday,1,176,14,High,1,7,0.7,Heavy,Clear,Urban,Experienced,Yes,31,28,Z5,Z2,Yes
ORD-5406,17:55,Saturday,4,830,10,Low,2,1,5.5,Moderate,Clear,Urban,Moderate,No,35,56,Z5,Z1,Yes
ORD-5407,21:14,Sunday,4,447,20,Very High,7,1,2.0,Heavy,Clear,Dense Urban,Experienced,Yes,41,38,Z4,Z6,No
ORD-5408,22:38,Friday,3,945,8,Low,5,2,3.0,Moderate,Clear,Urban,Moderate,No,36,31,Z6,Z2,No
ORD-5409,12:31,Friday,2,342,16,High,2,5,2.9,Heavy,Clear,Dense Urban,Moderate,Yes,39,37,Z2,Z1,No
ORD-5410,13:09,Friday,3,517,13,High,11,8,3.1,Low,Cold,Dense Urban,New,Yes,46,36,Z6,Z4,No
ORD-5411,21:30,Sunday,5,1260,14,High,4,10,4.6,Moderate,Clear,Suburban,Moderate,Yes,42,50,Z3,Z3,No
ORD-5412,18:53,Friday,1,323,8,Low,2,4,5.1,Moderate,Fog,Suburban,Moderate,No,32,57,Z6,Z4,No
ORD-5413,13:03,Friday,3,555,13,High,8,2,2.0,Heavy,Clear,Dense Urban,Moderate,Yes,35,36,Z7,Z8,No
ORD-5414,12:41,Friday,3,798,30,Very High,17,2,8.1,Heavy,Clear,Suburban,Experienced,Yes,81,56,Z6,Z5,Yes
ORD-5415,20:05,Sunday,5,1124,35,Very High,3,4,4.3,Severe,Clear,Urban,New,Yes,66,44,Z4,Z1,No
ORD-5416,19:34,Saturday,5,520,21,Moderate,8,6,1.8,Moderate,Clear,Dense Urban,Moderate,Yes,46,32,Z6,Z3,No
ORD-5417,13:38,Sunday,3,639,20,High,11,4,2.9,Moderate,Clear,Dense Urban,New,Yes,50,39,Z3,Z7,No
ORD-5418,11:58,Monday,1,194,7,Moderate,4,2,1.1,Moderate,Hot,Urban,Experienced,No,20,21,Z6,Z4,No
ORD-5419,12:52,Friday,2,360,19,Very High,5,6,4.8,Moderate,Hot,Urban,New,Yes,48,40,Z4,Z1,No
ORD-5420,13:57,Thursday,1,161,17,Very High,6,5,5.2,Low,Rain,Urban,New,Yes,51,42,Z8,Z1,Yes
ORD-5421,19:59,Wednesday,4,389,24,High,5,5,2.2,Moderate,Clear,Urban,Experienced,Yes,44,34,Z5,Z5,No
ORD-5422,13:17,Sunday,2,374,46,Very High,5,1,2.6,Heavy,Hot,Dense Urban,Experienced,Yes,67,39,Z2,Z1,No
ORD-5423,20:06,Saturday,3,804,17,Very High,1,5,4.1,Moderate,Hot,Urban,Experienced,Yes,58,47,Z2,Z1,No
ORD-5424,13:44,Sunday,3,600,21,Very High,6,9,3.8,Severe,Clear,Suburban,Moderate,Yes,56,40,Z5,Z4,No
ORD-5425,13:00,Wednesday,4,695,16,Moderate,8,2,3.3,Moderate,Rain,Urban,Moderate,Yes,41,42,Z7,Z2,No
ORD-5426,13:03,Monday,3,605,20,Moderate,7,2,2.3,Heavy,Rain,Dense Urban,Moderate,Yes,46,39,Z6,Z1,No
ORD-5427,12:19,Wednesday,1,145,11,High,1,2,2.3,Severe,Clear,Suburban,Experienced,Yes,26,39,Z3,Z6,No
ORD-5428,22:27,Tuesday,3,512,10,Moderate,2,2,2.8,Moderate,Clear,Urban,New,Yes,32,37,Z3,Z6,Yes
ORD-5429,12:14,Wednesday,4,776,22,High,5,5,8.9,Low,Clear,Urban,New,Yes,57,63,Z5,Z5,Yes
ORD-5430,16:23,Friday,4,1131,15,Moderate,5,4,4.4,Low,Clear,Suburban,New,No,37,46,Z5,Z7,No
ORD-5431,18:07,Tuesday,3,493,11,Low,3,2,1.7,Heavy,Rain,Dense Urban,Experienced,No,30,26,Z1,Z8,No
ORD-5432,12:58,Friday,5,1144,18,Low,3,2,3.8,Moderate,Rain,Dense Urban,Moderate,Yes,45,43,Z8,Z6,No
ORD-5433,20:35,Sunday,4,791,14,High,5,2,1.2,Severe,Rain,Dense Urban,Experienced,Yes,50,31,Z1,Z3,No
ORD-5434,09:41,Thursday,3,845,8,Low,2,2,2.3,Moderate,Clear,Urban,Moderate,No,24,32,Z6,Z5,No
ORD-5435,13:17,Thursday,3,357,26,Moderate,3,3,1.8,Severe,Clear,Dense Urban,Moderate,Yes,47,34,Z6,Z4,No
ORD-5436,21:33,Monday,2,506,15,Moderate,1,8,2.5,Heavy,Clear,Dense Urban,Moderate,Yes,43,39,Z8,Z4,Yes
ORD-5437,22:12,Wednesday,3,670,14,High,5,3,3.4,Low,Cold,Urban,Moderate,Yes,34,40,Z3,Z7,No
ORD-5438,19:42,Friday,1,146,8,High,2,5,3.9,Moderate,Hot,Suburban,Experienced,Yes,31,39,Z4,Z5,Yes
ORD-5439,12:28,Thursday,2,233,8,Moderate,4,2,0.7,Low,Clear,Suburban,New,Yes,20,26,Z4,Z8,No
ORD-5440,14:21,Friday,2,350,13,Low,7,3,1.2,Heavy,Rain,Dense Urban,Moderate,Yes,35,26,Z3,Z4,No
ORD-5441,20:27,Wednesday,2,264,8,High,1,5,5.4,Heavy,Clear,Urban,Moderate,Yes,35,44,Z2,Z6,No
ORD-5442,12:47,Sunday,2,562,7,Moderate,9,5,4.2,Heavy,Fog,Suburban,New,Yes,42,45,Z2,Z1,No
ORD-5443,19:33,Sunday,4,745,22,High,3,1,1.3,Heavy,Fog,Suburban,Moderate,Yes,34,36,Z6,Z5,No
ORD-5444,14:29,Saturday,4,999,25,Very High,6,6,3.1,Moderate,Rain,Urban,Experienced,Yes,53,46,Z7,Z4,Yes
ORD-5445,19:16,Saturday,3,581,24,High,3,2,2.9,Severe,Clear,Suburban,Moderate,Yes,45,37,Z8,Z1,No
ORD-5446,21:52,Saturday,1,201,11,High,8,2,1.6,Moderate,Rain,Suburban,Moderate,Yes,30,35,Z6,Z6,No
ORD-5447,20:35,Friday,5,1194,19,High,4,1,3.4,Low,Cold,Suburban,Moderate,Yes,38,45,Z3,Z7,Yes
ORD-5448,19:15,Tuesday,1,107,9,High,1,2,6.7,Severe,Clear,Urban,Experienced,Yes,47,52,Z6,Z7,No
ORD-5449,17:05,Sunday,3,644,12,Moderate,5,6,4.6,Severe,Rain,Urban,Moderate,No,51,45,Z2,Z2,No
ORD-5450,13:43,Thursday,6,1186,17,Low,10,4,1.4,Severe,Cold,Urban,New,Yes,43,38,Z8,Z5,No
ORD-5451,19:47,Monday,4,581,17,Moderate,2,5,1.3,Moderate,Fog,Urban,Moderate,Yes,32,27,Z7,Z2,No
ORD-5452,20:43,Wednesday,1,267,9,Moderate,5,3,0.9,Low,Clear,Dense Urban,Experienced,Yes,25,21,Z8,Z1,No
ORD-5453,20:30,Thursday,3,688,12,Moderate,8,3,0.4,Heavy,Rain,Dense Urban,Experienced,Yes,31,26,Z8,Z8,No
ORD-5454,21:07,Friday,2,436,22,Very High,3,2,2.6,Severe,Clear,Dense Urban,Moderate,Yes,45,34,Z4,Z3,No
ORD-5455,14:49,Saturday,2,453,19,High,5,11,1.9,Heavy,Clear,Suburban,Moderate,No,48,35,Z6,Z4,Yes
ORD-5456,19:31,Thursday,4,454,15,High,4,5,4.2,Low,Clear,Urban,Experienced,Yes,36,46,Z5,Z8,No
ORD-5457,19:59,Sunday,2,358,15,Very High,10,7,5.3,Moderate,Rain,Suburban,New,Yes,52,61,Z4,Z3,No
ORD-5458,14:50,Sunday,5,750,14,Moderate,4,5,1.6,Moderate,Clear,Urban,Experienced,No,31,34,Z1,Z5,No
ORD-5459,18:04,Wednesday,6,1027,14,Moderate,5,2,2.1,Heavy,Cold,Dense Urban,Experienced,No,33,31,Z6,Z5,No
ORD-5460,12:39,Saturday,2,208,30,Very High,4,4,3.2,Heavy,Clear,Dense Urban,Experienced,Yes,55,38,Z4,Z3,No
ORD-5461,13:50,Saturday,2,376,22,Very High,4,5,2.8,Heavy,Clear,Dense Urban,Moderate,Yes,60,34,Z3,Z8,No
ORD-5462,18:37,Wednesday,1,244,5,Low,1,3,1.9,Low,Clear,Suburban,Experienced,No,16,25,Z2,Z5,No
ORD-5463,19:23,Sunday,2,224,21,Very High,11,4,1.8,Low,Clear,Suburban,Experienced,Yes,43,29,Z1,Z5,No
ORD-5464,13:13,Thursday,3,760,14,High,1,2,2.1,Heavy,Clear,Urban,Moderate,Yes,27,40,Z2,Z4,No
ORD-5465,13:04,Friday,4,598,13,Moderate,3,6,5.0,Heavy,Clear,Dense Urban,Experienced,Yes,44,46,Z5,Z1,No
ORD-5466,14:13,Monday,2,182,13,Moderate,9,1,1.9,Severe,Clear,Suburban,New,Yes,34,32,Z5,Z1,No
ORD-5467,11:24,Tuesday,3,391,11,Low,5,2,13.6,Low,Clear,Suburban,Experienced,No,56,68,Z2,Z8,No
ORD-5468,19:33,Friday,4,780,12,Moderate,3,2,5.0,Moderate,Rain,Urban,Moderate,Yes,36,45,Z7,Z2,No
ORD-5469,22:30,Friday,3,816,10,Low,4,3,4.5,Low,Hot,Urban,Experienced,No,30,37,Z4,Z8,No
ORD-5470,12:08,Saturday,7,1490,25,High,5,4,5.3,Moderate,Clear,Suburban,Moderate,Yes,51,68,Z1,Z1,No
ORD-5471,12:24,Sunday,5,455,29,Very High,6,4,1.7,Heavy,Clear,Dense Urban,Moderate,Yes,50,40,Z6,Z1,No
ORD-5472,10:04,Monday,4,612,22,High,1,3,2.6,Moderate,Rain,Urban,Moderate,No,37,35,Z1,Z8,No
ORD-5473,12:42,Monday,1,153,13,Very High,1,5,2.2,Heavy,Clear,Urban,New,Yes,31,30,Z5,Z1,No
ORD-5474,13:29,Wednesday,3,724,19,Very High,2,11,2.3,Moderate,Clear,Urban,Moderate,Yes,41,37,Z5,Z2,No
ORD-5475,21:02,Saturday,3,452,26,Very High,2,3,3.1,Heavy,Clear,Urban,Moderate,Yes,46,41,Z1,Z3,No
ORD-5476,15:34,Thursday,3,370,13,Moderate,3,2,2.5,Moderate,Clear,Dense Urban,Moderate,No,32,34,Z7,Z5,No
ORD-5477,14:29,Tuesday,4,969,19,High,3,8,2.4,Heavy,Clear,Dense Urban,New,Yes,48,40,Z2,Z8,No
ORD-5478,19:15,Monday,6,542,22,High,5,5,4.1,Moderate,Hot,Dense Urban,Moderate,Yes,52,49,Z5,Z5,No
ORD-5479,18:29,Saturday,4,498,16,Low,3,2,3.4,Moderate,Rain,Suburban,New,No,37,34,Z2,Z8,No
ORD-5480,10:59,Thursday,3,567,12,Low,1,6,2.1,Heavy,Hot,Urban,Experienced,No,33,31,Z5,Z5,Yes
ORD-5481,21:44,Friday,1,174,11,High,3,3,2.9,Moderate,Rain,Urban,Moderate,Yes,31,36,Z5,Z1,No
ORD-5482,21:23,Sunday,3,413,8,High,3,2,3.6,Heavy,Clear,Suburban,Moderate,Yes,30,42,Z4,Z5,No
ORD-5483,18:36,Friday,3,862,13,Low,1,5,5.0,Moderate,Clear,Urban,Experienced,No,41,40,Z6,Z4,Yes
ORD-5484,14:32,Tuesday,6,1532,22,High,10,5,1.2,Moderate,Clear,Dense Urban,Experienced,No,46,36,Z4,Z1,No
ORD-5485,12:39,Wednesday,3,661,45,Very High,3,3,4.3,Heavy,Clear,Dense Urban,Moderate,Yes,70,41,Z4,Z3,No
ORD-5486,20:40,Saturday,1,191,9,High,5,2,0.4,Low,Rain,Urban,Experienced,Yes,21,29,Z6,Z2,No
ORD-5487,14:27,Monday,3,351,29,High,8,3,1.0,Moderate,Clear,Urban,Experienced,Yes,46,26,Z3,Z2,No
ORD-5488,20:21,Sunday,3,517,17,Moderate,1,4,8.0,Heavy,Clear,Urban,Experienced,Yes,50,68,Z6,Z3,No
ORD-5489,13:43,Sunday,5,654,22,High,2,13,2.3,Low,Clear,Urban,New,Yes,46,34,Z2,Z8,No
ORD-5490,20:13,Tuesday,1,196,15,Moderate,2,2,1.0,Severe,Clear,Urban,Experienced,Yes,27,30,Z1,Z2,No
ORD-5491,15:07,Sunday,3,631,17,High,2,3,2.2,Moderate,Cold,Urban,Moderate,No,32,30,Z8,Z7,No
ORD-5492,11:59,Friday,3,372,25,High,3,4,3.1,Moderate,Clear,Dense Urban,Moderate,No,46,33,Z8,Z1,No
ORD-5493,18:09,Tuesday,1,178,9,High,3,10,1.9,Severe,Clear,Urban,Moderate,No,50,33,Z7,Z5,No
ORD-5494,14:13,Saturday,2,532,9,Moderate,3,9,0.9,Severe,Clear,Urban,New,Yes,29,27,Z5,Z2,No
ORD-5495,11:48,Saturday,3,513,13,High,1,2,2.4,Heavy,Clear,Suburban,Experienced,No,34,30,Z8,Z8,No
ORD-5496,11:33,Saturday,2,351,17,High,2,4,2.4,Moderate,Clear,Suburban,Moderate,No,34,34,Z6,Z7,No
ORD-5497,23:23,Sunday,5,1309,18,Low,10,4,5.9,Moderate,Clear,Urban,New,No,54,47,Z8,Z5,No
ORD-5498,10:25,Saturday,5,727,11,Moderate,6,3,5.4,Moderate,Rain,Suburban,Moderate,No,36,47,Z1,Z1,No
ORD-5499,13:22,Monday,7,1168,24,Low,1,1,2.3,Heavy,Fog,Dense Urban,Moderate,Yes,42,45,Z3,Z4,No
ORD-5500,19:15,Wednesday,3,422,12,Moderate,9,3,9.7,Moderate,Rain,Suburban,Moderate,Yes,49,66,Z6,Z8,No
ORD-5501,19:51,Friday,3,351,17,High,3,2,3.1,Severe,Rain,Urban,Moderate,Yes,41,60,Z6,Z3,No
ORD-5502,22:49,Thursday,3,841,8,Moderate,3,1,3.3,Low,Clear,Suburban,Moderate,No,21,37,Z3,Z7,No
ORD-5503,20:48,Thursday,3,461,31,Very High,12,2,3.3,Low,Rain,Suburban,Experienced,Yes,58,37,Z3,Z5,Yes
ORD-5504,15:02,Wednesday,10,1656,17,Low,2,1,2.3,Heavy,Clear,Dense Urban,Moderate,No,36,41,Z8,Z8,No
ORD-5505,20:55,Thursday,2,384,20,Very High,3,6,9.2,Moderate,Hot,Suburban,New,Yes,58,59,Z5,Z7,No
ORD-5506,21:51,Monday,3,590,9,Moderate,5,5,4.7,Moderate,Rain,Suburban,New,Yes,40,42,Z3,Z8,No
ORD-5507,13:04,Thursday,3,1258,18,High,7,11,2.1,Heavy,Clear,Dense Urban,New,Yes,50,41,Z7,Z5,No
ORD-5508,13:25,Sunday,1,226,6,Moderate,2,4,1.5,Moderate,Cold,Dense Urban,Moderate,Yes,22,24,Z4,Z2,No
ORD-5509,22:52,Wednesday,3,450,9,Low,4,4,6.3,Moderate,Clear,Urban,Moderate,No,37,42,Z7,Z3,No
ORD-5510,21:26,Saturday,10,851,26,Low,1,2,1.0,Heavy,Clear,Urban,New,Yes,36,36,Z5,Z7,No
ORD-5511,13:18,Monday,2,322,11,Moderate,4,5,4.4,Moderate,Clear,Urban,New,Yes,35,42,Z2,Z2,No
ORD-5512,20:00,Sunday,2,228,20,High,8,2,1.6,Heavy,Hot,Dense Urban,Experienced,Yes,46,36,Z4,Z5,Yes
ORD-5513,13:09,Wednesday,2,496,17,Very High,2,2,1.7,Heavy,Hot,Urban,Experienced,Yes,31,36,Z8,Z3,No
ORD-5514,21:20,Friday,3,511,20,High,1,2,1.6,Moderate,Clear,Dense Urban,New,Yes,35,34,Z7,Z8,No
ORD-5515,14:32,Friday,4,954,13,Low,6,3,4.1,Low,Rain,Urban,Moderate,No,37,35,Z6,Z8,No
ORD-5516,19:39,Saturday,2,388,19,Moderate,7,6,7.8,Severe,Hot,Urban,Experienced,Yes,72,64,Z6,Z3,Yes
ORD-5517,21:45,Thursday,1,192,12,High,6,3,1.6,Severe,Rain,Suburban,New,Yes,36,30,Z6,Z1,Yes
ORD-5518,12:19,Thursday,3,443,20,High,3,4,5.6,Severe,Clear,Dense Urban,Experienced,Yes,77,69,Z6,Z7,No
ORD-5519,14:36,Wednesday,2,357,16,Moderate,1,3,2.7,Heavy,Clear,Urban,Experienced,No,33,33,Z5,Z8,No
ORD-5520,14:59,Thursday,3,357,18,Moderate,2,3,3.3,Low,Clear,Urban,Experienced,No,33,35,Z2,Z4,No
ORD-5521,14:31,Sunday,4,690,17,Moderate,5,3,9.0,Heavy,Rain,Urban,New,No,66,68,Z3,Z2,No
ORD-5522,21:03,Friday,2,551,8,Low,1,1,2.8,Heavy,Fog,Urban,Experienced,Yes,23,37,Z4,Z3,No
ORD-5523,19:16,Friday,1,117,10,Very High,44,2,2.8,Moderate,Clear,Urban,Moderate,Yes,66,35,Z1,Z5,No
ORD-5524,20:57,Sunday,8,1364,44,Very High,4,3,4.3,Low,Clear,Suburban,Moderate,Yes,63,49,Z1,Z5,No
ORD-5525,13:02,Friday,2,285,14,Very High,8,2,1.7,Moderate,Clear,Dense Urban,Moderate,Yes,35,49,Z1,Z5,No
ORD-5526,19:06,Friday,2,315,19,High,11,3,3.4,Moderate,Clear,Urban,New,Yes,46,41,Z7,Z4,No
ORD-5527,22:19,Saturday,2,412,13,Moderate,10,7,4.3,Severe,Hot,Suburban,Moderate,Yes,53,52,Z3,Z4,Yes
ORD-5528,09:59,Wednesday,2,407,9,Moderate,2,4,1.7,Heavy,Clear,Urban,New,No,34,29,Z1,Z1,No
ORD-5529,20:51,Sunday,1,229,14,High,7,4,6.2,Severe,Rain,Suburban,New,Yes,61,71,Z7,Z3,No
ORD-5530,13:43,Friday,3,793,16,Very High,3,7,3.9,Heavy,Cold,Suburban,Experienced,Yes,42,48,Z3,Z2,No
ORD-5531,19:48,Thursday,5,751,19,Moderate,1,2,2.4,Low,Clear,Urban,Moderate,Yes,32,41,Z5,Z7,No
ORD-5532,20:48,Sunday,3,529,19,Moderate,9,2,4.2,Low,Clear,Urban,Experienced,Yes,41,37,Z8,Z3,No
ORD-5533,21:32,Sunday,3,462,19,High,9,2,2.1,Heavy,Clear,Urban,Moderate,Yes,43,41,Z1,Z3,Yes
ORD-5534,11:29,Tuesday,3,405,13,Moderate,8,5,3.2,Heavy,Clear,Dense Urban,Moderate,No,44,55,Z4,Z5,No
ORD-5535,18:08,Friday,3,423,24,High,2,3,2.7,Moderate,Rain,Urban,Moderate,No,42,35,Z7,Z1,No
ORD-5536,19:30,Friday,3,483,12,Low,2,5,1.7,Severe,Rain,Suburban,New,Yes,33,31,Z7,Z2,No
ORD-5537,13:15,Monday,2,608,25,Moderate,3,2,3.6,Heavy,Clear,Urban,Moderate,Yes,46,39,Z8,Z1,No
ORD-5538,20:17,Thursday,2,364,28,Very High,1,6,3.2,Low,Fog,Suburban,New,Yes,47,51,Z4,Z3,No
ORD-5539,20:11,Saturday,2,264,12,Very High,3,3,2.5,Low,Clear,Suburban,Moderate,Yes,25,40,Z7,Z6,No
ORD-5540,10:37,Saturday,2,281,11,Moderate,1,4,3.1,Low,Rain,Suburban,Moderate,No,29,37,Z1,Z6,Yes
ORD-5541,22:04,Sunday,1,374,9,Very High,5,10,4.3,Heavy,Clear,Urban,Moderate,Yes,41,41,Z5,Z4,No
ORD-5542,20:16,Friday,2,299,9,Moderate,5,2,3.4,Severe,Clear,Suburban,Experienced,Yes,32,40,Z6,Z1,No
ORD-5543,18:22,Tuesday,2,476,9,Moderate,1,3,4.5,Severe,Rain,Urban,Experienced,No,43,46,Z5,Z3,No
ORD-5544,19:17,Friday,3,852,8,Low,1,4,1.1,Heavy,Cold,Urban,Moderate,Yes,20,25,Z5,Z3,No
ORD-5545,09:26,Wednesday,3,835,14,Low,1,4,4.7,Heavy,Clear,Suburban,Experienced,No,33,64,Z8,Z3,No
ORD-5546,13:38,Wednesday,2,293,11,Moderate,2,1,4.4,Moderate,Clear,Urban,Moderate,Yes,29,44,Z6,Z1,No
ORD-5547,14:34,Monday,6,1108,29,Very High,3,3,3.9,Low,Hot,Suburban,New,No,47,45,Z3,Z8,No
ORD-5548,11:11,Friday,1,302,14,High,1,1,9.0,Low,Hot,Urban,Experienced,No,51,84,Z6,Z1,No
ORD-5549,20:37,Tuesday,4,310,17,High,6,3,1.5,Heavy,Hot,Dense Urban,Moderate,Yes,37,34,Z1,Z8,No
ORD-5550,21:23,Sunday,5,612,18,High,5,1,3.6,Moderate,Clear,Dense Urban,Experienced,Yes,39,46,Z3,Z1,No
ORD-5551,10:33,Saturday,1,165,7,Moderate,2,4,1.3,Low,Clear,Urban,Experienced,No,23,39,Z7,Z5,Yes
ORD-5552,18:18,Saturday,7,967,21,High,2,6,3.6,Moderate,Clear,Urban,New,No,43,69,Z6,Z1,No
ORD-5553,20:21,Saturday,1,238,15,High,8,1,2.5,Low,Rain,Suburban,Experienced,Yes,33,32,Z6,Z1,No
ORD-5554,21:15,Tuesday,5,731,24,High,4,5,4.1,Moderate,Hot,Dense Urban,Experienced,Yes,55,41,Z6,Z4,Yes
ORD-5555,20:52,Monday,1,175,13,High,3,2,3.6,Severe,Clear,Urban,Experienced,Yes,34,38,Z7,Z5,No
ORD-5556,19:24,Saturday,1,138,28,Very High,2,1,1.3,Heavy,Clear,Urban,New,Yes,44,33,Z4,Z1,Yes
ORD-5557,21:39,Wednesday,6,893,14,Moderate,5,2,2.0,Severe,Clear,Dense Urban,Experienced,Yes,36,43,Z8,Z1,No
ORD-5558,20:12,Friday,4,1055,22,Moderate,1,13,1.0,Heavy,Clear,Urban,New,Yes,44,33,Z7,Z1,No
ORD-5559,14:08,Friday,4,480,12,Very High,3,6,4.5,Low,Clear,Suburban,Experienced,Yes,33,45,Z4,Z2,No
ORD-5560,15:45,Friday,6,1357,26,Moderate,2,5,5.1,Heavy,Clear,Dense Urban,Moderate,No,59,72,Z4,Z4,No
ORD-5561,21:08,Wednesday,3,884,24,Very High,1,13,3.4,Moderate,Clear,Dense Urban,Experienced,Yes,58,38,Z8,Z2,Yes
ORD-5562,11:31,Sunday,2,612,9,Moderate,1,7,3.2,Heavy,Clear,Dense Urban,New,No,39,38,Z2,Z8,No
ORD-5563,23:13,Sunday,2,470,10,Moderate,8,5,2.7,Moderate,Clear,Dense Urban,Experienced,No,36,30,Z3,Z2,No
ORD-5564,20:11,Thursday,9,1915,26,High,2,3,10.7,Severe,Clear,Suburban,Experienced,Yes,68,88,Z5,Z1,No
ORD-5565,18:21,Wednesday,3,331,10,Low,2,2,2.0,Moderate,Clear,Urban,New,No,36,31,Z8,Z7,No
ORD-5566,12:22,Wednesday,3,770,30,Very High,2,5,2.6,Low,Hot,Urban,Experienced,Yes,46,39,Z1,Z6,No
ORD-5567,21:02,Friday,4,486,19,Moderate,9,3,3.8,Moderate,Clear,Urban,Moderate,Yes,44,36,Z7,Z6,No
ORD-5568,14:02,Thursday,2,542,16,High,7,8,7.0,Moderate,Clear,Urban,Experienced,Yes,55,76,Z5,Z2,Yes
ORD-5569,18:32,Sunday,2,440,18,High,9,3,4.8,Moderate,Rain,Urban,Experienced,No,45,44,Z8,Z1,No
ORD-5570,20:33,Wednesday,1,152,8,Moderate,3,3,2.5,Low,Hot,Urban,New,Yes,27,28,Z7,Z2,Yes
ORD-5571,18:55,Sunday,1,188,8,Moderate,1,8,1.4,Severe,Clear,Dense Urban,Moderate,No,31,25,Z1,Z5,No
ORD-5572,20:40,Saturday,3,302,23,Very High,4,4,1.8,Heavy,Clear,Urban,Experienced,Yes,40,33,Z1,Z8,No
ORD-5573,10:07,Wednesday,2,570,9,Moderate,4,3,7.5,Moderate,Cold,Suburban,Moderate,No,38,53,Z7,Z7,No
ORD-5574,22:25,Saturday,3,507,10,Moderate,6,6,6.9,Moderate,Cold,Urban,New,Yes,49,49,Z2,Z2,No
ORD-5575,23:01,Monday,2,400,16,High,1,7,2.3,Moderate,Clear,Urban,Moderate,No,35,44,Z5,Z4,No
ORD-5576,21:08,Sunday,4,779,12,Moderate,2,1,3.8,Low,Clear,Urban,Moderate,Yes,27,45,Z2,Z3,No
ORD-5577,19:28,Friday,1,279,16,High,1,3,2.1,Heavy,Clear,Urban,Experienced,Yes,30,31,Z4,Z2,No
ORD-5578,20:10,Saturday,4,932,13,Moderate,3,4,1.0,Severe,Clear,Dense Urban,Moderate,Yes,31,32,Z3,Z8,No
ORD-5579,21:42,Wednesday,2,270,8,Moderate,3,3,4.0,Heavy,Clear,Suburban,Experienced,Yes,32,45,Z4,Z5,Yes
ORD-5580,14:29,Friday,7,684,37,Very High,5,3,7.5,Low,Cold,Urban,Moderate,Yes,64,55,Z6,Z5,No
ORD-5581,20:51,Tuesday,6,681,21,Very High,1,2,2.9,Heavy,Rain,Urban,Experienced,Yes,37,41,Z5,Z4,No
ORD-5582,22:06,Monday,2,718,15,Moderate,2,2,3.2,Heavy,Hot,Urban,Experienced,Yes,33,57,Z1,Z4,No
ORD-5583,15:36,Tuesday,1,209,13,High,4,6,2.3,Moderate,Hot,Urban,Experienced,No,32,35,Z7,Z6,No
ORD-5584,19:19,Thursday,4,837,13,Moderate,6,3,3.7,Severe,Clear,Urban,Experienced,Yes,39,41,Z5,Z3,No
ORD-5585,16:46,Saturday,5,668,15,Moderate,1,4,3.7,Heavy,Rain,Urban,Experienced,No,41,43,Z3,Z7,No
ORD-5586,14:40,Saturday,4,839,9,Low,4,3,4.1,Heavy,Hot,Urban,Experienced,No,34,43,Z5,Z8,No
ORD-5587,13:10,Tuesday,2,453,19,High,1,2,3.1,Moderate,Clear,Dense Urban,Moderate,Yes,38,37,Z5,Z4,No
ORD-5588,20:48,Saturday,5,942,31,High,3,6,6.8,Moderate,Hot,Suburban,New,Yes,63,56,Z1,Z1,No
ORD-5589,19:42,Thursday,3,384,26,High,4,6,1.8,Moderate,Clear,Suburban,Moderate,Yes,44,30,Z5,Z1,No
ORD-5590,23:04,Wednesday,2,358,11,High,1,4,6.3,Moderate,Clear,Urban,Moderate,No,35,48,Z1,Z8,Yes
ORD-5591,20:36,Monday,2,480,9,Moderate,3,2,4.8,Low,Clear,Urban,New,Yes,30,41,Z3,Z5,Yes
ORD-5592,10:33,Wednesday,3,387,12,Low,1,1,2.5,Low,Cold,Suburban,Experienced,No,23,31,Z7,Z8,No
ORD-5593,11:39,Friday,3,347,10,Moderate,3,7,4.4,Low,Clear,Urban,New,No,35,37,Z7,Z2,No
ORD-5594,20:58,Wednesday,5,1054,21,High,3,6,0.9,Severe,Clear,Dense Urban,Experienced,Yes,41,36,Z2,Z1,No
ORD-5595,19:04,Wednesday,1,249,23,Very High,2,4,2.6,Heavy,Fog,Urban,New,Yes,44,31,Z3,Z3,No
ORD-5596,18:03,Sunday,2,340,18,High,1,5,5.3,Moderate,Clear,Dense Urban,New,No,49,39,Z8,Z5,No
ORD-5597,20:40,Saturday,3,448,12,Moderate,5,2,4.2,Moderate,Cold,Dense Urban,Moderate,Yes,36,42,Z3,Z5,No
ORD-5598,19:50,Wednesday,2,351,11,High,1,8,2.2,Severe,Clear,Urban,Experienced,Yes,31,32,Z3,Z5,No
ORD-5599,19:18,Friday,2,282,15,High,2,3,2.4,Moderate,Clear,Dense Urban,New,Yes,33,39,Z2,Z2,No
ORD-5600,19:40,Thursday,4,658,23,Very High,3,5,4.8,Severe,Fog,Urban,New,Yes,64,49,Z2,Z8,No
ORD-5601,19:45,Tuesday,3,383,13,High,5,7,1.7,Heavy,Clear,Dense Urban,Experienced,Yes,36,38,Z6,Z3,No
ORD-5602,11:10,Saturday,2,254,14,Very High,4,4,1.1,Moderate,Clear,Dense Urban,Moderate,No,49,29,Z3,Z2,No
ORD-5603,09:58,Wednesday,4,760,15,Low,2,4,1.6,Low,Clear,Urban,New,No,29,36,Z7,Z3,No
ORD-5604,20:41,Sunday,4,779,12,Moderate,8,4,5.7,Low,Clear,Suburban,New,Yes,40,48,Z3,Z5,No
ORD-5605,20:44,Monday,2,277,13,Moderate,20,7,6.6,Moderate,Clear,Suburban,Moderate,Yes,61,48,Z7,Z1,No
ORD-5606,17:09,Tuesday,4,1029,12,Moderate,3,2,3.7,Moderate,Rain,Urban,Experienced,No,33,37,Z7,Z6,No
ORD-5607,23:23,Thursday,2,317,10,Low,6,4,9.9,Moderate,Clear,Suburban,New,No,50,54,Z1,Z2,No
ORD-5608,10:50,Saturday,2,605,9,Moderate,2,3,7.9,Heavy,Rain,Urban,Moderate,No,49,72,Z8,Z5,No
ORD-5609,18:40,Tuesday,2,346,10,High,4,4,1.0,Low,Rain,Urban,Experienced,No,24,31,Z1,Z2,No
ORD-5610,11:13,Thursday,4,699,14,Moderate,5,3,2.9,Low,Hot,Urban,Moderate,No,32,53,Z2,Z5,No
ORD-5611,14:12,Thursday,3,498,22,Moderate,5,2,4.2,Heavy,Clear,Dense Urban,Experienced,Yes,50,45,Z6,Z3,Yes
ORD-5612,11:27,Monday,4,416,25,Moderate,2,2,3.6,Low,Hot,Urban,Moderate,No,48,33,Z4,Z5,No
ORD-5613,18:02,Wednesday,5,1838,17,High,5,1,3.0,Moderate,Clear,Urban,Moderate,No,55,38,Z2,Z8,Yes
ORD-5614,12:16,Monday,2,516,9,High,4,10,4.1,Moderate,Clear,Dense Urban,New,Yes,41,38,Z3,Z4,No
ORD-5615,19:26,Tuesday,3,509,27,Moderate,9,4,2.3,Heavy,Clear,Urban,Moderate,Yes,54,36,Z6,Z5,Yes
ORD-5616,11:37,Saturday,5,707,33,Very High,2,9,7.7,Moderate,Clear,Urban,Moderate,No,70,61,Z5,Z7,No
ORD-5617,17:46,Saturday,5,572,13,Low,1,4,2.6,Moderate,Clear,Dense Urban,Moderate,No,31,33,Z8,Z4,No
ORD-5618,20:44,Friday,1,213,14,Very High,1,2,3.3,Heavy,Hot,Urban,Experienced,Yes,32,37,Z5,Z7,No
ORD-5619,21:32,Thursday,1,266,7,Moderate,5,3,1.7,Severe,Rain,Dense Urban,Moderate,Yes,32,47,Z4,Z6,No
ORD-5620,16:14,Thursday,5,758,10,Moderate,5,4,1.7,Low,Rain,Suburban,New,No,27,31,Z3,Z5,No
ORD-5621,12:01,Friday,7,1371,23,High,2,3,7.2,Moderate,Clear,Urban,Moderate,Yes,53,63,Z5,Z4,No
ORD-5622,14:16,Tuesday,6,1104,41,Very High,3,3,4.2,Low,Clear,Suburban,Experienced,Yes,61,49,Z8,Z3,Yes
ORD-5623,22:33,Monday,2,497,20,High,1,2,4.6,Low,Clear,Suburban,Moderate,No,39,41,Z6,Z8,Yes
ORD-5624,13:31,Saturday,3,549,19,Moderate,12,9,1.7,Moderate,Rain,Dense Urban,New,Yes,54,36,Z2,Z8,No
ORD-5625,12:32,Wednesday,4,630,16,Low,6,3,5.0,Moderate,Clear,Dense Urban,Moderate,Yes,45,45,Z7,Z5,No
ORD-5626,15:45,Friday,2,500,9,Low,4,4,1.1,Low,Hot,Urban,Moderate,No,23,23,Z5,Z6,No
ORD-5627,09:58,Friday,5,1222,21,Low,1,2,4.8,Moderate,Fog,Urban,Experienced,No,41,45,Z3,Z4,No
ORD-5628,22:02,Wednesday,3,518,12,Moderate,1,3,0.4,Heavy,Clear,Dense Urban,New,Yes,24,27,Z8,Z1,No
ORD-5629,14:43,Thursday,1,418,15,High,1,5,2.6,Moderate,Clear,Urban,New,No,33,28,Z8,Z8,No
ORD-5630,17:54,Tuesday,2,364,12,High,1,2,3.9,Moderate,Clear,Urban,Experienced,No,29,42,Z5,Z4,Yes
ORD-5631,16:56,Tuesday,3,660,18,Moderate,7,8,6.0,Moderate,Clear,Dense Urban,Experienced,No,55,43,Z2,Z3,No
ORD-5632,20:18,Thursday,3,461,18,High,7,5,3.9,Moderate,Clear,Urban,Experienced,Yes,42,39,Z2,Z2,No
ORD-5633,14:55,Sunday,7,719,21,High,3,6,4.4,Moderate,Clear,Urban,New,No,46,48,Z8,Z6,No
ORD-5634,13:22,Wednesday,1,110,15,High,7,8,6.4,Heavy,Clear,Urban,Moderate,Yes,55,43,Z8,Z3,No
ORD-5635,20:50,Friday,2,417,13,High,5,3,3.7,Heavy,Hot,Suburban,Moderate,Yes,38,43,Z4,Z6,Yes
ORD-5636,19:20,Wednesday,6,841,22,Moderate,1,3,6.8,Severe,Clear,Dense Urban,New,Yes,71,59,Z7,Z1,No
ORD-5637,20:22,Thursday,2,329,29,Very High,4,2,2.4,Moderate,Clear,Urban,Experienced,Yes,44,31,Z5,Z7,No
ORD-5638,15:26,Monday,3,371,9,Low,3,3,4.3,Severe,Rain,Urban,Experienced,No,38,45,Z7,Z7,No
ORD-5639,18:56,Wednesday,6,819,14,Low,4,4,2.7,Severe,Clear,Dense Urban,Moderate,No,44,43,Z5,Z1,No
ORD-5640,19:18,Sunday,2,315,12,Low,4,2,2.3,Severe,Hot,Dense Urban,Experienced,Yes,37,32,Z6,Z8,Yes
ORD-5641,13:04,Saturday,3,611,22,Very High,6,6,0.6,Moderate,Cold,Dense Urban,Experienced,Yes,42,24,Z2,Z5,No
ORD-5642,15:25,Thursday,5,507,18,Moderate,1,4,9.0,Low,Rain,Urban,New,No,61,55,Z3,Z8,No
ORD-5643,20:11,Tuesday,1,372,14,High,1,2,1.1,Moderate,Cold,Dense Urban,Moderate,Yes,30,45,Z1,Z1,Yes
ORD-5644,12:27,Tuesday,3,401,23,High,3,15,4.8,Heavy,Clear,Urban,Experienced,Yes,71,47,Z3,Z1,No
ORD-5645,12:55,Saturday,4,373,19,Moderate,7,1,1.3,Heavy,Rain,Dense Urban,Moderate,Yes,38,54,Z7,Z7,No
ORD-5646,12:57,Wednesday,1,178,8,Moderate,1,2,4.1,Heavy,Rain,Dense Urban,Moderate,Yes,52,43,Z3,Z3,No
ORD-5647,14:22,Wednesday,2,646,11,Very High,6,4,1.9,Low,Clear,Dense Urban,Experienced,Yes,37,27,Z4,Z5,No
ORD-5648,12:06,Tuesday,2,350,24,High,6,3,6.6,Severe,Clear,Suburban,Experienced,Yes,59,63,Z2,Z5,No
ORD-5649,11:07,Saturday,5,1140,17,Low,1,4,1.9,Moderate,Rain,Urban,Experienced,No,46,37,Z4,Z7,No
ORD-5650,13:55,Monday,2,354,15,Very High,4,3,1.2,Severe,Clear,Dense Urban,Moderate,Yes,34,34,Z5,Z3,No
ORD-5651,12:45,Thursday,2,318,11,Moderate,3,2,0.6,Moderate,Clear,Urban,Moderate,Yes,21,32,Z5,Z3,No
ORD-5652,22:18,Wednesday,2,201,11,Moderate,5,6,3.6,Heavy,Clear,Dense Urban,New,Yes,44,44,Z2,Z2,No
ORD-5653,15:50,Thursday,1,188,10,Low,4,3,2.9,Moderate,Rain,Urban,Moderate,No,29,54,Z8,Z4,No
ORD-5654,14:43,Wednesday,2,290,11,High,2,2,3.7,Heavy,Clear,Urban,Moderate,No,31,53,Z6,Z4,No
ORD-5655,17:37,Saturday,3,916,8,Low,5,4,9.1,Low,Rain,Suburban,Moderate,No,44,55,Z1,Z2,No
ORD-5656,11:56,Thursday,3,509,17,Moderate,1,11,5.3,Moderate,Clear,Urban,New,No,46,40,Z7,Z8,No
ORD-5657,21:47,Saturday,5,1128,17,Moderate,11,4,4.4,Moderate,Rain,Urban,Moderate,Yes,49,46,Z6,Z6,No
ORD-5658,21:50,Tuesday,3,871,20,High,1,2,5.4,Heavy,Clear,Urban,Moderate,Yes,46,51,Z2,Z6,No
ORD-5659,12:36,Friday,3,893,23,Very High,2,4,1.6,Moderate,Clear,Dense Urban,Experienced,Yes,39,32,Z2,Z7,No
ORD-5660,12:29,Tuesday,2,303,14,High,4,5,1.9,Heavy,Clear,Dense Urban,Experienced,Yes,35,34,Z2,Z2,No
ORD-5661,21:03,Thursday,6,820,33,High,4,5,7.6,Moderate,Hot,Suburban,Moderate,Yes,63,58,Z6,Z1,No
ORD-5662,20:25,Sunday,4,536,17,High,6,3,1.9,Moderate,Clear,Dense Urban,New,Yes,42,38,Z5,Z8,Yes
ORD-5663,20:45,Monday,2,423,11,Very High,9,4,6.5,Low,Hot,Suburban,Experienced,Yes,40,56,Z7,Z1,No
ORD-5664,21:55,Tuesday,2,429,17,High,1,6,4.2,Heavy,Clear,Urban,New,Yes,58,44,Z6,Z1,No
ORD-5665,21:20,Saturday,3,478,23,High,4,8,5.2,Moderate,Clear,Suburban,New,Yes,56,51,Z7,Z5,No
ORD-5666,19:08,Saturday,5,609,27,High,1,2,7.2,Severe,Rain,Urban,Moderate,Yes,75,81,Z5,Z3,No
ORD-5667,14:19,Tuesday,3,504,11,High,7,4,10.3,Low,Hot,Suburban,Moderate,Yes,42,65,Z1,Z7,No
ORD-5668,12:54,Friday,1,266,17,High,3,1,2.4,Moderate,Rain,Urban,Experienced,Yes,34,34,Z7,Z2,Yes
ORD-5669,14:12,Thursday,3,643,13,Very High,5,6,4.5,Heavy,Clear,Dense Urban,Experienced,Yes,48,48,Z1,Z6,No
ORD-5670,18:56,Wednesday,3,284,10,Low,3,4,8.8,Moderate,Fog,Urban,New,No,49,60,Z7,Z2,No
ORD-5671,20:08,Sunday,1,273,18,Very High,14,4,2.6,Moderate,Rain,Urban,New,Yes,56,34,Z7,Z3,Yes
ORD-5672,13:12,Thursday,3,639,18,High,1,6,1.3,Heavy,Clear,Dense Urban,Experienced,Yes,35,35,Z7,Z7,No
ORD-5673,13:23,Sunday,3,457,21,High,3,2,6.0,Moderate,Clear,Suburban,Experienced,Yes,40,53,Z1,Z1,No
ORD-5674,18:05,Friday,4,769,19,High,3,6,4.6,Low,Cold,Urban,Experienced,No,42,43,Z7,Z2,No
ORD-5675,11:49,Wednesday,1,266,11,Moderate,2,5,2.4,Moderate,Clear,Urban,Experienced,No,31,29,Z8,Z7,Yes
ORD-5676,14:58,Saturday,3,390,11,High,5,10,4.8,Moderate,Clear,Urban,Experienced,No,40,57,Z1,Z3,No
ORD-5677,21:57,Monday,3,799,14,High,7,3,5.2,Heavy,Hot,Dense Urban,Moderate,Yes,55,50,Z7,Z8,No
ORD-5678,15:29,Sunday,2,272,11,Moderate,2,1,2.9,Low,Clear,Dense Urban,Experienced,No,26,35,Z1,Z1,No
ORD-5679,21:17,Monday,3,530,13,Moderate,4,3,7.2,Moderate,Clear,Suburban,Moderate,Yes,40,53,Z5,Z2,No
ORD-5680,19:44,Sunday,5,979,14,Moderate,5,5,3.4,Moderate,Clear,Suburban,Moderate,Yes,37,45,Z6,Z1,No
ORD-5681,18:32,Monday,1,186,6,Moderate,3,11,5.1,Moderate,Hot,Dense Urban,Experienced,No,41,38,Z3,Z5,No
ORD-5682,20:32,Tuesday,4,659,16,Moderate,8,12,2.5,Low,Clear,Suburban,Experienced,Yes,45,40,Z8,Z6,No
ORD-5683,11:33,Wednesday,4,533,13,Moderate,7,2,8.3,Low,Clear,Suburban,Experienced,No,38,53,Z7,Z4,No
ORD-5684,12:54,Sunday,2,154,12,High,7,4,4.7,Moderate,Rain,Dense Urban,Moderate,Yes,46,48,Z5,Z6,No
ORD-5685,11:40,Thursday,1,134,16,High,5,4,2.8,Heavy,Clear,Dense Urban,Experienced,No,39,29,Z8,Z8,No
ORD-5686,22:05,Sunday,7,968,31,Very High,3,3,1.8,Heavy,Clear,Urban,Moderate,Yes,46,41,Z8,Z7,No
ORD-5687,13:36,Wednesday,8,1213,31,High,4,11,3.9,Moderate,Cold,Suburban,Moderate,Yes,59,46,Z2,Z6,No
ORD-5688,16:42,Saturday,2,320,10,Moderate,2,4,2.6,Low,Clear,Dense Urban,Experienced,No,28,26,Z1,Z4,No
ORD-5689,22:33,Friday,3,287,17,High,3,3,5.3,Moderate,Clear,Urban,Moderate,No,42,43,Z7,Z6,No
ORD-5690,14:55,Saturday,1,310,8,High,5,13,11.9,Moderate,Clear,Urban,Moderate,No,57,66,Z4,Z1,No
ORD-5691,23:13,Friday,1,154,16,High,2,4,2.2,Severe,Clear,Dense Urban,Moderate,No,40,37,Z1,Z1,No
ORD-5692,22:32,Saturday,2,214,16,Moderate,2,2,6.6,Heavy,Clear,Urban,Experienced,No,54,48,Z5,Z6,No
ORD-5693,11:52,Tuesday,2,405,10,Moderate,5,4,1.6,Severe,Rain,Suburban,New,No,33,26,Z8,Z8,No
ORD-5694,20:48,Tuesday,4,775,11,Moderate,5,4,1.2,Severe,Clear,Suburban,Moderate,Yes,29,28,Z1,Z4,No
ORD-5695,11:26,Monday,4,836,9,Low,3,7,2.3,Low,Clear,Dense Urban,New,No,32,33,Z5,Z6,No
ORD-5696,22:37,Sunday,4,608,16,Moderate,4,3,4.5,Moderate,Clear,Dense Urban,Experienced,No,39,43,Z6,Z5,No
ORD-5697,13:02,Friday,7,2214,28,Very High,5,8,2.2,Low,Rain,Urban,Moderate,Yes,50,37,Z3,Z6,No
ORD-5698,14:56,Tuesday,4,748,17,High,4,4,3.0,Moderate,Fog,Suburban,Moderate,No,36,40,Z8,Z6,No
ORD-5699,13:26,Thursday,4,1472,16,High,5,8,1.0,Moderate,Hot,Dense Urban,Moderate,Yes,38,42,Z3,Z1,No
ORD-5700,20:21,Saturday,5,664,13,Moderate,8,6,3.0,Heavy,Rain,Urban,Experienced,Yes,45,37,Z6,Z1,No
ORD-5701,12:39,Friday,3,407,11,High,2,3,5.6,Heavy,Hot,Urban,Experienced,Yes,39,52,Z6,Z1,No
ORD-5702,13:20,Saturday,3,796,18,Very High,3,4,1.3,Moderate,Clear,Suburban,New,Yes,37,31,Z5,Z3,Yes
ORD-5703,17:23,Saturday,5,775,13,Moderate,1,8,1.8,Moderate,Cold,Dense Urban,Moderate,No,34,29,Z8,Z8,No
ORD-5704,13:05,Sunday,2,644,14,Very High,3,3,1.0,Moderate,Clear,Dense Urban,Experienced,Yes,29,28,Z1,Z5,No
ORD-5705,21:51,Thursday,4,637,8,Moderate,5,2,4.1,Severe,Clear,Dense Urban,Moderate,Yes,43,55,Z1,Z6,No
ORD-5706,21:21,Tuesday,4,394,13,Low,7,4,2.2,Low,Clear,Dense Urban,Moderate,Yes,36,37,Z2,Z2,No
ORD-5707,20:51,Sunday,2,206,12,Moderate,1,2,8.0,Heavy,Clear,Suburban,Experienced,Yes,42,57,Z6,Z2,No
ORD-5708,21:52,Sunday,2,584,12,Moderate,12,7,11.0,Low,Rain,Suburban,Experienced,Yes,58,65,Z1,Z2,No
ORD-5709,18:40,Wednesday,2,316,14,High,1,2,2.5,Moderate,Hot,Urban,Moderate,No,27,33,Z2,Z5,No
ORD-5710,13:20,Saturday,1,306,14,Very High,2,3,0.8,Low,Clear,Urban,Experienced,Yes,24,55,Z2,Z2,No
ORD-5711,19:56,Friday,1,161,7,High,5,4,3.4,Low,Clear,Urban,New,Yes,28,33,Z6,Z4,No
ORD-5712,12:33,Saturday,3,582,29,Very High,15,6,2.6,Heavy,Rain,Suburban,Moderate,Yes,63,64,Z3,Z6,No
ORD-5713,19:46,Sunday,6,1611,27,High,2,3,3.3,Heavy,Clear,Urban,Experienced,Yes,49,44,Z3,Z1,Yes
ORD-5714,21:26,Thursday,2,400,10,Low,18,5,1.7,Heavy,Clear,Dense Urban,Moderate,Yes,46,26,Z5,Z1,No
ORD-5715,19:48,Saturday,1,162,18,Very High,9,3,1.6,Heavy,Clear,Dense Urban,New,Yes,44,29,Z7,Z5,No
ORD-5716,19:33,Wednesday,2,265,16,High,3,3,3.7,Moderate,Rain,Dense Urban,Moderate,Yes,47,38,Z3,Z1,Yes
ORD-5717,20:15,Saturday,3,672,18,High,1,7,2.5,Heavy,Clear,Urban,Experienced,Yes,50,36,Z5,Z2,No
ORD-5718,14:28,Thursday,2,251,17,Very High,9,3,3.5,Moderate,Clear,Dense Urban,Experienced,Yes,49,42,Z6,Z6,Yes
ORD-5719,12:30,Sunday,5,1328,27,High,6,8,2.9,Low,Rain,Urban,Moderate,Yes,52,38,Z8,Z6,No
ORD-5720,09:48,Monday,2,629,8,Low,1,1,4.1,Moderate,Clear,Urban,Experienced,No,24,38,Z8,Z3,No
ORD-5721,13:12,Wednesday,4,757,11,Moderate,3,3,6.6,Low,Clear,Urban,Experienced,Yes,34,51,Z7,Z8,No
ORD-5722,18:20,Thursday,2,252,9,Moderate,2,3,5.5,Low,Clear,Urban,Moderate,No,30,45,Z6,Z8,No
ORD-5723,12:42,Tuesday,3,423,27,High,1,12,1.1,Heavy,Clear,Dense Urban,New,Yes,50,29,Z4,Z2,No
ORD-5724,18:45,Thursday,2,498,8,Low,1,4,1.2,Heavy,Clear,Urban,Experienced,No,31,24,Z1,Z7,No
ORD-5725,09:03,Wednesday,5,699,29,High,4,2,4.0,Moderate,Clear,Suburban,Experienced,No,48,44,Z5,Z5,No
ORD-5726,18:57,Friday,4,434,14,Low,4,2,0.9,Moderate,Cold,Urban,Experienced,No,26,28,Z6,Z3,No
ORD-5727,21:31,Tuesday,3,377,24,High,8,9,2.6,Low,Rain,Urban,Experienced,Yes,52,52,Z8,Z4,No
ORD-5728,19:39,Tuesday,5,1103,18,Moderate,4,5,2.1,Heavy,Clear,Suburban,Moderate,Yes,38,32,Z8,Z3,No
ORD-5729,11:28,Monday,3,525,10,Low,9,3,5.4,Severe,Clear,Dense Urban,New,No,61,49,Z2,Z4,No
ORD-5730,14:47,Wednesday,3,402,16,Moderate,2,4,3.2,Moderate,Clear,Dense Urban,Moderate,No,36,35,Z7,Z7,No
ORD-5731,13:50,Monday,3,474,19,Very High,3,4,1.6,Heavy,Clear,Urban,Experienced,Yes,36,30,Z8,Z2,No
ORD-5732,21:21,Saturday,1,382,10,Moderate,2,6,9.2,Low,Fog,Suburban,New,Yes,45,56,Z1,Z7,No
ORD-5733,17:00,Friday,2,508,19,High,1,5,4.1,Heavy,Rain,Urban,New,No,51,43,Z5,Z5,Yes
ORD-5734,13:42,Friday,2,341,12,High,3,3,7.3,Moderate,Rain,Urban,New,Yes,50,56,Z5,Z6,Yes
ORD-5735,19:54,Friday,2,409,10,Moderate,2,4,4.3,Low,Clear,Urban,Moderate,Yes,29,40,Z8,Z2,No
ORD-5736,12:01,Saturday,1,198,11,High,3,2,5.4,Heavy,Rain,Dense Urban,Moderate,Yes,49,45,Z3,Z3,No
ORD-5737,14:57,Sunday,4,653,10,Low,2,2,1.1,Low,Clear,Dense Urban,Experienced,No,22,31,Z2,Z1,No
ORD-5738,12:38,Sunday,1,244,8,Moderate,7,1,0.5,Low,Rain,Urban,Moderate,Yes,25,27,Z6,Z8,Yes
ORD-5739,11:07,Sunday,1,250,10,Moderate,4,3,2.8,Low,Hot,Urban,New,No,31,30,Z6,Z2,Yes
ORD-5740,14:01,Tuesday,1,244,6,Low,3,2,2.9,Low,Fog,Urban,Moderate,Yes,22,45,Z6,Z6,No
ORD-5741,11:20,Friday,2,652,10,Low,4,2,1.6,Low,Clear,Urban,Moderate,No,23,31,Z2,Z8,No
ORD-5742,12:11,Saturday,2,656,17,Low,4,6,1.1,Heavy,Clear,Urban,New,Yes,35,28,Z4,Z8,No
ORD-5743,13:01,Saturday,4,820,22,Very High,6,1,1.6,Moderate,Rain,Dense Urban,Experienced,Yes,41,47,Z5,Z8,No
ORD-5744,20:28,Friday,2,551,11,Moderate,7,3,3.4,Moderate,Rain,Urban,Moderate,Yes,40,35,Z1,Z2,Yes
ORD-5745,13:50,Wednesday,2,284,14,High,3,1,2.2,Low,Rain,Urban,Moderate,Yes,28,32,Z6,Z8,No
ORD-5746,21:11,Sunday,3,423,16,Moderate,1,5,6.6,Moderate,Rain,Urban,New,Yes,50,52,Z1,Z7,No
ORD-5747,22:54,Monday,2,283,12,Moderate,14,4,1.8,Moderate,Rain,Urban,Experienced,No,60,30,Z1,Z8,No
ORD-5748,19:49,Monday,6,965,24,Very High,1,2,9.9,Heavy,Clear,Suburban,Moderate,Yes,61,75,Z2,Z2,No
ORD-5749,19:51,Friday,6,1131,24,Moderate,5,5,5.1,Low,Clear,Suburban,Moderate,Yes,49,48,Z2,Z2,Yes
ORD-5750,19:58,Thursday,4,582,18,High,3,4,2.4,Moderate,Fog,Dense Urban,Moderate,Yes,40,41,Z8,Z8,No
ORD-5751,09:40,Saturday,2,379,18,High,5,3,3.8,Moderate,Clear,Urban,New,No,39,37,Z2,Z7,No
ORD-5752,17:33,Monday,3,583,8,Low,3,2,2.5,Heavy,Rain,Urban,Experienced,No,39,34,Z1,Z3,No
ORD-5753,14:20,Sunday,4,1177,26,High,5,7,3.4,Low,Rain,Dense Urban,Moderate,Yes,56,52,Z4,Z8,No
ORD-5754,19:08,Saturday,3,419,30,Very High,2,4,2.3,Severe,Cold,Dense Urban,Experienced,Yes,57,38,Z4,Z7,Yes
ORD-5755,12:10,Saturday,2,363,23,High,14,8,4.8,Severe,Fog,Dense Urban,Experienced,Yes,78,46,Z7,Z8,No
ORD-5756,14:11,Sunday,2,380,14,High,1,2,6.2,Heavy,Clear,Urban,Experienced,Yes,42,54,Z1,Z8,No
ORD-5757,13:18,Thursday,6,1135,21,High,10,2,6.0,Low,Clear,Suburban,Experienced,Yes,51,54,Z7,Z1,Yes
ORD-5758,20:41,Wednesday,4,862,23,Very High,2,9,2.4,Heavy,Clear,Suburban,Experienced,Yes,45,41,Z7,Z3,No
ORD-5759,10:55,Saturday,2,249,12,Moderate,3,3,0.8,Heavy,Clear,Urban,Experienced,No,36,21,Z2,Z1,No
ORD-5760,18:42,Thursday,2,427,14,High,2,6,3.2,Severe,Rain,Urban,Experienced,No,43,36,Z4,Z6,No
ORD-5761,22:12,Monday,4,439,16,Moderate,1,6,5.3,Moderate,Clear,Dense Urban,New,Yes,49,43,Z2,Z1,Yes
ORD-5762,21:16,Friday,1,250,8,High,6,2,7.7,Severe,Clear,Urban,Experienced,Yes,47,55,Z4,Z8,No
ORD-5763,12:55,Saturday,2,402,10,High,3,10,4.2,Moderate,Cold,Suburban,Experienced,Yes,37,43,Z5,Z7,No
ORD-5764,13:50,Thursday,4,599,9,Moderate,3,2,0.7,Heavy,Clear,Suburban,Experienced,Yes,24,31,Z4,Z8,Yes
ORD-5765,17:59,Monday,2,494,10,Low,4,2,3.4,Moderate,Rain,Urban,Experienced,No,32,38,Z1,Z2,No
ORD-5766,15:55,Sunday,4,988,14,Moderate,2,4,2.5,Moderate,Clear,Suburban,Experienced,No,29,33,Z6,Z1,No
ORD-5767,19:43,Sunday,2,349,13,High,3,6,1.6,Severe,Cold,Urban,Moderate,Yes,49,34,Z8,Z4,No
ORD-5768,20:24,Friday,2,361,9,Moderate,8,6,1.0,Moderate,Clear,Urban,Experienced,Yes,29,22,Z1,Z4,No
ORD-5769,11:42,Wednesday,1,155,7,Low,3,2,2.5,Low,Clear,Urban,Moderate,No,21,48,Z3,Z7,No
ORD-5770,13:16,Wednesday,2,336,17,Very High,6,7,3.2,Heavy,Clear,Suburban,Moderate,Yes,48,36,Z1,Z5,Yes
ORD-5771,19:42,Wednesday,3,592,16,Moderate,12,1,3.4,Moderate,Clear,Suburban,Experienced,Yes,43,32,Z8,Z3,Yes
ORD-5772,21:12,Sunday,6,1235,33,Very High,6,3,4.9,Severe,Clear,Suburban,New,Yes,64,49,Z8,Z2,No
ORD-5773,13:40,Tuesday,1,155,15,High,2,4,3.7,Moderate,Rain,Urban,New,Yes,41,49,Z5,Z4,No
ORD-5774,11:14,Wednesday,1,343,13,Moderate,1,2,3.4,Moderate,Clear,Dense Urban,Experienced,No,30,48,Z7,Z2,No
ORD-5775,21:58,Friday,4,654,11,Moderate,3,5,1.9,Severe,Rain,Suburban,Moderate,Yes,31,41,Z6,Z4,No
ORD-5776,21:49,Wednesday,3,324,26,Very High,8,3,3.1,Low,Clear,Suburban,Moderate,Yes,46,41,Z3,Z8,No
ORD-5777,12:49,Sunday,5,521,15,High,10,3,3.6,Heavy,Clear,Dense Urban,Experienced,Yes,52,48,Z1,Z4,Yes
ORD-5778,16:56,Saturday,2,477,17,High,3,12,0.9,Low,Rain,Dense Urban,Experienced,No,40,25,Z6,Z3,No
ORD-5779,13:47,Monday,6,1304,24,High,8,4,5.8,Severe,Rain,Dense Urban,Experienced,Yes,79,59,Z2,Z7,No
ORD-5780,10:11,Friday,3,1008,10,Moderate,5,4,4.0,Low,Hot,Urban,New,No,31,40,Z5,Z3,No
ORD-5781,11:22,Monday,5,1524,10,Low,4,9,3.5,Severe,Clear,Dense Urban,Experienced,No,46,40,Z6,Z3,Yes
ORD-5782,11:54,Sunday,4,1060,16,High,2,3,5.1,Low,Rain,Suburban,Moderate,No,38,45,Z7,Z2,No
ORD-5783,22:04,Sunday,2,288,9,High,4,3,3.9,Low,Clear,Suburban,Moderate,Yes,26,37,Z5,Z3,No
ORD-5784,22:16,Thursday,3,555,12,Moderate,7,3,3.4,Moderate,Rain,Dense Urban,Experienced,Yes,39,39,Z8,Z4,No
ORD-5785,22:22,Monday,4,2463,10,Low,5,2,1.9,Heavy,Clear,Dense Urban,Moderate,Yes,30,31,Z6,Z7,No
ORD-5786,13:03,Saturday,6,1369,22,Moderate,2,6,2.1,Heavy,Cold,Dense Urban,New,Yes,44,36,Z1,Z8,No
ORD-5787,20:47,Sunday,3,361,18,Very High,1,7,2.7,Heavy,Clear,Dense Urban,Experienced,Yes,41,39,Z4,Z4,No
ORD-5788,12:47,Saturday,1,258,11,Very High,5,3,1.1,Heavy,Clear,Suburban,Experienced,Yes,26,25,Z4,Z6,No
ORD-5789,18:19,Tuesday,1,241,12,Low,1,4,0.4,Low,Clear,Urban,Experienced,No,22,20,Z8,Z1,No
ORD-5790,19:01,Friday,2,480,10,Moderate,16,4,7.2,Heavy,Rain,Suburban,Moderate,Yes,66,54,Z5,Z6,No
ORD-5791,14:19,Saturday,1,90,7,Moderate,3,3,7.9,Moderate,Hot,Suburban,Experienced,Yes,35,54,Z1,Z5,No
ORD-5792,22:32,Friday,2,205,12,Very High,3,1,4.1,Moderate,Fog,Dense Urban,Experienced,No,37,37,Z5,Z7,No
ORD-5793,20:30,Saturday,5,1215,34,Very High,7,6,1.7,Moderate,Fog,Dense Urban,Experienced,Yes,58,37,Z6,Z4,No
ORD-5794,20:09,Wednesday,4,544,22,High,7,3,3.6,Moderate,Clear,Dense Urban,Experienced,Yes,48,43,Z7,Z1,No
ORD-5795,11:17,Tuesday,2,734,10,Moderate,4,5,2.4,Low,Hot,Urban,Experienced,No,29,25,Z6,Z8,No
ORD-5796,23:22,Sunday,4,853,9,Low,1,4,4.9,Moderate,Clear,Urban,Experienced,No,29,41,Z6,Z8,No
ORD-5797,13:04,Thursday,2,314,12,High,7,7,1.1,Heavy,Clear,Urban,Experienced,Yes,34,55,Z3,Z7,No
ORD-5798,20:17,Wednesday,4,924,13,High,7,2,2.1,Moderate,Clear,Urban,Moderate,Yes,51,36,Z5,Z1,No
ORD-5799,12:58,Monday,2,353,19,Very High,7,2,2.6,Moderate,Clear,Urban,New,Yes,39,35,Z2,Z1,No
ORD-5800,20:41,Sunday,3,349,18,High,1,2,2.3,Moderate,Clear,Dense Urban,Experienced,Yes,33,33,Z6,Z3,No
ORD-5801,11:58,Tuesday,6,1197,46,Very High,4,1,2.1,Moderate,Clear,Suburban,Moderate,No,74,54,Z4,Z3,No
ORD-5802,21:53,Wednesday,3,602,17,Low,6,2,4.9,Moderate,Clear,Dense Urban,Moderate,Yes,44,55,Z8,Z3,No
ORD-5803,22:02,Tuesday,1,175,11,High,2,4,4.4,Low,Hot,Urban,Moderate,Yes,28,37,Z5,Z4,No
ORD-5804,21:15,Sunday,4,580,20,Very High,6,8,1.5,Heavy,Fog,Urban,Experienced,Yes,44,48,Z3,Z1,No
ORD-5805,19:09,Wednesday,3,1101,15,High,7,5,1.9,Moderate,Clear,Urban,Moderate,Yes,35,30,Z5,Z4,No
ORD-5806,20:31,Friday,3,565,7,Moderate,9,3,6.2,Moderate,Clear,Urban,Experienced,Yes,37,49,Z3,Z3,No
ORD-5807,21:31,Saturday,4,816,16,Low,5,3,4.0,Moderate,Clear,Urban,Moderate,Yes,37,40,Z6,Z7,No
ORD-5808,18:21,Monday,1,176,8,Low,1,5,6.4,Heavy,Rain,Dense Urban,Experienced,No,53,51,Z5,Z7,Yes
ORD-5809,16:32,Friday,5,944,24,High,3,2,8.2,Low,Clear,Suburban,Moderate,No,51,68,Z2,Z8,No
ORD-5810,19:53,Sunday,8,3193,32,High,8,4,4.3,Severe,Clear,Urban,Experienced,Yes,64,57,Z3,Z4,No
ORD-5811,11:52,Sunday,2,445,8,Moderate,3,3,2.1,Heavy,Clear,Urban,Moderate,No,24,33,Z8,Z4,No
ORD-5812,19:45,Sunday,4,862,14,Moderate,5,3,5.3,Heavy,Clear,Urban,Experienced,Yes,42,65,Z7,Z8,No
ORD-5813,20:45,Wednesday,2,323,7,Moderate,15,1,1.5,Moderate,Fog,Urban,Moderate,Yes,31,32,Z7,Z4,No
ORD-5814,17:51,Wednesday,2,350,11,Moderate,5,4,2.9,Moderate,Fog,Urban,Moderate,No,33,28,Z8,Z4,No
ORD-5815,13:30,Monday,4,1116,19,Low,5,2,7.5,Low,Clear,Urban,Moderate,Yes,44,57,Z6,Z2,No
ORD-5816,11:39,Sunday,3,297,15,High,1,7,5.6,Moderate,Clear,Urban,New,No,45,65,Z7,Z8,No
ORD-5817,15:05,Monday,1,127,8,Moderate,6,12,7.3,Severe,Clear,Dense Urban,Moderate,No,65,51,Z5,Z1,No
ORD-5818,22:00,Monday,2,317,18,High,2,4,2.6,Moderate,Clear,Urban,New,Yes,37,38,Z4,Z2,No
ORD-5819,20:45,Tuesday,4,569,10,Low,5,4,0.6,Severe,Hot,Urban,Moderate,Yes,26,30,Z7,Z8,No
ORD-5820,19:55,Wednesday,3,337,10,High,7,4,1.5,Heavy,Rain,Urban,New,Yes,32,36,Z5,Z4,No
ORD-5821,09:56,Saturday,3,643,14,Moderate,1,9,6.2,Low,Cold,Suburban,New,No,44,45,Z4,Z2,No
ORD-5822,19:57,Friday,4,239,17,High,4,2,4.2,Heavy,Clear,Dense Urban,Experienced,Yes,44,49,Z8,Z6,No
ORD-5823,19:42,Friday,2,359,22,Very High,5,5,1.3,Heavy,Clear,Dense Urban,Moderate,Yes,43,32,Z7,Z1,No
ORD-5824,22:26,Monday,3,625,29,Very High,4,1,2.6,Moderate,Clear,Suburban,Moderate,Yes,44,35,Z4,Z8,No
ORD-5825,18:15,Saturday,5,821,15,Moderate,1,2,3.3,Heavy,Hot,Dense Urban,Moderate,No,37,38,Z2,Z4,No
ORD-5826,18:25,Sunday,8,1062,24,High,3,3,3.2,Low,Cold,Suburban,Moderate,No,46,43,Z7,Z7,No
ORD-5827,20:33,Monday,4,783,20,Moderate,3,2,6.0,Moderate,Clear,Urban,Moderate,Yes,44,53,Z7,Z8,No
ORD-5828,14:22,Saturday,1,462,9,High,6,7,2.4,Heavy,Rain,Urban,Experienced,Yes,37,33,Z6,Z8,No
ORD-5829,13:18,Thursday,1,185,17,High,3,4,7.6,Heavy,Clear,Urban,Experienced,Yes,55,63,Z5,Z7,Yes
ORD-5830,13:00,Wednesday,5,973,17,Low,5,5,2.9,Heavy,Clear,Dense Urban,New,Yes,43,39,Z6,Z6,No
ORD-5831,11:06,Saturday,2,313,11,Moderate,1,4,3.2,Low,Clear,Dense Urban,New,No,30,33,Z8,Z2,No
ORD-5832,19:45,Tuesday,2,470,17,Very High,1,4,2.8,Moderate,Clear,Urban,Moderate,Yes,36,39,Z8,Z7,Yes
ORD-5833,13:13,Thursday,2,304,17,High,7,2,4.2,Heavy,Fog,Dense Urban,Moderate,Yes,48,42,Z5,Z7,No
ORD-5834,14:46,Friday,3,657,11,Moderate,6,2,2.5,Moderate,Hot,Urban,Moderate,No,30,55,Z2,Z4,No
ORD-5835,12:45,Thursday,1,122,22,Very High,4,6,1.3,Heavy,Rain,Dense Urban,New,Yes,61,30,Z1,Z5,Yes
ORD-5836,13:04,Thursday,2,192,11,High,2,6,1.5,Severe,Rain,Suburban,Moderate,Yes,33,32,Z5,Z4,No
ORD-5837,19:14,Thursday,2,440,14,High,3,6,3.8,Moderate,Clear,Suburban,Experienced,Yes,36,40,Z7,Z2,No
ORD-5838,14:15,Wednesday,4,771,10,Low,2,2,1.7,Moderate,Fog,Dense Urban,Experienced,Yes,26,31,Z6,Z3,No
ORD-5839,20:45,Sunday,2,287,25,Very High,5,2,5.2,Moderate,Clear,Dense Urban,Experienced,Yes,74,46,Z3,Z8,No
ORD-5840,13:32,Tuesday,3,360,18,Moderate,7,4,5.4,Low,Clear,Suburban,Moderate,Yes,43,48,Z4,Z8,No
ORD-5841,19:01,Saturday,3,591,19,High,7,8,2.8,Heavy,Hot,Dense Urban,Moderate,Yes,51,37,Z5,Z1,No
ORD-5842,13:37,Wednesday,5,634,21,Moderate,6,4,2.9,Moderate,Clear,Suburban,Moderate,Yes,42,42,Z5,Z1,No
ORD-5843,21:38,Monday,4,584,10,High,3,4,2.4,Severe,Hot,Urban,Experienced,Yes,32,43,Z3,Z2,No
ORD-5844,22:53,Saturday,2,824,14,High,4,1,2.8,Low,Clear,Dense Urban,Experienced,No,32,29,Z5,Z4,No
ORD-5845,19:16,Friday,2,308,13,High,4,5,4.6,Moderate,Clear,Urban,New,Yes,42,48,Z2,Z7,No
ORD-5846,13:21,Saturday,5,893,16,High,2,5,2.9,Moderate,Clear,Urban,Experienced,Yes,38,50,Z2,Z1,Yes
ORD-5847,09:14,Thursday,3,390,18,Moderate,4,3,0.9,Low,Fog,Urban,Moderate,No,31,24,Z6,Z7,No
ORD-5848,21:47,Saturday,6,740,18,Moderate,3,4,2.7,Heavy,Hot,Dense Urban,Experienced,Yes,45,38,Z7,Z7,Yes
ORD-5849,21:26,Sunday,2,559,12,Moderate,2,1,0.9,Severe,Clear,Dense Urban,Moderate,Yes,40,25,Z2,Z5,No
ORD-5850,21:08,Thursday,8,1071,15,High,2,4,5.7,Heavy,Clear,Urban,Experienced,Yes,43,54,Z2,Z1,No
ORD-5851,20:47,Sunday,2,410,14,Moderate,18,4,3.3,Moderate,Clear,Suburban,Experienced,Yes,47,37,Z8,Z6,No
ORD-5852,22:04,Sunday,4,1148,29,Very High,3,12,3.1,Moderate,Clear,Urban,Moderate,Yes,54,39,Z5,Z2,No
ORD-5853,18:06,Friday,2,360,12,Moderate,5,2,6.7,Low,Clear,Urban,Experienced,No,49,45,Z5,Z4,No
ORD-5854,12:21,Sunday,3,942,19,High,2,6,3.1,Heavy,Cold,Urban,Experienced,Yes,41,62,Z2,Z3,No
ORD-5855,11:41,Monday,2,319,6,Low,2,2,4.6,Moderate,Rain,Urban,Experienced,No,48,38,Z8,Z4,No
ORD-5856,14:07,Thursday,3,593,11,Low,2,2,2.8,Low,Clear,Urban,Moderate,Yes,24,51,Z2,Z6,No
ORD-5857,20:49,Friday,2,264,22,Very High,2,2,3.6,Severe,Clear,Urban,Experienced,Yes,47,44,Z8,Z7,Yes
ORD-5858,21:58,Tuesday,2,367,22,High,1,2,2.6,Severe,Rain,Suburban,Moderate,Yes,40,66,Z3,Z6,No
ORD-5859,22:00,Monday,2,378,14,High,2,2,5.0,Heavy,Clear,Suburban,Moderate,Yes,40,50,Z1,Z2,No
ORD-5860,12:19,Friday,3,389,28,Very High,9,10,0.4,Heavy,Clear,Urban,Experienced,Yes,52,31,Z7,Z4,No
ORD-5861,13:54,Monday,3,338,8,Moderate,3,4,3.3,Moderate,Fog,Urban,New,Yes,31,38,Z7,Z7,No
ORD-5862,09:11,Sunday,1,226,10,Moderate,1,5,3.9,Low,Hot,Suburban,Experienced,No,29,36,Z4,Z6,No
ORD-5863,13:44,Sunday,2,464,11,Moderate,4,12,4.3,Heavy,Clear,Dense Urban,New,Yes,57,40,Z8,Z2,Yes
ORD-5864,19:03,Monday,2,431,16,Moderate,5,3,4.7,Heavy,Clear,Urban,New,Yes,67,64,Z7,Z3,No
ORD-5865,20:14,Tuesday,3,630,9,Low,3,1,5.6,Heavy,Hot,Urban,Experienced,Yes,37,44,Z3,Z4,No
ORD-5866,12:49,Sunday,2,438,17,High,13,5,8.1,Heavy,Clear,Urban,New,Yes,90,62,Z3,Z1,No
ORD-5867,22:29,Sunday,1,146,10,Moderate,3,4,2.7,Moderate,Rain,Urban,Experienced,Yes,33,34,Z6,Z8,Yes
ORD-5868,14:37,Friday,1,142,9,Moderate,3,2,2.8,Moderate,Clear,Dense Urban,Moderate,No,28,52,Z8,Z2,No
ORD-5869,13:07,Friday,3,685,12,Moderate,4,5,2.6,Moderate,Clear,Suburban,Moderate,Yes,41,39,Z5,Z3,No
ORD-5870,21:25,Saturday,1,132,8,High,1,6,7.5,Moderate,Clear,Dense Urban,New,Yes,45,57,Z1,Z4,No
ORD-5871,20:36,Wednesday,5,545,23,Moderate,3,6,1.2,Low,Clear,Urban,Moderate,Yes,39,34,Z6,Z3,No
ORD-5872,12:52,Saturday,5,587,21,Moderate,6,5,1.6,Moderate,Clear,Dense Urban,New,Yes,43,33,Z6,Z1,No
ORD-5873,14:14,Tuesday,6,1746,24,High,3,6,0.9,Heavy,Clear,Dense Urban,Experienced,Yes,43,36,Z2,Z5,No
ORD-5874,13:39,Thursday,1,223,13,Very High,2,5,5.1,Moderate,Clear,Dense Urban,Moderate,Yes,43,58,Z2,Z3,No
ORD-5875,12:58,Sunday,5,1250,16,High,4,3,7.5,Heavy,Clear,Suburban,Experienced,Yes,50,62,Z8,Z2,No
ORD-5876,17:59,Thursday,2,230,12,Moderate,1,2,1.8,Low,Clear,Urban,Moderate,No,23,26,Z3,Z2,No
ORD-5877,19:44,Friday,1,281,16,Moderate,2,6,2.4,Heavy,Clear,Urban,Moderate,Yes,35,36,Z3,Z7,No
ORD-5878,14:15,Thursday,2,508,12,High,1,3,5.1,Heavy,Fog,Suburban,Moderate,Yes,39,59,Z7,Z4,No
ORD-5879,13:17,Wednesday,1,201,15,Moderate,9,6,4.2,Moderate,Rain,Urban,New,Yes,47,40,Z7,Z3,No
ORD-5880,12:53,Monday,5,425,21,Moderate,1,2,5.2,Severe,Clear,Urban,Experienced,Yes,71,52,Z1,Z5,Yes
ORD-5881,12:52,Saturday,3,333,8,Moderate,4,2,2.5,Low,Clear,Urban,New,Yes,23,29,Z1,Z3,No
ORD-5882,18:33,Sunday,3,905,9,Low,4,4,8.9,Low,Clear,Urban,Experienced,No,35,52,Z7,Z7,No
ORD-5883,22:08,Sunday,4,740,16,Low,8,2,2.2,Moderate,Clear,Suburban,Experienced,Yes,36,32,Z4,Z8,No
ORD-5884,12:19,Thursday,4,559,15,Moderate,2,6,2.4,Heavy,Clear,Urban,New,Yes,40,32,Z2,Z8,Yes
ORD-5885,22:01,Wednesday,1,413,12,High,4,3,3.7,Low,Clear,Suburban,New,Yes,30,41,Z8,Z5,No
ORD-5886,21:26,Saturday,3,589,18,High,3,2,7.3,Low,Clear,Urban,Experienced,Yes,42,71,Z4,Z2,Yes
ORD-5887,12:44,Thursday,5,619,16,Moderate,8,1,3.3,Moderate,Clear,Urban,Experienced,Yes,37,38,Z3,Z5,No
ORD-5888,13:16,Friday,3,454,12,High,12,4,1.5,Low,Clear,Suburban,Moderate,Yes,35,30,Z2,Z3,No
ORD-5889,21:05,Thursday,3,593,20,Moderate,8,3,5.6,Moderate,Clear,Urban,New,Yes,48,41,Z2,Z4,No
ORD-5890,20:58,Saturday,3,719,14,Moderate,2,7,3.2,Heavy,Clear,Dense Urban,Experienced,Yes,39,36,Z4,Z7,No
ORD-5891,22:21,Friday,2,290,25,Very High,15,10,6.1,Moderate,Clear,Suburban,Experienced,Yes,73,48,Z3,Z1,Yes
ORD-5892,12:22,Monday,2,362,19,Very High,2,10,2.5,Moderate,Rain,Suburban,New,Yes,68,41,Z6,Z8,Yes
ORD-5893,23:05,Thursday,2,341,5,Low,3,4,4.1,Moderate,Clear,Suburban,Experienced,No,25,34,Z6,Z3,No
ORD-5894,21:17,Friday,3,610,17,Very High,10,5,1.3,Heavy,Clear,Urban,Experienced,Yes,60,55,Z8,Z5,No
ORD-5895,19:31,Sunday,1,389,14,Very High,4,6,2.6,Heavy,Clear,Urban,Experienced,Yes,37,33,Z4,Z4,No
ORD-5896,14:57,Wednesday,6,1552,17,Low,2,1,4.9,Moderate,Clear,Urban,Experienced,No,49,48,Z7,Z6,No
ORD-5897,12:11,Saturday,4,989,13,High,5,5,5.2,Moderate,Rain,Urban,Moderate,Yes,46,53,Z8,Z6,Yes
ORD-5898,14:16,Wednesday,1,223,6,Low,1,5,1.4,Moderate,Clear,Urban,Moderate,Yes,23,30,Z4,Z2,Yes
ORD-5899,13:57,Thursday,1,276,9,High,6,2,1.4,Moderate,Fog,Dense Urban,Moderate,Yes,28,28,Z8,Z7,No
ORD-5900,20:19,Sunday,4,757,12,Low,6,2,2.5,Heavy,Rain,Urban,New,Yes,36,58,Z2,Z5,No
ORD-5901,19:25,Friday,2,446,9,Moderate,7,2,3.3,Moderate,Clear,Dense Urban,Experienced,Yes,31,33,Z8,Z4,No
ORD-5902,19:43,Wednesday,2,624,21,High,3,2,3.4,Moderate,Clear,Dense Urban,Moderate,Yes,44,36,Z6,Z6,Yes
ORD-5903,13:46,Thursday,2,361,8,High,3,2,3.8,Low,Clear,Urban,Moderate,Yes,24,43,Z1,Z7,No
ORD-5904,19:14,Thursday,3,393,10,Moderate,8,5,4.0,Low,Clear,Urban,Moderate,Yes,36,42,Z8,Z3,No
ORD-5905,19:36,Friday,3,584,25,High,2,3,3.6,Moderate,Rain,Urban,Experienced,Yes,46,40,Z5,Z8,No
ORD-5906,16:58,Sunday,5,543,11,Low,7,3,5.6,Moderate,Hot,Urban,New,No,39,45,Z7,Z8,No
ORD-5907,20:31,Sunday,1,134,14,High,5,3,1.3,Moderate,Clear,Dense Urban,Moderate,Yes,32,34,Z6,Z7,No
ORD-5908,12:03,Tuesday,7,1269,28,Very High,3,8,6.4,Heavy,Rain,Suburban,Moderate,Yes,69,57,Z7,Z7,No
ORD-5909,13:17,Friday,1,253,11,Moderate,7,2,2.2,Low,Hot,Urban,Moderate,Yes,28,29,Z7,Z3,No
ORD-5910,20:24,Sunday,2,556,8,Moderate,2,1,6.7,Moderate,Clear,Urban,Moderate,Yes,30,50,Z3,Z5,No
ORD-5911,23:13,Saturday,4,748,12,Moderate,3,2,5.4,Moderate,Clear,Suburban,Experienced,No,36,45,Z4,Z5,Yes
ORD-5912,12:24,Monday,3,406,19,High,2,4,2.3,Severe,Clear,Dense Urban,Moderate,Yes,51,36,Z8,Z5,No
ORD-5913,19:43,Monday,2,305,18,High,6,2,6.9,Moderate,Hot,Urban,Experienced,Yes,45,51,Z7,Z5,No
ORD-5914,13:45,Friday,1,186,22,Very High,1,3,3.5,Moderate,Fog,Urban,Moderate,Yes,38,40,Z1,Z3,No
ORD-5915,22:03,Sunday,2,394,14,High,3,6,2.5,Moderate,Cold,Urban,Moderate,Yes,34,38,Z8,Z3,No
ORD-5916,12:55,Saturday,2,250,10,Moderate,3,2,2.0,Heavy,Clear,Suburban,Moderate,Yes,40,29,Z6,Z8,No
ORD-5917,13:05,Saturday,1,199,16,High,3,3,2.7,Moderate,Fog,Urban,Experienced,Yes,33,38,Z7,Z4,No
ORD-5918,16:26,Saturday,1,119,11,Moderate,3,1,0.9,Moderate,Clear,Urban,Experienced,No,35,24,Z6,Z4,No
ORD-5919,09:32,Thursday,3,725,23,Very High,1,2,3.5,Moderate,Hot,Suburban,Experienced,No,49,42,Z2,Z4,Yes
ORD-5920,20:59,Thursday,8,1567,24,Moderate,1,6,8.4,Low,Hot,Suburban,Moderate,Yes,52,64,Z7,Z5,No
ORD-5921,13:35,Wednesday,1,207,6,Moderate,7,4,2.4,Severe,Clear,Dense Urban,Moderate,Yes,34,38,Z1,Z3,No
ORD-5922,22:03,Sunday,5,1232,15,Moderate,3,3,5.3,Moderate,Hot,Suburban,Experienced,Yes,38,51,Z2,Z7,No
ORD-5923,22:12,Wednesday,4,1157,17,High,4,7,1.3,Moderate,Cold,Suburban,New,Yes,36,31,Z3,Z2,No
ORD-5924,13:39,Monday,2,419,8,Moderate,1,1,4.5,Heavy,Clear,Dense Urban,Moderate,Yes,30,45,Z8,Z6,No
ORD-5925,21:15,Friday,3,401,16,High,5,6,6.3,Heavy,Clear,Urban,Experienced,Yes,57,53,Z6,Z5,Yes
ORD-5926,12:48,Sunday,4,564,36,Very High,5,10,4.8,Heavy,Clear,Dense Urban,Moderate,Yes,70,62,Z7,Z7,No
ORD-5927,19:31,Friday,2,225,13,Moderate,17,6,5.1,Low,Clear,Suburban,New,Yes,51,43,Z3,Z4,No
ORD-5928,16:06,Friday,4,1155,13,Moderate,4,7,3.4,Low,Clear,Dense Urban,Experienced,No,36,37,Z4,Z2,No
ORD-5929,22:16,Friday,4,521,11,Low,4,4,5.9,Low,Rain,Suburban,Moderate,Yes,53,51,Z8,Z7,No
ORD-5930,20:57,Saturday,2,618,7,Moderate,5,7,1.5,Severe,Clear,Dense Urban,New,Yes,32,32,Z7,Z1,No
ORD-5931,15:51,Tuesday,2,336,9,Moderate,5,5,7.8,Heavy,Clear,Dense Urban,Moderate,No,54,57,Z2,Z2,No
ORD-5932,16:25,Monday,2,405,9,Moderate,7,3,2.5,Low,Clear,Suburban,Moderate,No,28,29,Z6,Z8,No
ORD-5933,15:16,Thursday,1,121,10,Low,2,2,7.2,Low,Clear,Suburban,Moderate,No,37,42,Z5,Z6,Yes
ORD-5934,20:18,Tuesday,4,664,16,Moderate,2,9,2.9,Heavy,Fog,Urban,Moderate,Yes,40,36,Z6,Z8,No
ORD-5935,21:19,Friday,1,178,10,High,3,3,3.4,Low,Clear,Urban,New,Yes,27,40,Z4,Z7,No
ORD-5936,13:18,Saturday,2,280,21,High,2,6,4.2,Severe,Clear,Suburban,Moderate,Yes,47,51,Z1,Z1,No
ORD-5937,13:31,Friday,5,801,16,Moderate,3,4,7.1,Heavy,Clear,Suburban,Experienced,Yes,51,52,Z3,Z4,No
ORD-5938,19:35,Tuesday,7,648,25,Low,3,3,3.3,Moderate,Clear,Urban,Experienced,Yes,41,45,Z7,Z6,No
ORD-5939,10:40,Tuesday,3,801,9,Moderate,8,2,5.9,Moderate,Rain,Dense Urban,Experienced,No,46,50,Z3,Z2,No
ORD-5940,15:49,Wednesday,3,466,11,Low,5,9,1.9,Moderate,Clear,Suburban,New,No,33,47,Z4,Z8,No
ORD-5941,13:50,Sunday,2,317,21,Very High,11,2,4.0,Heavy,Clear,Dense Urban,Moderate,Yes,58,39,Z1,Z6,Yes
ORD-5942,11:35,Saturday,5,1022,14,Moderate,4,2,1.8,Moderate,Rain,Dense Urban,Experienced,No,33,29,Z2,Z8,No
ORD-5943,19:28,Tuesday,6,730,10,Moderate,2,1,2.1,Moderate,Rain,Dense Urban,Moderate,Yes,26,42,Z2,Z7,No
ORD-5944,12:45,Monday,3,646,15,High,1,4,9.8,Moderate,Clear,Dense Urban,New,Yes,65,64,Z3,Z5,Yes
ORD-5945,20:14,Saturday,5,938,19,Moderate,5,8,4.6,Moderate,Clear,Suburban,New,Yes,69,45,Z7,Z6,No
ORD-5946,13:03,Friday,4,1449,9,Moderate,9,2,1.8,Low,Hot,Suburban,Experienced,Yes,35,32,Z4,Z2,No
ORD-5947,13:56,Tuesday,3,804,14,High,2,5,3.8,Low,Clear,Suburban,Experienced,Yes,32,34,Z4,Z6,No
ORD-5948,19:45,Thursday,4,345,18,High,9,3,4.6,Moderate,Fog,Dense Urban,Moderate,Yes,52,42,Z8,Z6,Yes
ORD-5949,14:07,Tuesday,1,258,7,Moderate,1,6,5.1,Low,Clear,Dense Urban,New,Yes,38,37,Z2,Z1,Yes
ORD-5950,11:18,Saturday,4,792,11,Moderate,1,4,3.1,Moderate,Clear,Suburban,Moderate,No,32,39,Z3,Z1,No
ORD-5951,13:48,Saturday,1,103,8,Moderate,14,2,1.4,Heavy,Rain,Suburban,Experienced,Yes,33,29,Z7,Z5,No
ORD-5952,14:36,Sunday,2,486,10,High,4,2,4.0,Low,Clear,Urban,Experienced,No,27,39,Z7,Z8,No
ORD-5953,12:33,Friday,3,479,12,Moderate,8,4,3.7,Moderate,Clear,Dense Urban,Moderate,Yes,41,42,Z6,Z1,No
ORD-5954,19:26,Wednesday,3,444,11,Moderate,5,2,1.9,Heavy,Clear,Dense Urban,Moderate,Yes,30,35,Z1,Z5,No
ORD-5955,20:57,Friday,2,457,10,Moderate,2,7,4.4,Moderate,Clear,Suburban,New,Yes,38,41,Z5,Z5,Yes
ORD-5956,11:43,Saturday,4,517,27,Very High,9,2,1.6,Low,Clear,Dense Urban,Moderate,No,69,32,Z2,Z5,Yes
ORD-5957,12:00,Sunday,7,1508,14,High,3,7,1.2,Low,Clear,Urban,Experienced,Yes,34,60,Z7,Z2,Yes
ORD-5958,19:14,Thursday,1,311,7,Moderate,7,6,5.6,Moderate,Cold,Dense Urban,Experienced,Yes,42,58,Z3,Z3,No
ORD-5959,11:56,Sunday,2,271,11,High,5,3,8.4,Heavy,Rain,Urban,Moderate,No,55,82,Z8,Z4,No
ORD-5960,09:55,Friday,2,541,9,Moderate,4,4,1.4,Severe,Clear,Dense Urban,Experienced,No,29,30,Z7,Z4,No
ORD-5961,14:26,Wednesday,1,172,9,Low,7,5,1.5,Heavy,Clear,Urban,New,Yes,31,26,Z2,Z3,No
ORD-5962,12:30,Saturday,2,324,12,High,6,1,1.2,Heavy,Fog,Urban,Experienced,Yes,27,32,Z7,Z3,No
ORD-5963,19:29,Sunday,3,573,13,Moderate,2,8,3.2,Heavy,Clear,Suburban,Moderate,Yes,41,41,Z7,Z1,Yes
ORD-5964,19:52,Sunday,5,1235,7,Moderate,6,4,1.6,Moderate,Rain,Suburban,Moderate,Yes,47,53,Z2,Z7,No
ORD-5965,20:52,Sunday,9,1697,24,Low,1,4,6.2,Severe,Clear,Dense Urban,Moderate,Yes,74,59,Z6,Z7,No
ORD-5966,12:50,Saturday,4,1100,17,High,4,5,3.2,Heavy,Clear,Urban,Moderate,Yes,54,42,Z1,Z5,No
ORD-5967,14:56,Saturday,3,439,14,Moderate,1,9,2.1,Low,Clear,Dense Urban,Experienced,No,35,34,Z5,Z2,No
ORD-5968,20:11,Wednesday,2,407,25,Very High,9,3,11.1,Moderate,Rain,Suburban,Experienced,Yes,71,71,Z1,Z6,No
ORD-5969,12:59,Friday,3,664,17,High,1,2,3.6,Low,Fog,Suburban,New,Yes,47,42,Z7,Z1,No
ORD-5970,21:17,Friday,3,503,11,Moderate,7,4,1.2,Moderate,Cold,Dense Urban,Experienced,Yes,31,33,Z6,Z3,No
ORD-5971,18:35,Thursday,6,878,11,Moderate,2,3,1.2,Low,Clear,Dense Urban,Moderate,No,25,51,Z6,Z6,No
ORD-5972,12:59,Sunday,3,548,20,Moderate,7,4,2.4,Heavy,Clear,Urban,Moderate,Yes,44,44,Z7,Z7,No
ORD-5973,11:42,Tuesday,3,505,14,Moderate,4,5,6.3,Heavy,Clear,Dense Urban,Moderate,No,53,50,Z1,Z3,Yes
ORD-5974,13:15,Tuesday,4,530,13,High,3,6,4.1,Moderate,Clear,Dense Urban,Moderate,Yes,41,63,Z8,Z2,No
ORD-5975,19:32,Saturday,3,578,21,High,5,1,4.6,Heavy,Rain,Urban,Experienced,Yes,46,46,Z3,Z3,No
ORD-5976,16:22,Monday,1,151,7,Moderate,5,5,3.9,Low,Clear,Dense Urban,New,No,33,33,Z7,Z6,No
ORD-5977,15:33,Friday,2,827,8,Moderate,6,4,2.5,Low,Hot,Dense Urban,Experienced,No,30,26,Z2,Z8,No
ORD-5978,13:08,Tuesday,6,920,24,High,1,5,3.2,Low,Clear,Urban,New,Yes,41,44,Z2,Z4,No
ORD-5979,09:54,Thursday,3,527,8,Low,5,4,1.2,Moderate,Cold,Dense Urban,Moderate,No,27,25,Z4,Z7,No
ORD-5980,20:58,Sunday,3,456,8,Moderate,3,7,1.9,Severe,Clear,Urban,New,Yes,31,37,Z5,Z1,No
ORD-5981,23:23,Thursday,3,467,13,Moderate,3,7,3.4,Moderate,Clear,Urban,New,No,37,37,Z5,Z5,No
ORD-5982,20:38,Wednesday,3,634,24,Very High,3,5,4.0,Moderate,Clear,Urban,New,Yes,74,41,Z2,Z6,Yes
ORD-5983,21:12,Friday,10,2133,36,High,7,1,3.7,Heavy,Rain,Dense Urban,Experienced,Yes,63,53,Z6,Z6,No
ORD-5984,13:09,Thursday,3,468,12,Low,6,4,1.8,Moderate,Clear,Suburban,Moderate,Yes,33,29,Z7,Z3,Yes
ORD-5985,20:22,Thursday,2,415,14,Very High,3,7,0.7,Moderate,Clear,Dense Urban,Moderate,Yes,32,30,Z4,Z1,No
ORD-5986,21:41,Monday,5,1097,18,High,5,3,3.1,Moderate,Clear,Urban,Experienced,Yes,38,37,Z7,Z5,No
ORD-5987,20:28,Saturday,2,392,16,High,2,4,4.3,Low,Hot,Urban,Moderate,Yes,35,45,Z3,Z8,No
ORD-5988,20:22,Tuesday,4,570,12,Low,8,3,2.6,Severe,Clear,Urban,New,Yes,38,36,Z1,Z7,No
ORD-5989,09:50,Saturday,3,802,13,Moderate,1,6,4.4,Moderate,Clear,Urban,New,No,35,36,Z6,Z8,No
ORD-5990,12:44,Thursday,3,921,16,Very High,4,1,2.3,Heavy,Clear,Dense Urban,Moderate,Yes,35,35,Z5,Z7,No
ORD-5991,12:57,Tuesday,3,688,12,High,1,4,2.2,Moderate,Rain,Urban,Experienced,Yes,29,34,Z3,Z6,No
ORD-5992,13:00,Tuesday,5,862,17,Moderate,11,4,0.7,Moderate,Clear,Dense Urban,Moderate,Yes,40,31,Z2,Z7,No
ORD-5993,22:32,Wednesday,2,290,9,Moderate,1,3,2.9,Low,Clear,Urban,Experienced,No,22,33,Z2,Z5,No
ORD-5994,21:12,Monday,1,293,18,Very High,10,12,1.6,Heavy,Clear,Dense Urban,New,Yes,53,35,Z7,Z4,No
ORD-5995,14:47,Saturday,5,730,35,High,4,5,5.1,Low,Cold,Urban,New,No,59,51,Z8,Z1,No
ORD-5996,21:08,Sunday,2,438,16,High,1,4,2.2,Severe,Cold,Urban,Moderate,Yes,34,47,Z5,Z6,No
ORD-5997,13:42,Thursday,4,835,13,Moderate,2,5,5.9,Low,Clear,Suburban,Moderate,Yes,35,46,Z1,Z2,No
ORD-5998,22:32,Thursday,2,223,15,Moderate,1,5,1.8,Moderate,Clear,Dense Urban,Experienced,No,31,26,Z5,Z7,No
ORD-5999,20:12,Thursday,5,480,24,Moderate,11,3,3.2,Moderate,Clear,Urban,Experienced,Yes,51,37,Z2,Z1,No
ORD-6000,18:42,Saturday,4,627,16,Moderate,3,7,2.7,Heavy,Clear,Dense Urban,New,No,43,42,Z1,Z5,No
ORD-6001,20:46,Sunday,3,710,23,High,6,3,3.4,Heavy,Clear,Urban,Moderate,Yes,47,49,Z3,Z7,No
ORD-6002,21:57,Sunday,2,199,12,Moderate,9,5,4.4,Heavy,Rain,Suburban,Moderate,Yes,48,44,Z8,Z3,No
ORD-6003,20:36,Saturday,4,1154,15,High,7,6,5.1,Moderate,Clear,Urban,Experienced,Yes,44,55,Z4,Z4,No
ORD-6004,20:55,Saturday,3,511,29,Very High,3,5,4.1,Moderate,Clear,Urban,New,Yes,52,48,Z7,Z4,No
ORD-6005,21:40,Wednesday,3,419,15,Moderate,12,5,1.9,Low,Clear,Suburban,Moderate,Yes,40,54,Z1,Z6,No
ORD-6006,22:23,Wednesday,4,685,12,High,4,1,1.9,Moderate,Clear,Urban,Moderate,Yes,27,37,Z3,Z4,No
ORD-6007,12:28,Thursday,4,971,19,Very High,3,5,5.7,Heavy,Clear,Urban,Moderate,Yes,51,55,Z7,Z2,No
ORD-6008,22:34,Saturday,1,181,6,Moderate,7,2,0.5,Low,Rain,Dense Urban,Moderate,No,22,20,Z2,Z4,No
ORD-6009,20:50,Sunday,4,628,17,Very High,8,2,4.0,Severe,Clear,Dense Urban,Moderate,Yes,52,47,Z7,Z4,No
ORD-6010,23:06,Friday,5,914,18,Low,1,2,3.7,Heavy,Clear,Dense Urban,Experienced,No,54,39,Z8,Z2,No
ORD-6011,18:45,Tuesday,10,1714,21,High,2,2,6.3,Moderate,Hot,Urban,Experienced,No,43,55,Z6,Z5,No
ORD-6012,21:39,Thursday,2,322,10,Moderate,4,5,1.0,Low,Fog,Suburban,Moderate,Yes,25,31,Z8,Z7,No
ORD-6013,18:41,Sunday,3,574,13,High,7,4,0.6,Low,Rain,Dense Urban,Moderate,No,32,29,Z5,Z7,No
ORD-6014,13:28,Saturday,2,347,14,Moderate,3,5,0.5,Severe,Hot,Dense Urban,Experienced,Yes,31,27,Z5,Z5,No
ORD-6015,11:38,Tuesday,2,415,12,Low,2,2,1.5,Low,Hot,Urban,Experienced,No,23,22,Z8,Z2,No
ORD-6016,21:49,Saturday,1,170,19,Very High,2,8,7.1,Severe,Clear,Dense Urban,Moderate,Yes,76,56,Z8,Z5,Yes
ORD-6017,20:14,Monday,5,824,29,High,12,2,1.4,Heavy,Rain,Dense Urban,New,Yes,60,38,Z1,Z8,Yes
ORD-6018,19:14,Monday,5,994,24,High,6,8,5.6,Moderate,Fog,Dense Urban,Moderate,Yes,64,53,Z5,Z2,No
ORD-6019,12:45,Wednesday,1,195,11,Moderate,4,3,1.5,Heavy,Clear,Dense Urban,Moderate,Yes,28,26,Z6,Z3,No
ORD-6020,23:25,Sunday,1,156,7,Moderate,2,7,1.2,Low,Clear,Suburban,Experienced,No,22,21,Z1,Z6,No
ORD-6021,15:06,Saturday,2,465,12,Moderate,12,3,2.2,Heavy,Cold,Dense Urban,Moderate,No,41,32,Z4,Z3,No
ORD-6022,22:09,Saturday,2,299,15,High,5,2,2.8,Moderate,Rain,Dense Urban,Experienced,Yes,37,39,Z3,Z1,No
ORD-6023,19:19,Monday,3,730,17,High,5,2,4.9,Moderate,Hot,Suburban,Moderate,Yes,39,42,Z3,Z1,No
ORD-6024,09:00,Saturday,5,1058,21,Moderate,1,2,4.4,Low,Clear,Dense Urban,Moderate,No,39,37,Z2,Z7,No
ORD-6025,10:39,Friday,1,324,9,High,3,2,0.7,Moderate,Clear,Dense Urban,Moderate,No,22,20,Z4,Z4,No
ORD-6026,22:56,Saturday,4,589,25,High,4,3,1.6,Moderate,Clear,Dense Urban,Experienced,No,42,36,Z5,Z6,No
ORD-6027,10:42,Tuesday,2,199,14,High,1,5,2.1,Heavy,Hot,Urban,New,No,31,27,Z1,Z5,No
ORD-6028,16:02,Saturday,2,265,8,Low,6,3,3.0,Heavy,Cold,Dense Urban,Moderate,No,36,32,Z8,Z5,No
ORD-6029,12:14,Wednesday,3,457,11,High,8,8,8.2,Moderate,Clear,Suburban,New,Yes,51,52,Z7,Z2,No
ORD-6030,14:04,Tuesday,3,740,22,Very High,3,4,0.8,Moderate,Rain,Suburban,New,Yes,39,30,Z5,Z5,Yes
ORD-6031,21:42,Saturday,2,415,8,Moderate,4,2,5.7,Low,Clear,Suburban,Experienced,Yes,27,45,Z7,Z8,No
ORD-6032,20:51,Monday,1,334,10,High,4,2,1.7,Heavy,Clear,Dense Urban,Experienced,Yes,27,29,Z3,Z5,No
ORD-6033,20:32,Saturday,2,320,13,Moderate,2,3,2.3,Moderate,Clear,Dense Urban,Moderate,Yes,30,33,Z1,Z3,No
ORD-6034,22:29,Sunday,4,929,20,Very High,14,6,3.9,Low,Clear,Suburban,Moderate,Yes,50,46,Z7,Z5,No
ORD-6035,20:43,Wednesday,5,601,21,High,6,5,2.2,Moderate,Fog,Urban,New,Yes,42,39,Z7,Z6,No
ORD-6036,16:54,Friday,1,129,10,High,1,6,5.7,Moderate,Clear,Urban,Experienced,No,38,55,Z6,Z1,No
ORD-6037,13:10,Tuesday,2,348,7,Moderate,5,4,9.4,Low,Clear,Urban,Experienced,Yes,36,59,Z5,Z7,No
ORD-6038,20:19,Saturday,5,1136,19,High,4,2,3.8,Low,Clear,Dense Urban,Moderate,Yes,38,41,Z8,Z4,No
ORD-6039,16:07,Friday,5,1375,19,Moderate,5,3,2.8,Moderate,Rain,Urban,Moderate,No,41,32,Z2,Z6,No
ORD-6040,12:56,Friday,4,885,22,Very High,4,3,4.6,Moderate,Clear,Suburban,Moderate,Yes,48,41,Z2,Z5,No
ORD-6041,13:02,Friday,2,379,7,Low,5,6,2.0,Heavy,Hot,Dense Urban,Moderate,Yes,31,35,Z4,Z5,No
ORD-6042,19:31,Saturday,3,560,15,Very High,2,1,2.8,Low,Rain,Urban,Moderate,Yes,29,38,Z4,Z2,No
ORD-6043,13:13,Thursday,4,546,15,Low,7,2,7.1,Moderate,Rain,Suburban,Moderate,Yes,53,50,Z2,Z5,Yes
ORD-6044,20:20,Wednesday,4,368,15,Moderate,3,4,9.6,Low,Clear,Suburban,Moderate,Yes,48,64,Z3,Z7,No
ORD-6045,14:53,Friday,5,704,16,Low,4,2,1.5,Moderate,Clear,Suburban,Experienced,No,28,34,Z4,Z7,No
ORD-6046,12:11,Tuesday,4,968,15,High,5,7,2.5,Heavy,Clear,Urban,New,Yes,40,42,Z1,Z5,No
ORD-6047,13:36,Saturday,1,194,9,High,11,2,3.3,Moderate,Rain,Suburban,Experienced,Yes,33,38,Z8,Z7,No
ORD-6048,21:11,Tuesday,4,745,21,High,4,2,3.1,Moderate,Clear,Suburban,Moderate,Yes,38,66,Z8,Z6,No
ORD-6049,17:51,Friday,4,821,23,Very High,1,2,10.1,Low,Clear,Urban,Experienced,No,48,62,Z7,Z1,No
ORD-6050,15:58,Sunday,3,539,10,Moderate,1,15,3.0,Severe,Rain,Dense Urban,Moderate,No,51,41,Z1,Z2,No
ORD-6051,13:12,Sunday,1,201,9,Moderate,5,3,5.4,Severe,Clear,Dense Urban,Moderate,Yes,48,43,Z5,Z7,No
ORD-6052,18:58,Sunday,4,583,22,High,2,6,5.5,Severe,Rain,Urban,New,No,67,54,Z3,Z3,No
ORD-6053,19:36,Monday,7,954,14,High,3,3,3.7,Severe,Clear,Urban,Moderate,Yes,37,50,Z1,Z5,No
ORD-6054,13:30,Sunday,1,235,11,High,6,3,1.8,Severe,Clear,Dense Urban,New,Yes,36,28,Z6,Z2,No
ORD-6055,20:57,Friday,1,345,6,Moderate,6,2,7.0,Moderate,Hot,Dense Urban,New,Yes,41,54,Z4,Z2,No
ORD-6056,13:21,Tuesday,3,334,15,High,3,4,4.3,Low,Clear,Urban,New,Yes,36,45,Z7,Z2,No
ORD-6057,12:50,Thursday,4,744,19,High,11,8,2.9,Severe,Clear,Suburban,New,Yes,54,44,Z5,Z6,No
ORD-6058,19:34,Sunday,3,551,12,High,8,3,2.5,Severe,Clear,Dense Urban,Moderate,Yes,51,39,Z6,Z7,No
ORD-6059,13:10,Sunday,3,558,13,High,4,8,2.2,Heavy,Hot,Urban,Moderate,Yes,34,41,Z3,Z4,No
ORD-6060,20:11,Friday,3,574,14,High,1,5,2.5,Heavy,Hot,Suburban,Experienced,Yes,31,34,Z2,Z8,No
ORD-6061,14:25,Saturday,2,335,13,Moderate,3,3,5.0,Moderate,Clear,Urban,Moderate,Yes,43,39,Z7,Z4,Yes
ORD-6062,18:59,Monday,5,1095,17,Low,2,2,2.5,Heavy,Clear,Urban,Moderate,No,32,34,Z8,Z8,No
ORD-6063,21:18,Thursday,2,314,24,Very High,5,2,4.7,Moderate,Clear,Urban,Moderate,Yes,47,48,Z7,Z4,No
ORD-6064,21:19,Monday,10,940,26,High,7,1,3.6,Severe,Rain,Urban,New,Yes,58,50,Z1,Z8,No
ORD-6065,09:24,Tuesday,4,762,10,Moderate,6,4,3.1,Heavy,Clear,Urban,Experienced,No,34,53,Z5,Z1,No
ORD-6066,18:28,Tuesday,3,737,10,Moderate,2,4,6.0,Low,Rain,Urban,New,No,35,64,Z2,Z2,No
ORD-6067,14:11,Monday,4,512,21,High,1,5,5.8,Moderate,Clear,Urban,Experienced,Yes,56,49,Z5,Z4,No
ORD-6068,11:38,Saturday,4,519,13,Moderate,5,6,6.0,Moderate,Rain,Dense Urban,Experienced,No,54,51,Z4,Z2,No
ORD-6069,21:15,Monday,2,328,11,High,3,4,3.2,Severe,Clear,Urban,New,Yes,41,44,Z8,Z6,No
ORD-6070,13:40,Friday,6,1080,17,Low,4,5,5.3,Low,Clear,Suburban,Moderate,Yes,42,50,Z2,Z8,No
ORD-6071,19:53,Tuesday,2,246,20,Very High,6,4,5.1,Moderate,Clear,Suburban,New,Yes,52,54,Z5,Z8,Yes
ORD-6072,21:40,Saturday,1,156,14,High,2,5,4.8,Heavy,Clear,Urban,Moderate,Yes,40,39,Z5,Z6,No
ORD-6073,14:22,Tuesday,2,586,8,Moderate,1,2,3.6,Severe,Rain,Urban,Moderate,Yes,36,37,Z7,Z8,No
ORD-6074,12:11,Tuesday,3,752,25,High,5,7,0.5,Heavy,Rain,Urban,Moderate,Yes,43,30,Z4,Z6,No
ORD-6075,21:42,Friday,6,865,22,High,5,8,6.9,Moderate,Cold,Urban,Moderate,Yes,55,73,Z1,Z4,No
ORD-6076,19:55,Friday,2,267,13,High,4,5,3.8,Low,Clear,Suburban,Moderate,Yes,31,38,Z6,Z7,No
ORD-6077,12:30,Friday,4,468,10,Low,4,4,6.9,Heavy,Rain,Urban,Moderate,Yes,52,53,Z3,Z4,No
ORD-6078,12:29,Saturday,2,613,10,Moderate,12,5,2.2,Heavy,Hot,Dense Urban,Experienced,Yes,55,37,Z3,Z6,No
ORD-6079,19:12,Saturday,3,643,11,Low,4,2,2.2,Heavy,Rain,Dense Urban,Moderate,Yes,31,37,Z2,Z3,No
ORD-6080,13:50,Sunday,3,411,13,Moderate,2,3,6.1,Moderate,Clear,Suburban,Moderate,Yes,35,58,Z4,Z6,No
ORD-6081,13:00,Friday,1,153,15,High,2,15,2.8,Heavy,Clear,Dense Urban,Experienced,Yes,48,33,Z4,Z5,No
ORD-6082,20:15,Monday,3,1176,17,High,41,2,3.0,Heavy,Clear,Dense Urban,Moderate,Yes,96,53,Z5,Z2,No
ORD-6083,21:23,Thursday,1,257,11,High,3,3,1.9,Severe,Clear,Dense Urban,New,Yes,36,32,Z8,Z5,No
ORD-6084,19:59,Wednesday,3,543,13,High,7,4,2.8,Severe,Rain,Dense Urban,New,Yes,50,48,Z8,Z3,No
ORD-6085,23:09,Friday,2,608,8,Low,1,2,4.1,Moderate,Clear,Dense Urban,Experienced,No,27,36,Z1,Z6,No
ORD-6086,21:24,Saturday,8,1893,19,Moderate,3,11,2.2,Severe,Clear,Dense Urban,Moderate,Yes,67,41,Z4,Z7,No
ORD-6087,18:33,Friday,3,360,11,Low,5,3,2.1,Moderate,Clear,Urban,Experienced,No,28,33,Z8,Z3,No
ORD-6088,14:34,Saturday,6,1124,28,High,37,2,2.4,Low,Fog,Dense Urban,New,No,96,34,Z2,Z4,No
ORD-6089,16:02,Monday,8,1336,24,Low,3,2,2.0,Moderate,Cold,Dense Urban,Moderate,No,40,34,Z5,Z1,No
ORD-6090,12:08,Sunday,3,660,23,High,2,5,2.1,Low,Clear,Urban,Experienced,Yes,39,28,Z6,Z5,No
ORD-6091,13:33,Wednesday,1,153,10,High,1,5,1.8,Heavy,Clear,Urban,Moderate,Yes,26,28,Z5,Z8,No
ORD-6092,19:16,Friday,2,323,9,Low,9,7,1.3,Moderate,Clear,Suburban,New,Yes,33,30,Z8,Z4,No
ORD-6093,13:25,Sunday,2,221,14,High,4,2,5.9,Heavy,Rain,Suburban,Moderate,Yes,44,53,Z6,Z2,No
ORD-6094,13:53,Saturday,3,534,10,Moderate,3,2,1.4,Heavy,Clear,Dense Urban,New,Yes,27,35,Z2,Z3,No
ORD-6095,22:10,Saturday,1,126,13,High,1,2,3.6,Moderate,Clear,Urban,Moderate,Yes,40,42,Z5,Z3,No
ORD-6096,21:09,Sunday,5,790,22,High,5,5,2.8,Moderate,Clear,Urban,New,Yes,44,34,Z5,Z5,No
ORD-6097,13:29,Friday,3,520,13,High,18,6,5.0,Moderate,Clear,Suburban,Moderate,Yes,52,47,Z7,Z5,No
ORD-6098,09:04,Thursday,2,704,9,Moderate,8,4,3.8,Heavy,Rain,Dense Urban,Experienced,No,43,34,Z2,Z6,No
ORD-6099,19:56,Friday,3,438,12,Moderate,10,6,4.4,Heavy,Clear,Suburban,Moderate,Yes,45,42,Z3,Z3,No
ORD-6100,22:16,Friday,3,393,25,High,4,8,2.6,Heavy,Clear,Urban,New,Yes,49,33,Z7,Z4,No
ORD-6101,13:42,Thursday,5,1393,15,High,9,2,4.7,Low,Clear,Urban,Moderate,Yes,40,42,Z5,Z5,No
ORD-6102,12:27,Saturday,3,352,30,High,10,5,10.2,Moderate,Clear,Suburban,New,Yes,77,64,Z5,Z1,No
ORD-6103,18:26,Thursday,4,725,26,High,1,6,3.0,Low,Hot,Urban,New,No,44,33,Z6,Z3,No
ORD-6104,13:46,Saturday,2,459,12,High,8,2,4.0,Heavy,Clear,Suburban,Moderate,Yes,39,44,Z1,Z4,No
ORD-6105,14:03,Thursday,1,200,6,Moderate,3,3,4.2,Heavy,Clear,Urban,Moderate,Yes,30,44,Z1,Z4,No
ORD-6106,18:03,Thursday,4,404,17,Low,2,2,1.3,Low,Cold,Urban,Moderate,No,27,26,Z8,Z5,No
ORD-6107,13:40,Sunday,2,411,13,Moderate,6,4,2.8,Severe,Clear,Suburban,Experienced,Yes,38,40,Z1,Z6,No
ORD-6108,20:51,Wednesday,1,211,8,Moderate,1,4,3.5,Moderate,Rain,Urban,Experienced,Yes,29,58,Z2,Z7,No
ORD-6109,20:40,Tuesday,1,133,11,High,8,3,3.8,Moderate,Clear,Urban,Moderate,Yes,35,44,Z2,Z4,No
ORD-6110,14:21,Thursday,5,1420,24,High,6,3,2.2,Moderate,Clear,Dense Urban,Moderate,Yes,45,37,Z5,Z3,No
ORD-6111,21:09,Thursday,3,626,20,Very High,8,6,1.7,Heavy,Hot,Dense Urban,Moderate,Yes,47,34,Z8,Z5,No
ORD-6112,19:05,Wednesday,3,667,21,High,5,3,4.3,Moderate,Cold,Suburban,Experienced,Yes,44,64,Z1,Z3,Yes
ORD-6113,11:44,Wednesday,2,411,18,High,2,10,4.5,Heavy,Clear,Dense Urban,Moderate,No,55,39,Z3,Z5,Yes
ORD-6114,23:09,Friday,2,329,12,High,5,2,3.4,Low,Cold,Dense Urban,Experienced,No,32,32,Z8,Z2,No
ORD-6115,18:50,Saturday,1,356,8,Low,6,4,3.9,Heavy,Hot,Urban,Experienced,No,34,33,Z3,Z6,No
ORD-6116,14:23,Saturday,2,319,17,High,3,2,2.6,Severe,Rain,Dense Urban,Moderate,Yes,43,42,Z2,Z6,No
ORD-6117,12:44,Friday,4,419,10,Low,2,5,3.2,Severe,Clear,Dense Urban,Moderate,Yes,41,38,Z6,Z1,Yes
ORD-6118,21:59,Friday,2,361,23,High,1,2,7.0,Heavy,Clear,Urban,Moderate,Yes,48,53,Z7,Z8,No
ORD-6119,14:42,Friday,1,180,11,Moderate,2,3,3.1,Moderate,Clear,Urban,New,No,29,29,Z2,Z1,No
ORD-6120,12:34,Saturday,3,484,10,High,4,6,2.6,Severe,Rain,Urban,New,Yes,37,37,Z8,Z8,No
ORD-6121,18:54,Saturday,14,2062,52,Very High,2,5,1.1,Low,Clear,Suburban,New,No,65,41,Z1,Z1,No
ORD-6122,15:04,Wednesday,2,255,12,Moderate,2,4,1.9,Moderate,Clear,Urban,Moderate,No,30,28,Z4,Z6,Yes
ORD-6123,11:54,Sunday,6,687,20,Low,2,2,6.5,Low,Clear,Suburban,Moderate,No,40,46,Z3,Z2,No
ORD-6124,13:39,Thursday,4,758,15,Low,1,7,4.1,Moderate,Clear,Urban,Moderate,Yes,37,39,Z3,Z7,No
ORD-6125,12:59,Saturday,2,427,14,Very High,2,2,7.4,Low,Clear,Suburban,Experienced,Yes,39,52,Z3,Z7,No
ORD-6126,21:34,Saturday,3,534,28,High,15,3,0.8,Severe,Clear,Dense Urban,Experienced,Yes,55,30,Z8,Z5,No
ORD-6127,12:56,Saturday,3,278,13,Moderate,3,6,3.4,Heavy,Clear,Urban,Moderate,Yes,37,36,Z6,Z5,No
ORD-6128,12:23,Saturday,1,140,12,High,2,3,4.8,Heavy,Cold,Urban,Moderate,Yes,37,44,Z7,Z1,No
ORD-6129,18:27,Sunday,3,603,10,Moderate,5,3,1.0,Heavy,Clear,Dense Urban,New,No,28,48,Z1,Z5,No
ORD-6130,11:54,Friday,4,548,25,Low,3,8,1.1,Heavy,Clear,Urban,Experienced,No,43,25,Z1,Z7,No
ORD-6131,13:44,Sunday,2,330,16,Moderate,5,4,2.5,Moderate,Clear,Urban,Moderate,Yes,34,37,Z4,Z3,No
ORD-6132,12:53,Friday,3,683,18,High,1,12,0.5,Moderate,Clear,Dense Urban,Moderate,Yes,38,29,Z6,Z1,No
ORD-6133,14:07,Wednesday,5,957,21,High,3,2,1.1,Moderate,Rain,Urban,Experienced,Yes,33,30,Z8,Z2,No
ORD-6134,12:46,Sunday,4,333,23,Moderate,5,2,5.4,Moderate,Clear,Urban,Experienced,Yes,45,50,Z2,Z3,No
ORD-6135,20:29,Sunday,3,379,14,Moderate,4,3,2.5,Heavy,Clear,Suburban,Moderate,Yes,32,40,Z2,Z2,No
ORD-6136,21:47,Monday,2,301,12,High,14,14,8.4,Moderate,Clear,Suburban,Moderate,Yes,68,62,Z6,Z2,Yes
ORD-6137,17:19,Sunday,2,492,9,Moderate,4,6,5.0,Severe,Hot,Dense Urban,New,No,55,56,Z8,Z3,No
ORD-6138,21:38,Wednesday,3,368,13,Low,4,1,4.0,Severe,Cold,Urban,Moderate,Yes,39,40,Z6,Z7,No
ORD-6139,09:58,Wednesday,4,577,20,Moderate,2,8,6.3,Heavy,Clear,Suburban,Experienced,No,51,53,Z4,Z2,No
ORD-6140,18:41,Monday,1,297,13,Moderate,1,4,0.9,Low,Clear,Dense Urban,Moderate,No,26,38,Z2,Z1,No
ORD-6141,21:35,Sunday,3,428,13,Moderate,7,1,5.6,Moderate,Clear,Urban,Moderate,Yes,37,42,Z3,Z4,No
ORD-6142,13:58,Thursday,6,1579,20,High,2,3,2.5,Moderate,Clear,Urban,Moderate,Yes,36,39,Z6,Z8,No
ORD-6143,20:22,Wednesday,3,805,10,Moderate,4,7,3.1,Low,Clear,Urban,Moderate,Yes,30,37,Z7,Z4,No
ORD-6144,09:45,Wednesday,2,380,9,Moderate,2,2,3.5,Moderate,Fog,Dense Urban,Moderate,No,31,32,Z6,Z5,No
ORD-6145,18:14,Sunday,4,417,27,Very High,10,2,3.0,Moderate,Rain,Urban,Experienced,No,52,39,Z4,Z5,No
ORD-6146,23:09,Tuesday,3,412,9,Moderate,3,1,1.6,Low,Clear,Urban,Experienced,No,20,28,Z6,Z8,No
ORD-6147,15:28,Saturday,3,504,10,Moderate,1,3,1.5,Moderate,Clear,Urban,New,No,43,32,Z4,Z8,No
ORD-6148,12:21,Friday,2,273,10,Moderate,2,2,5.2,Low,Clear,Urban,Moderate,Yes,27,39,Z2,Z6,No
ORD-6149,23:13,Thursday,2,392,10,Moderate,2,8,3.2,Low,Rain,Suburban,Moderate,No,32,41,Z8,Z3,No
ORD-6150,12:07,Tuesday,3,966,14,Moderate,6,6,2.2,Moderate,Clear,Urban,New,Yes,45,32,Z3,Z5,No
ORD-6151,21:46,Wednesday,4,591,26,Very High,7,5,5.3,Moderate,Hot,Urban,New,Yes,63,46,Z5,Z3,Yes
ORD-6152,21:53,Friday,2,383,17,Moderate,8,2,6.3,Low,Rain,Urban,Experienced,Yes,47,49,Z5,Z1,No
ORD-6153,16:22,Thursday,8,1525,18,Low,6,3,0.5,Low,Rain,Dense Urban,Experienced,No,34,31,Z5,Z4,No
ORD-6154,11:57,Sunday,8,2087,22,Low,1,2,2.0,Low,Clear,Suburban,Experienced,No,33,35,Z8,Z4,No
ORD-6155,19:56,Tuesday,1,273,9,Moderate,8,3,2.2,Moderate,Clear,Suburban,New,Yes,29,33,Z4,Z8,No
ORD-6156,20:23,Wednesday,4,1161,19,High,4,1,2.1,Heavy,Clear,Urban,New,Yes,35,42,Z4,Z8,No
ORD-6157,13:01,Thursday,1,181,12,High,3,6,3.0,Moderate,Clear,Urban,Experienced,Yes,33,33,Z2,Z3,No
ORD-6158,20:53,Thursday,2,266,12,High,4,4,4.2,Severe,Clear,Urban,Moderate,Yes,44,43,Z8,Z5,No
ORD-6159,20:18,Sunday,1,212,6,Moderate,8,3,3.6,Low,Clear,Suburban,Moderate,Yes,27,31,Z4,Z6,No
ORD-6160,12:27,Tuesday,3,787,13,Moderate,8,3,2.8,Severe,Clear,Suburban,Moderate,Yes,40,35,Z3,Z3,No
ORD-6161,21:31,Monday,1,185,23,Very High,8,4,2.8,Moderate,Hot,Suburban,Moderate,Yes,45,32,Z3,Z6,No
ORD-6162,12:18,Friday,6,1086,35,Very High,4,2,5.8,Heavy,Fog,Urban,Experienced,Yes,67,56,Z6,Z1,No
ORD-6163,13:12,Tuesday,3,766,18,Moderate,11,2,4.9,Moderate,Rain,Suburban,Moderate,Yes,60,41,Z1,Z3,Yes
ORD-6164,20:01,Saturday,5,540,15,Moderate,3,6,3.4,Severe,Hot,Urban,Moderate,Yes,42,46,Z5,Z8,No
ORD-6165,12:28,Saturday,1,178,8,High,6,5,3.5,Heavy,Clear,Dense Urban,Moderate,Yes,38,43,Z1,Z7,No
ORD-6166,11:00,Wednesday,1,322,7,Moderate,3,10,2.5,Low,Clear,Urban,New,No,47,32,Z1,Z2,No
ORD-6167,09:51,Saturday,2,339,12,Low,2,3,4.5,Heavy,Fog,Dense Urban,Moderate,No,44,44,Z7,Z1,No
ORD-6168,19:09,Sunday,4,789,18,High,4,4,6.5,Low,Clear,Suburban,New,Yes,42,52,Z3,Z8,No
ORD-6169,12:44,Monday,5,993,25,Moderate,4,3,3.1,Moderate,Cold,Suburban,Experienced,Yes,51,35,Z2,Z5,No
ORD-6170,09:43,Friday,1,244,10,High,2,2,4.5,Low,Clear,Urban,New,No,26,37,Z5,Z7,No
ORD-6171,19:08,Monday,4,788,31,Very High,2,3,1.9,Moderate,Rain,Dense Urban,Moderate,Yes,48,37,Z7,Z2,No
ORD-6172,13:12,Saturday,3,420,13,Moderate,2,7,3.2,Low,Hot,Urban,Moderate,Yes,33,33,Z7,Z5,No
ORD-6173,19:52,Thursday,4,809,13,Moderate,10,3,7.0,Moderate,Clear,Suburban,Experienced,Yes,65,53,Z2,Z8,No
ORD-6174,11:29,Friday,1,213,9,High,1,2,3.4,Low,Cold,Urban,New,No,23,32,Z6,Z6,No
ORD-6175,13:11,Wednesday,4,730,10,Low,4,2,1.8,Moderate,Rain,Dense Urban,Moderate,Yes,28,36,Z6,Z7,No
ORD-6176,10:07,Friday,4,428,21,High,15,4,4.6,Low,Rain,Suburban,New,No,56,45,Z6,Z7,No
ORD-6177,21:17,Monday,2,645,13,Moderate,10,2,4.8,Low,Clear,Urban,New,Yes,40,36,Z3,Z8,No
ORD-6178,18:59,Monday,4,591,24,Moderate,2,3,2.5,Moderate,Hot,Urban,New,No,40,36,Z2,Z5,No
ORD-6179,20:08,Thursday,1,172,5,Low,11,1,1.5,Moderate,Cold,Dense Urban,Experienced,Yes,27,30,Z8,Z3,No
ORD-6180,12:36,Thursday,5,941,22,Moderate,5,4,4.8,Low,Clear,Suburban,Moderate,Yes,45,47,Z2,Z1,No
ORD-6181,19:46,Monday,3,941,13,Moderate,7,5,3.1,Heavy,Clear,Dense Urban,Moderate,Yes,52,38,Z6,Z4,No
ORD-6182,12:06,Thursday,3,379,12,Low,3,3,1.8,Low,Cold,Suburban,Moderate,Yes,29,29,Z4,Z3,Yes
ORD-6183,14:29,Monday,3,344,13,Moderate,14,4,0.4,Heavy,Rain,Dense Urban,New,Yes,39,31,Z8,Z8,No
ORD-6184,14:42,Sunday,2,302,17,High,1,11,1.9,Low,Clear,Urban,New,No,36,47,Z5,Z3,No
ORD-6185,22:14,Thursday,2,433,13,Very High,5,4,2.8,Moderate,Clear,Dense Urban,Moderate,Yes,36,40,Z7,Z8,No
ORD-6186,13:30,Saturday,2,359,21,Very High,4,2,4.8,Heavy,Cold,Suburban,Experienced,Yes,43,46,Z6,Z4,No
ORD-6187,20:17,Tuesday,1,247,12,Moderate,3,5,3.5,Low,Fog,Suburban,Experienced,Yes,30,40,Z2,Z6,No
ORD-6188,12:20,Wednesday,4,437,11,Low,6,2,1.9,Heavy,Rain,Suburban,Experienced,Yes,31,40,Z5,Z6,No
ORD-6189,20:44,Saturday,4,511,25,High,12,9,4.6,Low,Clear,Suburban,New,Yes,59,49,Z7,Z7,No
ORD-6190,19:45,Thursday,5,735,21,Very High,1,2,7.7,Moderate,Clear,Urban,Moderate,Yes,52,57,Z4,Z2,Yes
ORD-6191,14:22,Friday,2,341,10,High,2,9,0.4,Moderate,Clear,Urban,New,Yes,26,27,Z5,Z5,No
ORD-6192,13:23,Sunday,2,260,14,Moderate,8,3,3.7,Severe,Fog,Dense Urban,Experienced,Yes,49,44,Z5,Z7,No
ORD-6193,19:54,Friday,3,656,22,High,3,1,2.1,Moderate,Clear,Urban,Experienced,Yes,35,34,Z4,Z3,No
ORD-6194,20:31,Sunday,2,319,16,Very High,3,8,2.3,Moderate,Cold,Urban,New,Yes,39,32,Z2,Z5,No
ORD-6195,12:49,Wednesday,2,497,11,Moderate,4,2,1.0,Moderate,Cold,Dense Urban,Moderate,Yes,26,23,Z6,Z1,No
ORD-6196,12:40,Friday,4,321,23,Very High,3,2,1.9,Heavy,Clear,Dense Urban,Experienced,Yes,40,33,Z5,Z3,No
ORD-6197,20:15,Tuesday,3,279,11,High,5,2,5.0,Heavy,Rain,Urban,Experienced,Yes,36,48,Z1,Z2,No
ORD-6198,11:18,Tuesday,4,749,22,Low,5,4,3.7,Severe,Clear,Dense Urban,Moderate,No,54,41,Z7,Z8,No
ORD-6199,13:36,Thursday,2,395,10,Moderate,5,9,1.8,Moderate,Fog,Dense Urban,Experienced,Yes,36,26,Z7,Z8,No
ORD-6200,20:12,Saturday,4,1082,16,Very High,3,4,9.6,Moderate,Clear,Urban,Moderate,Yes,50,64,Z7,Z6,Yes
ORD-6201,20:42,Friday,8,996,47,High,11,7,5.3,Heavy,Clear,Dense Urban,Experienced,Yes,88,56,Z2,Z7,No
ORD-6202,21:15,Tuesday,4,599,33,Very High,6,1,2.7,Heavy,Clear,Urban,Moderate,Yes,58,41,Z4,Z2,Yes
ORD-6203,17:50,Friday,3,703,13,Moderate,5,6,1.5,Low,Hot,Suburban,Moderate,No,31,30,Z5,Z6,No
ORD-6204,12:30,Sunday,4,1378,25,Very High,1,5,0.8,Moderate,Clear,Suburban,Experienced,Yes,37,28,Z1,Z5,No
ORD-6205,20:59,Sunday,4,469,18,High,11,4,3.6,Severe,Clear,Urban,Moderate,Yes,52,47,Z4,Z4,No
ORD-6206,23:21,Tuesday,5,717,10,Low,1,2,0.4,Low,Clear,Dense Urban,Moderate,No,20,24,Z4,Z5,No
ORD-6207,14:14,Wednesday,3,478,24,Very High,7,2,4.1,Heavy,Clear,Dense Urban,Moderate,Yes,53,45,Z5,Z3,No
ORD-6208,13:27,Wednesday,3,601,11,High,8,2,3.9,Heavy,Rain,Urban,Experienced,Yes,41,47,Z7,Z2,No
ORD-6209,20:31,Thursday,2,522,27,Very High,3,2,3.9,Low,Clear,Urban,Moderate,Yes,45,46,Z7,Z5,No
ORD-6210,10:41,Saturday,10,2112,30,Low,1,4,8.4,Low,Rain,Urban,Moderate,No,61,66,Z7,Z6,Yes
ORD-6211,22:08,Sunday,4,460,14,High,4,4,3.4,Moderate,Clear,Suburban,Moderate,Yes,34,45,Z5,Z4,No
ORD-6212,15:33,Tuesday,3,734,12,Low,4,8,2.1,Low,Clear,Urban,Moderate,No,32,27,Z6,Z7,No
ORD-6213,20:49,Saturday,2,269,16,Very High,1,3,3.2,Moderate,Clear,Urban,Moderate,Yes,43,40,Z8,Z6,No
ORD-6214,17:56,Sunday,3,514,13,Moderate,1,2,5.7,Low,Clear,Urban,Moderate,No,29,44,Z4,Z3,No
ORD-6215,13:13,Sunday,5,517,17,High,5,4,5.8,Severe,Clear,Urban,Experienced,Yes,58,60,Z1,Z4,No
ORD-6216,18:16,Friday,3,913,19,Moderate,5,8,7.6,Heavy,Rain,Suburban,Moderate,No,65,60,Z5,Z8,No
ORD-6217,12:32,Tuesday,3,631,21,Very High,5,9,1.4,Low,Hot,Urban,Experienced,Yes,42,31,Z1,Z6,No
ORD-6218,20:04,Saturday,2,510,22,Very High,1,3,9.1,Low,Clear,Urban,New,Yes,51,61,Z5,Z2,No
ORD-6219,12:34,Saturday,5,1024,12,Moderate,4,4,6.7,Heavy,Clear,Urban,Moderate,Yes,60,52,Z8,Z4,No
ORD-6220,13:49,Tuesday,3,392,25,Very High,2,4,5.2,Low,Clear,Suburban,Moderate,Yes,56,43,Z5,Z8,No
ORD-6221,10:02,Wednesday,4,1237,17,Moderate,1,7,3.3,Moderate,Clear,Urban,New,No,43,38,Z5,Z3,Yes
ORD-6222,12:32,Sunday,4,749,22,High,2,5,3.7,Heavy,Clear,Suburban,Moderate,Yes,44,42,Z3,Z5,No
ORD-6223,19:21,Friday,2,236,16,High,23,7,2.0,Heavy,Rain,Suburban,Experienced,Yes,76,36,Z8,Z3,No
ORD-6224,13:32,Monday,3,291,15,High,11,5,2.4,Severe,Clear,Suburban,Moderate,Yes,46,61,Z1,Z7,No
ORD-6225,21:39,Sunday,3,765,11,Moderate,1,2,4.3,Heavy,Clear,Dense Urban,Experienced,Yes,36,41,Z5,Z8,No
ORD-6226,12:58,Thursday,5,555,19,High,13,8,1.4,Low,Rain,Suburban,New,Yes,48,36,Z8,Z7,No
ORD-6227,19:15,Saturday,1,154,4,Moderate,3,7,3.7,Heavy,Clear,Urban,Moderate,Yes,33,39,Z7,Z1,No
ORD-6228,14:30,Saturday,2,547,11,High,6,4,3.1,Low,Rain,Urban,Experienced,No,32,34,Z6,Z6,No
ORD-6229,12:37,Tuesday,3,624,13,Moderate,6,3,2.8,Moderate,Rain,Urban,Moderate,Yes,35,34,Z5,Z1,No
ORD-6230,12:43,Thursday,2,451,7,Low,5,4,2.0,Severe,Clear,Urban,Moderate,Yes,29,35,Z5,Z2,No
ORD-6231,13:14,Thursday,3,377,11,Moderate,2,5,0.4,Heavy,Clear,Dense Urban,Moderate,Yes,25,29,Z5,Z5,No
ORD-6232,12:25,Friday,2,341,23,Moderate,2,2,4.1,Heavy,Clear,Urban,Moderate,Yes,44,51,Z5,Z3,No
ORD-6233,11:52,Saturday,2,317,11,Moderate,6,5,3.4,Moderate,Hot,Suburban,Moderate,No,33,37,Z5,Z3,No
ORD-6234,20:55,Friday,3,492,21,High,6,1,3.5,Heavy,Clear,Dense Urban,Moderate,Yes,48,41,Z7,Z2,No
ORD-6235,15:07,Friday,3,751,50,Moderate,4,4,3.0,Heavy,Hot,Dense Urban,Experienced,No,75,35,Z3,Z8,No
ORD-6236,19:18,Wednesday,1,258,8,Moderate,1,4,2.6,Heavy,Hot,Dense Urban,Experienced,Yes,28,33,Z8,Z4,No
ORD-6237,21:00,Friday,4,584,8,High,13,6,0.9,Heavy,Rain,Dense Urban,Moderate,Yes,37,28,Z1,Z7,No
ORD-6238,13:39,Sunday,1,124,12,High,10,2,7.3,Moderate,Cold,Urban,Moderate,Yes,65,53,Z5,Z5,No
ORD-6239,12:45,Monday,2,418,25,Very High,1,6,1.7,Heavy,Clear,Urban,Experienced,Yes,41,30,Z1,Z8,No
ORD-6240,17:32,Friday,1,132,10,Low,3,1,8.9,Moderate,Clear,Urban,Moderate,No,42,51,Z4,Z4,No
ORD-6241,11:39,Wednesday,3,682,22,High,6,2,1.4,Low,Rain,Urban,Moderate,No,37,27,Z4,Z8,No
ORD-6242,20:12,Tuesday,3,606,10,Moderate,1,3,1.4,Moderate,Rain,Urban,Moderate,Yes,23,25,Z2,Z1,No
ORD-6243,11:33,Wednesday,5,960,17,Low,4,4,1.6,Heavy,Clear,Suburban,New,No,34,34,Z3,Z2,No
ORD-6244,14:25,Monday,1,122,16,High,9,1,9.9,Heavy,Hot,Suburban,Experienced,Yes,77,68,Z4,Z4,No
ORD-6245,14:33,Monday,4,600,13,High,2,4,1.9,Moderate,Fog,Urban,New,No,29,30,Z4,Z7,No
ORD-6246,12:31,Friday,2,737,7,Moderate,4,2,7.0,Severe,Clear,Urban,Moderate,Yes,52,60,Z4,Z5,No
ORD-6247,22:26,Wednesday,4,681,10,High,4,3,6.6,Moderate,Clear,Suburban,Experienced,Yes,36,57,Z7,Z3,No
ORD-6248,11:52,Friday,2,372,8,Low,5,2,4.1,Heavy,Clear,Dense Urban,Moderate,No,36,35,Z6,Z7,No
ORD-6249,13:46,Sunday,4,717,12,Low,10,3,1.3,Moderate,Clear,Dense Urban,Moderate,Yes,35,29,Z6,Z4,No
ORD-6250,19:44,Thursday,4,1057,13,Low,4,6,3.0,Heavy,Fog,Urban,Moderate,Yes,37,34,Z8,Z4,No
ORD-6251,14:54,Thursday,4,630,15,Very High,5,10,4.1,Heavy,Clear,Dense Urban,New,No,55,40,Z6,Z3,No
ORD-6252,18:09,Sunday,6,1042,23,Moderate,3,2,0.9,Low,Clear,Urban,Experienced,No,34,27,Z7,Z3,No
ORD-6253,13:58,Friday,2,470,16,Moderate,7,4,4.2,Severe,Hot,Dense Urban,New,Yes,57,43,Z2,Z2,Yes
ORD-6254,09:41,Monday,8,1181,22,High,2,4,1.3,Low,Rain,Suburban,Experienced,No,42,54,Z4,Z5,No
ORD-6255,20:21,Monday,6,1289,25,Very High,5,5,4.7,Heavy,Rain,Urban,Moderate,Yes,60,53,Z7,Z3,No
ORD-6256,15:42,Thursday,4,897,12,Low,1,4,2.8,Low,Clear,Dense Urban,New,No,31,34,Z2,Z5,No
ORD-6257,13:09,Tuesday,6,761,21,High,3,3,1.9,Severe,Rain,Dense Urban,Moderate,Yes,44,43,Z2,Z4,No
ORD-6258,13:25,Wednesday,1,268,9,High,6,6,3.2,Heavy,Clear,Suburban,Moderate,Yes,35,41,Z7,Z4,No
ORD-6259,22:07,Friday,2,344,11,High,4,5,3.5,Heavy,Rain,Urban,Experienced,Yes,38,65,Z2,Z6,No
ORD-6260,14:25,Saturday,4,757,13,Low,2,2,6.2,Moderate,Cold,Dense Urban,Moderate,Yes,40,51,Z2,Z8,No
ORD-6261,20:05,Wednesday,2,430,15,Moderate,8,4,4.7,Severe,Clear,Dense Urban,Moderate,Yes,55,42,Z5,Z2,No
ORD-6262,10:14,Friday,4,917,25,High,6,3,3.2,Low,Clear,Suburban,Moderate,No,43,51,Z4,Z2,No
ORD-6263,11:31,Saturday,3,389,17,High,1,6,4.7,Low,Clear,Dense Urban,Moderate,No,40,44,Z2,Z8,No
ORD-6264,12:59,Wednesday,3,503,13,Moderate,3,2,1.8,Moderate,Clear,Dense Urban,Experienced,Yes,29,36,Z2,Z2,No
ORD-6265,21:00,Sunday,2,256,15,Moderate,7,7,5.2,Moderate,Clear,Dense Urban,New,Yes,51,45,Z8,Z7,No
ORD-6266,17:46,Thursday,2,385,12,Low,1,4,9.1,Moderate,Clear,Suburban,New,No,49,56,Z3,Z8,Yes
ORD-6267,09:48,Monday,3,470,24,Very High,5,7,2.8,Low,Clear,Suburban,New,No,46,39,Z8,Z8,No
ORD-6268,19:44,Friday,2,706,50,High,8,2,1.6,Moderate,Hot,Dense Urban,Experienced,Yes,71,33,Z6,Z6,No
ORD-6269,21:16,Monday,4,648,16,High,2,4,1.6,Severe,Clear,Dense Urban,Experienced,Yes,35,37,Z8,Z4,No
ORD-6270,13:57,Wednesday,4,422,33,Very High,1,5,1.4,Moderate,Clear,Dense Urban,Experienced,Yes,52,34,Z5,Z3,Yes
ORD-6271,14:40,Friday,2,323,17,High,6,3,2.0,Heavy,Clear,Urban,Moderate,No,37,57,Z7,Z7,No
ORD-6272,20:15,Thursday,2,341,11,High,32,2,6.8,Severe,Rain,Suburban,Moderate,Yes,76,58,Z7,Z6,No
ORD-6273,18:32,Thursday,3,463,13,High,2,5,3.1,Moderate,Clear,Urban,Moderate,No,32,46,Z2,Z8,No
ORD-6274,12:43,Saturday,5,441,26,Very High,5,6,2.4,Severe,Rain,Dense Urban,Moderate,Yes,60,40,Z8,Z8,Yes
ORD-6275,12:27,Friday,1,169,8,High,1,5,2.1,Severe,Clear,Urban,Moderate,Yes,26,34,Z2,Z4,No
ORD-6276,22:02,Sunday,8,1015,18,High,2,3,2.1,Heavy,Rain,Urban,Moderate,Yes,35,67,Z3,Z7,No
ORD-6277,19:50,Thursday,5,607,19,Very High,3,8,2.9,Moderate,Clear,Suburban,Moderate,Yes,41,45,Z8,Z7,No
ORD-6278,14:44,Wednesday,3,887,28,High,2,5,1.1,Heavy,Clear,Urban,New,No,43,33,Z5,Z7,No
ORD-6279,11:40,Tuesday,1,138,8,Low,1,3,3.4,Heavy,Clear,Dense Urban,Moderate,No,29,35,Z8,Z3,No
ORD-6280,14:27,Thursday,2,330,20,Very High,2,6,7.2,Moderate,Hot,Suburban,New,Yes,52,74,Z2,Z5,Yes
ORD-6281,20:44,Wednesday,3,767,13,Moderate,5,2,2.7,Heavy,Rain,Urban,Experienced,Yes,35,41,Z7,Z4,No
ORD-6282,20:41,Thursday,3,486,15,High,3,2,2.3,Moderate,Fog,Urban,Experienced,Yes,29,35,Z4,Z4,No
ORD-6283,11:03,Tuesday,5,747,13,Low,41,8,0.4,Low,Hot,Dense Urban,Moderate,No,69,25,Z7,Z3,No
ORD-6284,17:12,Saturday,2,209,8,Moderate,5,4,2.6,Heavy,Clear,Urban,Experienced,No,29,30,Z8,Z2,No
ORD-6285,13:07,Thursday,3,328,17,High,10,2,4.3,Severe,Clear,Dense Urban,Moderate,Yes,57,42,Z7,Z2,No
ORD-6286,13:48,Wednesday,2,473,14,High,10,1,8.4,Severe,Clear,Suburban,Moderate,Yes,58,65,Z3,Z5,No
ORD-6287,22:45,Wednesday,3,967,14,Moderate,3,3,3.1,Low,Cold,Dense Urban,Experienced,No,32,29,Z3,Z2,No
ORD-6288,23:45,Saturday,2,271,16,Moderate,4,4,1.4,Moderate,Rain,Suburban,Experienced,No,32,31,Z4,Z7,No
ORD-6289,20:46,Monday,2,228,16,Very High,2,16,2.5,Severe,Cold,Urban,Moderate,Yes,49,38,Z3,Z4,No
ORD-6290,23:20,Thursday,2,288,9,Moderate,1,2,4.3,Low,Hot,Suburban,Moderate,No,24,53,Z4,Z1,No
ORD-6291,19:28,Thursday,2,408,15,Very High,19,10,1.1,Heavy,Clear,Dense Urban,Experienced,Yes,54,35,Z6,Z3,No
ORD-6292,14:11,Saturday,1,152,9,Moderate,7,4,3.3,Heavy,Clear,Dense Urban,Moderate,Yes,36,42,Z2,Z2,No
ORD-6293,13:45,Sunday,3,668,17,Very High,2,1,1.2,Heavy,Clear,Dense Urban,Moderate,Yes,34,36,Z6,Z8,Yes
ORD-6294,17:48,Monday,3,700,15,Moderate,8,4,2.4,Heavy,Clear,Dense Urban,Moderate,No,46,33,Z3,Z3,Yes
ORD-6295,20:17,Friday,4,482,13,High,2,9,3.7,Moderate,Clear,Urban,Moderate,Yes,38,37,Z3,Z6,No
ORD-6296,12:54,Sunday,1,140,48,Very High,2,2,1.2,Heavy,Clear,Urban,Moderate,Yes,77,24,Z4,Z8,No
ORD-6297,20:08,Monday,5,677,20,High,2,2,1.7,Heavy,Clear,Dense Urban,Moderate,Yes,37,36,Z6,Z5,No
ORD-6298,20:18,Monday,3,768,19,Very High,4,2,0.5,Moderate,Fog,Dense Urban,Experienced,Yes,32,26,Z7,Z1,No
ORD-6299,18:45,Wednesday,1,110,12,Moderate,11,2,2.1,Heavy,Clear,Dense Urban,Experienced,No,38,27,Z7,Z2,No
ORD-6300,12:44,Saturday,2,371,17,Moderate,3,6,1.7,Severe,Rain,Dense Urban,New,Yes,47,31,Z4,Z3,Yes
ORD-6301,21:53,Sunday,2,371,14,Moderate,2,2,3.4,Low,Clear,Urban,Moderate,Yes,49,30,Z4,Z4,No
ORD-6302,09:23,Friday,2,370,9,High,3,2,3.9,Moderate,Clear,Dense Urban,Experienced,No,39,43,Z3,Z3,No
ORD-6303,14:58,Friday,2,430,9,Low,3,3,1.1,Moderate,Clear,Urban,Experienced,No,22,22,Z7,Z2,No
ORD-6304,13:19,Friday,4,491,22,High,11,2,3.7,Severe,Clear,Dense Urban,Experienced,Yes,57,47,Z8,Z8,No
ORD-6305,11:13,Friday,3,420,11,Moderate,9,7,3.5,Moderate,Clear,Urban,Experienced,No,39,37,Z7,Z1,No
ORD-6306,21:50,Monday,2,324,12,High,3,2,1.7,Low,Clear,Urban,Moderate,Yes,34,54,Z1,Z5,No
ORD-6307,14:09,Sunday,4,731,20,Moderate,5,7,0.9,Moderate,Fog,Dense Urban,New,Yes,41,34,Z8,Z3,No
ORD-6308,13:42,Monday,3,562,17,Moderate,8,12,3.6,Severe,Clear,Urban,Moderate,Yes,57,42,Z8,Z4,No
ORD-6309,13:56,Monday,2,260,20,Very High,7,4,3.3,Moderate,Clear,Dense Urban,Experienced,Yes,46,41,Z7,Z3,No
ORD-6310,18:54,Saturday,1,332,7,Moderate,1,6,2.8,Moderate,Clear,Urban,Moderate,No,25,27,Z6,Z4,No
ORD-6311,21:56,Friday,3,386,12,Moderate,4,4,4.0,Low,Cold,Urban,Experienced,Yes,32,38,Z3,Z1,No
ORD-6312,11:45,Friday,2,575,17,Very High,4,5,3.0,Low,Rain,Urban,Moderate,No,37,39,Z5,Z8,No
ORD-6313,17:39,Wednesday,4,460,17,Low,1,3,5.4,Heavy,Clear,Urban,New,No,43,47,Z1,Z2,No
ORD-6314,16:46,Friday,3,370,14,Low,5,1,3.8,Moderate,Clear,Urban,Moderate,No,33,33,Z8,Z1,No
ORD-6315,19:22,Monday,4,820,14,Moderate,9,3,2.5,Moderate,Rain,Urban,Moderate,Yes,41,39,Z8,Z1,Yes
ORD-6316,12:39,Thursday,6,1321,19,Moderate,7,3,10.8,Moderate,Clear,Suburban,Experienced,Yes,58,68,Z6,Z4,No
ORD-6317,21:13,Saturday,4,728,14,High,4,5,1.3,Moderate,Clear,Dense Urban,Moderate,Yes,33,32,Z3,Z7,No
ORD-6318,17:52,Monday,1,228,5,Low,14,2,2.1,Moderate,Clear,Suburban,New,No,30,25,Z7,Z1,No
ORD-6319,14:01,Wednesday,2,244,14,High,7,2,4.6,Heavy,Clear,Urban,Moderate,Yes,40,43,Z2,Z8,No
ORD-6320,19:37,Wednesday,2,323,14,High,5,1,3.3,Heavy,Clear,Dense Urban,Moderate,Yes,39,44,Z2,Z2,No
ORD-6321,20:00,Wednesday,3,539,23,High,8,2,4.8,Moderate,Clear,Urban,Moderate,Yes,52,48,Z2,Z4,No
ORD-6322,23:22,Sunday,2,311,12,Moderate,6,6,1.7,Moderate,Rain,Urban,Moderate,No,33,24,Z1,Z3,No
ORD-6323,13:47,Monday,5,535,12,Moderate,11,4,2.6,Low,Clear,Urban,Experienced,Yes,39,40,Z6,Z5,Yes
ORD-6324,10:50,Wednesday,2,343,17,Moderate,4,3,3.9,Moderate,Clear,Dense Urban,Moderate,No,43,38,Z1,Z4,No
ORD-6325,19:24,Sunday,3,445,10,Moderate,1,5,2.3,Heavy,Fog,Dense Urban,Moderate,Yes,30,35,Z4,Z1,No
ORD-6326,19:47,Wednesday,3,548,17,High,8,3,3.8,Moderate,Clear,Suburban,Moderate,Yes,48,38,Z1,Z5,Yes
ORD-6327,14:00,Friday,5,1061,24,High,4,3,1.0,Heavy,Clear,Urban,Experienced,Yes,42,53,Z3,Z2,Yes
ORD-6328,13:52,Saturday,2,460,25,Very High,1,3,2.4,Moderate,Clear,Dense Urban,Experienced,Yes,41,35,Z8,Z5,No
ORD-6329,11:22,Sunday,3,503,5,Low,3,3,0.6,Heavy,Rain,Dense Urban,Moderate,No,20,23,Z8,Z6,No
ORD-6330,19:17,Saturday,2,477,12,Moderate,3,12,3.1,Low,Fog,Urban,Experienced,Yes,39,32,Z8,Z2,No
ORD-6331,19:02,Thursday,3,324,15,Moderate,1,2,4.5,Heavy,Clear,Suburban,Moderate,Yes,35,45,Z5,Z7,No
ORD-6332,12:03,Saturday,2,222,23,Moderate,4,3,4.3,Low,Clear,Urban,Moderate,Yes,43,38,Z5,Z3,No
ORD-6333,09:10,Wednesday,2,412,13,Moderate,3,2,5.3,Low,Fog,Suburban,Moderate,No,33,44,Z4,Z8,No
ORD-6334,20:13,Saturday,1,96,15,High,3,4,10.8,Moderate,Clear,Urban,Experienced,Yes,53,61,Z3,Z7,No
ORD-6335,21:28,Sunday,3,395,14,High,3,2,1.0,Severe,Clear,Dense Urban,Moderate,Yes,31,30,Z1,Z6,No
ORD-6336,18:05,Saturday,3,435,11,Moderate,1,5,1.4,Low,Clear,Dense Urban,New,No,28,27,Z5,Z4,No
ORD-6337,20:06,Saturday,3,522,15,High,3,6,4.3,Moderate,Hot,Urban,Experienced,Yes,41,49,Z8,Z7,Yes
ORD-6338,21:34,Saturday,2,440,9,Very High,10,2,3.1,Heavy,Hot,Urban,Moderate,Yes,36,40,Z2,Z1,No
ORD-6339,20:05,Saturday,3,533,11,Moderate,11,5,4.8,Heavy,Clear,Dense Urban,Moderate,Yes,53,39,Z8,Z1,Yes
ORD-6340,09:28,Sunday,3,598,13,Moderate,1,1,2.8,Severe,Clear,Dense Urban,Experienced,No,33,32,Z7,Z7,No
ORD-6341,17:36,Wednesday,3,666,14,High,1,9,4.5,Heavy,Clear,Suburban,Moderate,No,40,44,Z8,Z7,No
ORD-6342,21:18,Tuesday,6,928,19,Low,11,2,4.5,Moderate,Hot,Suburban,Moderate,Yes,48,46,Z3,Z2,No
ORD-6343,17:48,Sunday,2,470,5,Low,1,7,1.4,Moderate,Clear,Urban,New,No,21,29,Z4,Z3,No
ORD-6344,19:50,Wednesday,2,274,11,High,6,7,4.2,Moderate,Hot,Suburban,Moderate,Yes,37,38,Z7,Z4,No
ORD-6345,13:53,Wednesday,2,282,15,Moderate,1,4,4.1,Severe,Rain,Suburban,Experienced,Yes,40,47,Z7,Z7,No
ORD-6346,19:36,Wednesday,7,1445,25,High,3,3,2.6,Moderate,Clear,Suburban,New,Yes,41,37,Z5,Z2,No
ORD-6347,15:29,Saturday,4,607,14,Low,2,3,1.3,Moderate,Clear,Dense Urban,Experienced,No,29,32,Z8,Z6,No
ORD-6348,14:02,Saturday,3,536,23,High,5,10,1.1,Heavy,Rain,Urban,New,Yes,48,32,Z8,Z6,No
ORD-6349,12:22,Monday,6,1258,32,Low,7,8,3.8,Low,Cold,Urban,Moderate,Yes,58,39,Z8,Z4,No
ORD-6350,12:48,Wednesday,2,416,12,Moderate,4,3,9.4,Low,Clear,Suburban,New,Yes,44,58,Z2,Z1,No
ORD-6351,21:15,Tuesday,1,199,16,High,3,4,2.8,Moderate,Clear,Suburban,Moderate,Yes,34,32,Z6,Z3,No
ORD-6352,20:58,Saturday,1,216,13,High,2,4,8.2,Heavy,Hot,Urban,Experienced,Yes,47,58,Z2,Z6,No
ORD-6353,19:15,Wednesday,4,808,11,Moderate,12,2,3.6,Moderate,Rain,Suburban,Experienced,Yes,38,39,Z8,Z7,No
ORD-6354,12:50,Saturday,2,262,14,High,18,9,5.5,Low,Rain,Urban,Experienced,Yes,59,45,Z2,Z8,No
ORD-6355,12:42,Saturday,3,473,8,High,7,3,4.7,Low,Cold,Suburban,Moderate,Yes,33,47,Z8,Z8,No
ORD-6356,12:34,Sunday,4,633,22,High,3,1,4.8,Moderate,Cold,Dense Urban,Moderate,Yes,48,47,Z1,Z8,No
ORD-6357,19:46,Tuesday,2,349,12,High,14,6,1.9,Moderate,Rain,Dense Urban,Moderate,Yes,45,32,Z6,Z7,No
ORD-6358,21:36,Tuesday,2,313,8,Low,2,1,4.6,Moderate,Hot,Suburban,Experienced,Yes,24,41,Z6,Z8,No
ORD-6359,22:10,Tuesday,1,194,8,Low,1,5,3.4,Low,Rain,Suburban,New,Yes,27,31,Z3,Z6,No
ORD-6360,20:37,Monday,4,576,18,High,6,5,5.5,Severe,Clear,Urban,Moderate,Yes,52,51,Z4,Z3,No
ORD-6361,13:14,Sunday,4,713,12,Moderate,6,1,2.7,Moderate,Clear,Suburban,Moderate,Yes,30,41,Z3,Z8,No
ORD-6362,20:03,Sunday,2,299,10,Moderate,7,4,0.8,Heavy,Fog,Urban,Moderate,Yes,28,23,Z6,Z3,No
ORD-6363,20:21,Saturday,5,1046,30,High,9,2,4.4,Severe,Hot,Dense Urban,Experienced,Yes,67,46,Z7,Z8,No
ORD-6364,14:20,Friday,3,695,23,Very High,6,1,2.5,Heavy,Clear,Urban,Moderate,Yes,41,37,Z8,Z6,No
ORD-6365,18:58,Friday,6,940,23,Moderate,1,2,2.0,Moderate,Clear,Dense Urban,Moderate,No,39,32,Z1,Z7,No
ORD-6366,23:00,Tuesday,2,424,8,Moderate,1,4,2.3,Low,Rain,Dense Urban,Experienced,No,25,28,Z6,Z8,No
ORD-6367,22:11,Monday,3,553,9,High,18,14,2.2,Moderate,Clear,Suburban,Experienced,Yes,49,37,Z3,Z8,No
ORD-6368,20:09,Wednesday,3,444,19,High,5,7,3.2,Heavy,Clear,Urban,Moderate,Yes,45,47,Z6,Z4,No
ORD-6369,12:18,Friday,4,549,16,High,4,4,5.1,Low,Clear,Suburban,Experienced,Yes,38,45,Z8,Z1,No
ORD-6370,21:48,Tuesday,8,1441,20,High,3,2,1.3,Heavy,Clear,Urban,Experienced,Yes,33,41,Z1,Z4,No
ORD-6371,10:00,Sunday,4,453,19,Moderate,1,2,1.0,Heavy,Clear,Urban,New,No,31,48,Z6,Z1,No
ORD-6372,19:56,Monday,2,431,14,High,22,3,4.4,Moderate,Clear,Suburban,Experienced,Yes,57,45,Z4,Z5,Yes
ORD-6373,13:10,Tuesday,2,503,21,Very High,8,7,4.4,Severe,Clear,Dense Urban,Experienced,Yes,64,46,Z5,Z6,Yes
ORD-6374,22:22,Tuesday,4,627,18,High,3,8,2.0,Heavy,Clear,Suburban,Moderate,Yes,39,32,Z8,Z6,No
ORD-6375,21:26,Sunday,2,310,13,Moderate,2,7,2.9,Moderate,Hot,Dense Urban,New,Yes,41,36,Z7,Z4,Yes
ORD-6376,14:03,Sunday,4,757,19,High,9,2,9.0,Severe,Clear,Urban,Moderate,Yes,70,71,Z8,Z2,No
ORD-6377,19:03,Tuesday,4,868,19,Very High,6,6,7.8,Heavy,Clear,Dense Urban,Experienced,Yes,66,62,Z4,Z1,Yes
ORD-6378,13:25,Thursday,3,608,16,Low,4,6,1.4,Heavy,Fog,Urban,Moderate,Yes,34,30,Z8,Z5,No
ORD-6379,22:02,Wednesday,2,274,16,High,3,4,1.6,Heavy,Cold,Suburban,Moderate,Yes,32,32,Z8,Z8,No
ORD-6380,14:24,Sunday,3,552,25,Very High,2,6,9.8,Low,Clear,Suburban,Experienced,Yes,55,65,Z7,Z8,No
ORD-6381,20:15,Saturday,1,230,10,Moderate,14,5,5.3,Severe,Clear,Urban,New,Yes,67,49,Z2,Z8,Yes
ORD-6382,22:24,Monday,1,349,6,Moderate,3,5,3.1,Moderate,Clear,Urban,Moderate,Yes,25,38,Z2,Z4,No
ORD-6383,14:55,Wednesday,2,382,10,Low,5,4,5.3,Low,Clear,Urban,New,No,36,63,Z2,Z6,No
ORD-6384,13:46,Monday,3,519,11,Moderate,1,3,0.7,Heavy,Hot,Dense Urban,Moderate,Yes,24,23,Z4,Z3,No
ORD-6385,17:54,Friday,4,438,15,High,1,1,4.4,Moderate,Clear,Urban,New,No,35,47,Z4,Z2,No
ORD-6386,22:20,Wednesday,4,381,16,High,4,5,1.7,Moderate,Clear,Suburban,New,Yes,36,37,Z6,Z6,Yes
ORD-6387,12:57,Sunday,2,644,19,High,5,2,2.6,Heavy,Clear,Urban,Experienced,Yes,38,38,Z8,Z1,No
ORD-6388,18:09,Saturday,4,1353,13,Moderate,4,3,2.9,Low,Cold,Urban,Experienced,No,29,37,Z1,Z8,No
ORD-6389,22:23,Thursday,4,571,16,High,7,3,4.3,Moderate,Clear,Suburban,Experienced,Yes,40,51,Z5,Z2,No
ORD-6390,11:46,Saturday,3,365,12,Low,5,4,5.7,Moderate,Clear,Urban,Experienced,No,38,40,Z3,Z1,No
ORD-6391,20:52,Sunday,5,1026,17,Moderate,3,3,3.2,Heavy,Clear,Dense Urban,Moderate,Yes,39,36,Z7,Z3,No
ORD-6392,13:05,Sunday,3,812,15,High,4,5,2.5,Severe,Clear,Dense Urban,Moderate,Yes,44,41,Z5,Z6,Yes
ORD-6393,22:39,Wednesday,2,382,18,High,1,2,7.2,Moderate,Clear,Dense Urban,Experienced,No,48,46,Z8,Z4,No
ORD-6394,18:47,Thursday,5,624,14,High,3,4,4.3,Moderate,Clear,Dense Urban,Experienced,No,36,59,Z4,Z5,No
ORD-6395,13:34,Friday,2,216,18,Very High,8,3,8.3,Heavy,Hot,Suburban,Moderate,Yes,55,65,Z7,Z8,No
ORD-6396,12:54,Wednesday,4,321,12,Moderate,6,4,5.7,Moderate,Clear,Urban,Moderate,Yes,40,46,Z2,Z4,No
ORD-6397,12:49,Tuesday,5,772,23,High,6,7,5.6,Low,Hot,Suburban,New,Yes,51,47,Z8,Z3,No
ORD-6398,20:27,Sunday,6,1161,44,High,1,7,2.5,Moderate,Rain,Urban,New,Yes,65,38,Z6,Z8,No
ORD-6399,14:11,Friday,1,243,7,High,3,5,2.6,Severe,Clear,Suburban,New,Yes,30,33,Z1,Z2,No
ORD-6400,19:21,Wednesday,4,570,20,Moderate,4,3,1.7,Moderate,Hot,Urban,Moderate,Yes,49,37,Z3,Z8,No
ORD-6401,22:01,Monday,2,324,15,Moderate,1,2,3.4,Heavy,Clear,Dense Urban,Moderate,Yes,37,38,Z7,Z3,No
ORD-6402,11:31,Sunday,2,260,6,Moderate,2,3,8.0,Moderate,Clear,Urban,Experienced,No,36,54,Z4,Z1,No
ORD-6403,19:32,Tuesday,3,439,15,Very High,4,6,2.0,Heavy,Rain,Urban,Experienced,Yes,36,37,Z3,Z5,No
ORD-6404,12:28,Thursday,2,349,14,High,2,2,3.5,Moderate,Clear,Dense Urban,Moderate,Yes,33,32,Z3,Z3,No
ORD-6405,21:04,Sunday,6,1572,48,Moderate,2,3,4.8,Low,Hot,Dense Urban,Experienced,Yes,71,65,Z1,Z1,No
ORD-6406,14:24,Tuesday,4,548,27,Very High,2,1,2.1,Heavy,Hot,Dense Urban,Experienced,Yes,47,37,Z2,Z6,Yes
ORD-6407,19:04,Thursday,3,591,12,Low,5,4,2.2,Moderate,Hot,Dense Urban,Experienced,Yes,32,33,Z4,Z7,No
ORD-6408,11:46,Wednesday,2,555,15,High,4,9,3.5,Moderate,Hot,Dense Urban,New,No,45,42,Z1,Z5,No
ORD-6409,12:35,Tuesday,4,750,13,Moderate,4,5,3.5,Heavy,Clear,Dense Urban,Moderate,Yes,39,36,Z5,Z2,No
ORD-6410,16:47,Friday,3,549,9,Moderate,4,2,1.4,Moderate,Hot,Urban,New,No,24,24,Z7,Z6,No
ORD-6411,21:53,Sunday,3,803,27,High,5,11,4.3,Moderate,Clear,Dense Urban,Experienced,Yes,61,47,Z1,Z7,No
ORD-6412,14:23,Tuesday,3,763,15,High,6,5,7.6,Moderate,Hot,Suburban,New,Yes,54,57,Z1,Z1,Yes
ORD-6413,10:19,Wednesday,3,735,10,Moderate,2,2,7.3,Moderate,Clear,Suburban,Moderate,No,36,72,Z2,Z3,Yes
ORD-6414,13:56,Sunday,1,216,11,Moderate,6,4,4.6,Low,Fog,Urban,New,Yes,40,37,Z8,Z3,Yes
ORD-6415,21:20,Thursday,2,371,13,Moderate,8,3,1.6,Moderate,Clear,Suburban,Moderate,Yes,35,30,Z4,Z6,Yes
ORD-6416,09:16,Monday,3,318,17,Very High,8,3,1.1,Heavy,Rain,Dense Urban,Moderate,No,57,27,Z5,Z1,No
ORD-6417,09:31,Wednesday,4,695,9,Moderate,3,6,2.8,Severe,Rain,Dense Urban,Experienced,No,38,39,Z3,Z2,No
ORD-6418,19:22,Sunday,5,1249,23,Moderate,3,4,2.4,Heavy,Hot,Dense Urban,New,Yes,46,37,Z3,Z1,No
ORD-6419,19:11,Friday,6,759,50,Very High,4,5,7.7,Heavy,Rain,Urban,Moderate,Yes,98,79,Z1,Z4,Yes
ORD-6420,21:08,Sunday,3,370,25,Moderate,5,4,2.1,Heavy,Clear,Suburban,Experienced,Yes,44,31,Z6,Z3,No
ORD-6421,13:11,Monday,6,2096,32,Very High,18,4,2.2,Severe,Hot,Suburban,Experienced,Yes,69,41,Z3,Z3,Yes
ORD-6422,23:03,Tuesday,2,334,13,Low,4,6,3.0,Severe,Clear,Dense Urban,Experienced,No,44,57,Z5,Z5,Yes
ORD-6423,13:31,Sunday,3,703,18,Moderate,1,2,5.2,Heavy,Clear,Urban,Experienced,Yes,41,48,Z7,Z8,No
ORD-6424,13:40,Tuesday,2,366,11,Moderate,1,3,1.8,Severe,Clear,Urban,New,Yes,26,28,Z5,Z2,No
ORD-6425,20:42,Tuesday,1,158,12,High,8,5,1.2,Severe,Hot,Dense Urban,Moderate,Yes,37,33,Z5,Z2,No
ORD-6426,19:47,Thursday,2,273,15,Moderate,2,2,1.2,Severe,Clear,Dense Urban,Moderate,Yes,31,23,Z8,Z7,No
ORD-6427,21:25,Saturday,1,170,8,Moderate,5,7,1.6,Heavy,Clear,Urban,Moderate,Yes,30,52,Z8,Z5,No
ORD-6428,12:32,Monday,1,155,15,High,4,2,5.5,Severe,Clear,Urban,Moderate,Yes,51,50,Z5,Z8,No
ORD-6429,10:30,Thursday,1,158,8,Moderate,1,5,3.5,Low,Fog,Dense Urban,Moderate,No,33,28,Z7,Z5,Yes
ORD-6430,13:14,Wednesday,1,213,8,Moderate,7,8,3.4,Low,Clear,Suburban,Experienced,Yes,33,38,Z8,Z8,No
ORD-6431,15:01,Friday,2,283,10,Moderate,8,2,4.3,Low,Clear,Suburban,Moderate,No,34,39,Z2,Z2,No
ORD-6432,11:20,Sunday,1,302,9,Low,1,6,0.9,Heavy,Clear,Suburban,Experienced,No,23,35,Z2,Z6,No
ORD-6433,14:36,Tuesday,6,1784,20,Moderate,8,3,5.5,Moderate,Rain,Urban,Experienced,No,49,45,Z6,Z6,No
ORD-6434,14:03,Monday,1,127,12,Very High,6,4,10.4,Low,Clear,Suburban,Experienced,Yes,47,60,Z2,Z6,No
ORD-6435,21:23,Tuesday,6,1037,10,High,2,3,2.9,Heavy,Hot,Dense Urban,New,Yes,34,47,Z3,Z7,No
ORD-6436,14:53,Sunday,3,290,24,Moderate,4,8,5.1,Low,Clear,Urban,Moderate,No,63,37,Z3,Z4,No
ORD-6437,13:13,Thursday,4,373,12,Moderate,7,2,5.6,Severe,Fog,Dense Urban,New,Yes,69,53,Z3,Z4,No
ORD-6438,19:40,Tuesday,8,913,17,Low,3,4,1.6,Moderate,Clear,Dense Urban,New,Yes,35,38,Z8,Z5,No
ORD-6439,14:19,Monday,6,1266,20,Moderate,7,8,2.7,Heavy,Clear,Suburban,New,Yes,47,35,Z3,Z5,No
ORD-6440,20:12,Saturday,1,372,20,Very High,5,1,5.6,Heavy,Clear,Urban,Experienced,Yes,51,51,Z2,Z3,Yes
ORD-6441,12:49,Thursday,3,487,16,Moderate,2,4,5.0,Moderate,Fog,Urban,Experienced,Yes,40,51,Z7,Z3,No
ORD-6442,19:10,Saturday,5,1233,15,Moderate,3,5,3.0,Heavy,Clear,Dense Urban,New,Yes,43,37,Z3,Z5,No
ORD-6443,17:46,Wednesday,3,361,14,High,2,5,1.6,Low,Clear,Suburban,New,No,32,34,Z3,Z1,Yes
ORD-6444,12:34,Friday,4,595,18,High,8,2,0.4,Heavy,Rain,Urban,Moderate,Yes,33,32,Z6,Z5,No
ORD-6445,19:54,Saturday,2,201,13,Moderate,3,12,2.9,Moderate,Clear,Dense Urban,New,Yes,42,33,Z4,Z3,No
ORD-6446,18:25,Saturday,3,355,13,Moderate,1,3,3.7,Low,Clear,Urban,Moderate,No,29,40,Z7,Z7,No
ORD-6447,20:52,Sunday,5,501,23,Moderate,1,10,6.5,Heavy,Clear,Suburban,Moderate,Yes,61,69,Z3,Z6,No
ORD-6448,19:46,Monday,2,339,17,Moderate,4,8,7.6,Low,Rain,Suburban,Moderate,Yes,57,53,Z5,Z3,Yes
ORD-6449,14:12,Friday,4,966,18,Very High,6,10,4.9,Severe,Rain,Urban,New,Yes,63,49,Z2,Z6,No
ORD-6450,20:38,Wednesday,4,438,14,Moderate,8,1,1.3,Low,Clear,Suburban,Moderate,Yes,29,30,Z7,Z2,No
ORD-6451,12:01,Sunday,3,702,18,Moderate,14,1,3.2,Moderate,Clear,Suburban,Moderate,Yes,46,33,Z8,Z8,No
ORD-6452,09:48,Monday,3,545,11,Low,1,4,4.1,Moderate,Clear,Urban,Moderate,No,29,36,Z8,Z8,No
ORD-6453,11:03,Wednesday,2,445,17,High,6,5,2.7,Low,Clear,Suburban,Experienced,No,36,35,Z5,Z3,No
ORD-6454,20:53,Monday,3,302,11,Moderate,1,7,2.8,Heavy,Hot,Dense Urban,New,Yes,40,37,Z4,Z1,No
ORD-6455,09:45,Sunday,3,441,11,Moderate,3,4,3.2,Moderate,Fog,Dense Urban,Moderate,No,35,31,Z8,Z6,No
ORD-6456,15:30,Sunday,1,135,19,Very High,1,4,4.5,Heavy,Rain,Urban,Experienced,No,45,59,Z3,Z2,No
ORD-6457,22:47,Friday,3,449,24,Moderate,2,4,1.0,Moderate,Clear,Urban,Moderate,No,36,24,Z7,Z7,No
ORD-6458,12:47,Thursday,3,702,27,Very High,10,5,2.1,Severe,Hot,Dense Urban,Moderate,Yes,61,39,Z8,Z7,No
ORD-6459,22:41,Sunday,3,599,18,High,8,6,8.4,Moderate,Clear,Suburban,Moderate,No,62,57,Z5,Z2,Yes
ORD-6460,12:30,Friday,3,486,14,High,4,9,4.2,Low,Hot,Suburban,New,Yes,40,42,Z7,Z4,No
ORD-6461,19:53,Tuesday,2,511,11,Low,2,3,8.7,Heavy,Clear,Urban,New,Yes,54,55,Z4,Z1,Yes
ORD-6462,22:54,Tuesday,3,414,17,High,1,5,4.0,Severe,Clear,Urban,Experienced,No,46,61,Z3,Z2,No
ORD-6463,12:49,Wednesday,5,826,12,Moderate,7,7,2.1,Moderate,Fog,Suburban,Experienced,Yes,38,40,Z3,Z2,Yes
ORD-6464,11:58,Monday,2,306,15,High,1,5,4.4,Low,Rain,Urban,Moderate,No,36,41,Z4,Z7,No
ORD-6465,22:27,Friday,4,642,23,High,4,4,1.6,Severe,Clear,Urban,New,Yes,54,37,Z2,Z6,No
ORD-6466,13:22,Tuesday,3,545,23,Very High,13,9,8.8,Moderate,Clear,Dense Urban,Experienced,Yes,80,64,Z5,Z1,No
ORD-6467,21:38,Wednesday,2,370,12,Moderate,3,6,7.3,Low,Fog,Urban,Experienced,Yes,39,50,Z5,Z5,No
ORD-6468,12:20,Thursday,2,407,19,Very High,2,3,6.3,Heavy,Clear,Suburban,New,Yes,52,51,Z6,Z2,No
ORD-6469,20:59,Friday,5,973,30,Very High,4,6,10.3,Moderate,Cold,Urban,Moderate,Yes,70,72,Z5,Z4,No
ORD-6470,14:10,Friday,3,505,22,High,6,1,1.9,Heavy,Fog,Dense Urban,New,Yes,56,40,Z5,Z2,No
ORD-6471,21:07,Thursday,2,360,17,Moderate,9,4,5.8,Heavy,Rain,Urban,New,Yes,58,52,Z2,Z7,No
ORD-6472,18:56,Saturday,2,441,9,Moderate,5,4,0.7,Low,Clear,Dense Urban,Experienced,No,32,20,Z3,Z7,No
ORD-6473,22:16,Friday,1,306,13,High,9,2,2.3,Heavy,Clear,Urban,New,Yes,37,36,Z4,Z5,No
ORD-6474,12:08,Thursday,1,154,15,High,6,5,1.9,Low,Clear,Urban,New,Yes,34,32,Z2,Z8,No
ORD-6475,20:59,Sunday,2,515,9,Low,3,6,3.9,Heavy,Rain,Dense Urban,Moderate,Yes,45,37,Z8,Z6,No
ORD-6476,12:36,Saturday,4,823,26,High,5,15,3.7,Moderate,Clear,Suburban,Moderate,Yes,59,44,Z4,Z3,No
ORD-6477,18:13,Monday,4,502,19,Moderate,3,3,1.9,Low,Clear,Urban,Experienced,No,33,29,Z5,Z3,No
ORD-6478,12:30,Friday,4,472,20,High,8,6,3.8,Moderate,Clear,Suburban,New,Yes,51,40,Z1,Z3,Yes
ORD-6479,20:46,Tuesday,3,885,13,High,7,2,3.3,Moderate,Clear,Suburban,Experienced,Yes,47,39,Z2,Z1,No
ORD-6480,16:38,Thursday,3,570,9,Moderate,1,4,5.2,Moderate,Rain,Suburban,Moderate,No,33,48,Z2,Z6,No
ORD-6481,19:27,Thursday,2,522,15,High,3,6,1.1,Heavy,Rain,Urban,Moderate,Yes,32,27,Z6,Z7,No
ORD-6482,17:34,Monday,5,975,16,Moderate,1,3,1.1,Moderate,Rain,Dense Urban,Experienced,No,42,32,Z3,Z1,No
ORD-6483,12:59,Wednesday,3,474,12,Moderate,1,6,2.7,Severe,Fog,Dense Urban,Moderate,Yes,39,41,Z6,Z1,No
ORD-6484,18:23,Saturday,4,707,24,High,2,3,4.3,Low,Hot,Dense Urban,Experienced,No,43,39,Z1,Z3,No
ORD-6485,12:14,Wednesday,2,429,22,Very High,5,2,2.1,Severe,Clear,Dense Urban,Experienced,Yes,44,36,Z5,Z3,No
ORD-6486,21:13,Tuesday,2,403,25,High,3,3,1.9,Heavy,Rain,Urban,Experienced,Yes,62,31,Z5,Z4,No
ORD-6487,20:16,Monday,1,231,6,Moderate,1,9,3.5,Moderate,Clear,Urban,Moderate,Yes,28,34,Z4,Z5,No
ORD-6488,12:04,Thursday,2,322,11,High,1,3,1.9,Heavy,Clear,Urban,New,Yes,40,28,Z7,Z8,No
ORD-6489,14:19,Monday,3,239,15,High,6,3,2.8,Low,Clear,Urban,New,Yes,37,35,Z6,Z3,Yes
ORD-6490,18:53,Sunday,5,846,12,High,3,3,12.0,Moderate,Clear,Suburban,Experienced,No,47,68,Z8,Z5,No
ORD-6491,14:12,Saturday,2,567,8,Low,1,2,2.0,Heavy,Hot,Dense Urban,Experienced,Yes,23,35,Z3,Z6,No
ORD-6492,20:50,Friday,5,916,11,Moderate,3,2,5.1,Heavy,Clear,Urban,Moderate,Yes,36,51,Z5,Z1,No
ORD-6493,19:23,Saturday,1,172,14,Moderate,4,2,3.5,Moderate,Rain,Urban,Moderate,Yes,36,40,Z4,Z6,No
ORD-6494,21:18,Monday,3,1119,11,Moderate,10,4,2.9,Severe,Clear,Dense Urban,Experienced,Yes,45,41,Z2,Z1,No
ORD-6495,21:48,Tuesday,5,1264,20,Moderate,6,6,2.6,Severe,Clear,Dense Urban,New,Yes,50,39,Z4,Z7,No
ORD-6496,21:45,Saturday,2,329,18,Very High,3,5,1.2,Severe,Fog,Dense Urban,New,Yes,39,31,Z7,Z2,No
ORD-6497,20:41,Thursday,3,656,8,Low,6,1,2.1,Heavy,Clear,Dense Urban,Moderate,Yes,29,35,Z3,Z4,No
ORD-6498,22:02,Monday,5,866,16,Moderate,6,2,3.6,Heavy,Rain,Dense Urban,Moderate,Yes,46,47,Z4,Z2,No
ORD-6499,10:58,Wednesday,5,699,14,Low,3,5,1.2,Severe,Fog,Urban,Experienced,No,31,29,Z1,Z4,No
ORD-6500,22:03,Sunday,2,248,12,Moderate,41,4,2.2,Heavy,Rain,Dense Urban,Experienced,Yes,73,37,Z2,Z4,No
ORD-6501,13:12,Friday,4,737,33,High,6,3,7.5,Moderate,Clear,Urban,New,Yes,69,61,Z2,Z5,Yes
ORD-6502,10:53,Thursday,9,1800,9,Moderate,2,10,3.6,Moderate,Clear,Urban,Experienced,No,34,43,Z6,Z4,No
ORD-6503,22:11,Tuesday,2,395,18,Very High,4,4,1.7,Heavy,Clear,Urban,New,Yes,35,29,Z7,Z7,No
ORD-6504,22:51,Sunday,3,359,17,Moderate,9,2,7.6,Moderate,Rain,Urban,Moderate,No,56,58,Z1,Z6,No
ORD-6505,19:58,Thursday,3,696,17,High,1,6,5.3,Moderate,Clear,Urban,Experienced,Yes,40,59,Z1,Z5,No
ORD-6506,13:30,Monday,2,376,16,High,3,3,1.5,Low,Rain,Urban,Experienced,Yes,29,30,Z1,Z6,No
ORD-6507,15:48,Saturday,5,1271,23,Moderate,4,2,3.5,Moderate,Clear,Suburban,Moderate,No,39,42,Z2,Z2,No
ORD-6508,21:52,Saturday,2,426,19,Very High,4,2,4.0,Low,Clear,Urban,Experienced,Yes,35,58,Z1,Z5,No
ORD-6509,20:23,Tuesday,4,897,14,High,2,3,4.4,Moderate,Clear,Suburban,New,Yes,35,45,Z7,Z7,No
ORD-6510,11:39,Friday,3,253,15,High,1,5,1.6,Low,Clear,Urban,Moderate,No,28,28,Z8,Z3,No
ORD-6511,15:00,Wednesday,3,361,14,Moderate,1,4,1.7,Moderate,Rain,Urban,New,No,30,25,Z1,Z2,No
ORD-6512,19:37,Wednesday,4,334,21,High,2,3,1.4,Severe,Clear,Suburban,Experienced,Yes,35,36,Z5,Z5,No
ORD-6513,15:19,Saturday,2,197,9,Low,1,7,2.1,Low,Rain,Urban,New,No,27,29,Z8,Z3,No
ORD-6514,14:17,Monday,2,246,11,Very High,7,5,7.6,Heavy,Hot,Urban,Moderate,Yes,58,59,Z7,Z2,No
ORD-6515,12:25,Saturday,3,460,18,High,1,9,4.5,Moderate,Hot,Dense Urban,Moderate,Yes,46,43,Z8,Z3,No
ORD-6516,20:49,Wednesday,4,685,13,High,6,4,7.5,Heavy,Rain,Urban,New,Yes,62,65,Z2,Z1,No
ORD-6517,19:01,Wednesday,2,335,10,High,9,4,2.3,Heavy,Fog,Dense Urban,Moderate,Yes,42,32,Z8,Z5,Yes
ORD-6518,12:55,Sunday,4,544,22,Moderate,2,4,4.9,Heavy,Clear,Dense Urban,Experienced,Yes,52,46,Z5,Z3,No
ORD-6519,14:15,Friday,1,194,23,Very High,3,6,1.4,Severe,Hot,Dense Urban,Moderate,Yes,49,32,Z6,Z3,Yes
ORD-6520,13:30,Wednesday,6,998,38,Very High,12,18,2.4,Moderate,Clear,Suburban,Moderate,Yes,78,39,Z8,Z1,No
ORD-6521,13:26,Sunday,1,151,10,Very High,4,6,1.1,Low,Clear,Urban,Moderate,Yes,26,36,Z3,Z1,No
ORD-6522,13:55,Thursday,6,631,17,Low,7,5,6.1,Moderate,Clear,Suburban,Moderate,Yes,48,54,Z2,Z8,No
ORD-6523,12:58,Tuesday,3,798,19,High,2,7,3.6,Low,Clear,Urban,Moderate,Yes,43,40,Z8,Z6,Yes
ORD-6524,19:44,Friday,1,145,18,High,6,2,2.9,Heavy,Fog,Suburban,Experienced,Yes,42,41,Z5,Z5,Yes
ORD-6525,09:02,Tuesday,2,541,16,Low,3,4,1.1,Moderate,Hot,Dense Urban,Experienced,No,32,26,Z3,Z2,No
ORD-6526,20:46,Tuesday,1,114,11,High,8,7,4.0,Moderate,Clear,Suburban,New,Yes,40,44,Z5,Z5,No
ORD-6527,19:09,Saturday,1,147,11,High,8,3,2.6,Heavy,Clear,Dense Urban,New,Yes,45,33,Z1,Z6,Yes
ORD-6528,20:58,Wednesday,2,405,15,High,3,5,4.1,Heavy,Rain,Suburban,Moderate,Yes,43,56,Z6,Z5,No
ORD-6529,13:13,Saturday,4,1211,28,Low,8,4,1.6,Heavy,Fog,Dense Urban,Experienced,Yes,52,57,Z6,Z3,No
ORD-6530,14:25,Monday,4,465,14,Moderate,13,4,1.7,Severe,Clear,Urban,Moderate,Yes,43,31,Z6,Z4,No
ORD-6531,14:06,Friday,3,430,21,Very High,24,4,0.7,Severe,Rain,Suburban,Moderate,Yes,62,32,Z2,Z3,No
ORD-6532,14:01,Monday,3,515,20,Very High,3,1,5.8,Severe,Clear,Urban,Moderate,Yes,53,55,Z7,Z8,No
ORD-6533,14:04,Monday,3,390,18,High,6,7,3.9,Low,Cold,Urban,Moderate,Yes,61,44,Z7,Z4,No
ORD-6534,19:15,Wednesday,1,356,12,Moderate,3,1,4.3,Moderate,Clear,Urban,Moderate,Yes,30,40,Z1,Z5,No
ORD-6535,21:20,Monday,2,324,10,Low,11,2,4.9,Severe,Clear,Dense Urban,Moderate,Yes,58,63,Z2,Z2,No
ORD-6536,13:08,Thursday,2,295,16,Very High,6,7,4.0,Low,Clear,Suburban,Moderate,Yes,40,51,Z5,Z8,No
ORD-6537,13:14,Monday,3,410,22,Very High,4,2,3.0,Moderate,Clear,Urban,Experienced,Yes,40,56,Z3,Z7,No
ORD-6538,14:31,Saturday,4,457,13,Moderate,7,2,4.8,Low,Clear,Suburban,Experienced,No,35,40,Z2,Z4,No
ORD-6539,11:07,Monday,5,1029,19,Very High,2,5,4.1,Heavy,Rain,Urban,Experienced,No,50,50,Z1,Z8,Yes
ORD-6540,20:18,Wednesday,6,680,16,High,3,2,1.8,Moderate,Clear,Dense Urban,Experienced,Yes,32,42,Z6,Z8,No
ORD-6541,12:12,Saturday,1,161,10,Moderate,8,3,2.7,Moderate,Rain,Urban,Moderate,Yes,33,37,Z5,Z1,No
ORD-6542,13:24,Friday,3,328,14,Moderate,1,8,4.8,Severe,Clear,Dense Urban,Moderate,Yes,51,49,Z3,Z1,No
ORD-6543,12:08,Friday,3,409,19,Very High,3,9,3.7,Moderate,Clear,Dense Urban,Experienced,Yes,47,40,Z7,Z6,No
ORD-6544,21:25,Saturday,2,392,10,High,1,2,5.1,Low,Clear,Urban,Moderate,Yes,28,42,Z4,Z1,No
ORD-6545,15:46,Saturday,5,626,11,Low,5,5,2.4,Low,Clear,Dense Urban,New,No,33,38,Z3,Z6,No
ORD-6546,22:03,Saturday,10,2190,52,Very High,9,3,1.9,Heavy,Rain,Urban,Moderate,Yes,76,46,Z8,Z4,No
ORD-6547,12:28,Tuesday,3,481,25,Very High,5,6,5.6,Heavy,Clear,Urban,Moderate,Yes,56,45,Z3,Z5,No
ORD-6548,12:46,Saturday,3,481,23,Very High,9,8,3.7,Heavy,Rain,Urban,Experienced,Yes,54,40,Z4,Z8,No
ORD-6549,11:43,Wednesday,3,296,12,Moderate,1,3,1.3,Low,Clear,Urban,Experienced,No,22,30,Z6,Z8,No
ORD-6550,12:17,Sunday,3,666,18,Moderate,5,2,1.3,Heavy,Rain,Urban,Experienced,Yes,33,29,Z4,Z1,No
ORD-6551,12:21,Wednesday,5,964,16,High,5,3,4.1,Moderate,Cold,Urban,Moderate,Yes,39,42,Z7,Z6,No
ORD-6552,22:46,Sunday,3,600,10,Low,1,5,7.6,Moderate,Cold,Urban,New,No,39,49,Z8,Z7,No
ORD-6553,19:45,Thursday,3,389,15,Moderate,5,2,2.5,Low,Clear,Urban,Experienced,Yes,53,32,Z4,Z3,No
ORD-6554,21:26,Sunday,3,453,13,Moderate,13,4,3.2,Heavy,Rain,Urban,Moderate,Yes,46,40,Z4,Z7,No
ORD-6555,18:44,Saturday,4,467,24,Moderate,3,3,4.1,Moderate,Clear,Dense Urban,Experienced,No,48,42,Z5,Z4,No
ORD-6556,12:52,Saturday,5,873,17,High,5,6,2.6,Moderate,Clear,Dense Urban,Moderate,Yes,43,40,Z2,Z6,No
ORD-6557,22:01,Monday,4,641,24,Moderate,10,4,7.5,Low,Rain,Suburban,New,Yes,60,52,Z1,Z8,No
ORD-6558,12:56,Sunday,3,916,7,Moderate,7,2,1.7,Heavy,Clear,Suburban,Experienced,Yes,25,43,Z3,Z3,No
ORD-6559,09:12,Wednesday,2,322,21,Very High,2,4,1.7,Moderate,Clear,Dense Urban,Moderate,No,39,34,Z2,Z4,No
ORD-6560,13:26,Wednesday,1,199,14,Moderate,9,5,5.2,Moderate,Rain,Suburban,Moderate,Yes,46,67,Z6,Z8,No
ORD-6561,19:59,Wednesday,2,350,14,High,13,3,6.1,Heavy,Clear,Suburban,Experienced,Yes,54,49,Z7,Z6,Yes
ORD-6562,12:38,Sunday,1,176,14,High,2,6,9.0,Moderate,Rain,Suburban,Moderate,Yes,50,59,Z4,Z7,No
ORD-6563,22:08,Sunday,4,1096,25,Very High,1,5,3.2,Moderate,Hot,Urban,Experienced,Yes,47,48,Z4,Z8,Yes
ORD-6564,20:15,Monday,2,404,11,Low,7,2,2.2,Heavy,Cold,Suburban,Moderate,Yes,31,52,Z2,Z6,No
ORD-6565,21:08,Saturday,3,759,18,Moderate,4,6,3.7,Severe,Clear,Urban,Moderate,Yes,47,42,Z2,Z1,No
ORD-6566,12:11,Saturday,4,378,15,Moderate,3,6,1.3,Heavy,Clear,Urban,Experienced,Yes,35,28,Z4,Z8,Yes
ORD-6567,12:52,Saturday,5,1342,15,Moderate,5,3,1.9,Low,Clear,Suburban,Experienced,Yes,30,33,Z2,Z4,No
ORD-6568,13:18,Monday,2,419,12,Moderate,26,6,3.7,Moderate,Clear,Dense Urban,New,Yes,62,37,Z1,Z4,No
ORD-6569,12:49,Wednesday,4,475,18,High,3,4,4.0,Severe,Rain,Dense Urban,Moderate,Yes,54,70,Z2,Z4,No
ORD-6570,21:56,Friday,4,616,12,Low,5,2,5.6,Moderate,Clear,Suburban,Moderate,Yes,39,46,Z6,Z3,No
ORD-6571,13:16,Tuesday,4,917,12,High,4,9,3.2,Heavy,Clear,Urban,Experienced,Yes,40,43,Z3,Z8,No
ORD-6572,11:50,Monday,11,1434,23,Low,1,4,3.4,Low,Rain,Suburban,New,No,42,45,Z2,Z2,No
ORD-6573,19:06,Friday,4,815,13,Moderate,6,2,2.2,Heavy,Clear,Urban,New,Yes,33,32,Z8,Z7,No
ORD-6574,19:52,Monday,7,1823,33,High,2,2,8.6,Moderate,Cold,Urban,Experienced,Yes,66,68,Z7,Z7,Yes
ORD-6575,19:09,Wednesday,4,842,13,Moderate,22,4,4.0,Moderate,Clear,Urban,New,Yes,57,38,Z3,Z2,Yes
ORD-6576,19:48,Monday,3,360,17,Very High,2,4,4.2,Severe,Clear,Urban,Experienced,Yes,58,47,Z2,Z4,No
ORD-6577,18:10,Friday,1,175,6,Moderate,3,7,0.9,Heavy,Clear,Urban,Moderate,No,23,26,Z2,Z1,No
ORD-6578,17:56,Monday,3,453,19,High,5,3,6.3,Low,Clear,Suburban,Moderate,No,41,49,Z3,Z7,No
ORD-6579,13:46,Sunday,3,480,17,Very High,5,8,6.3,Severe,Rain,Dense Urban,New,Yes,82,60,Z4,Z2,No
ORD-6580,12:56,Wednesday,5,967,19,Moderate,3,4,2.9,Moderate,Clear,Dense Urban,New,Yes,43,36,Z1,Z7,No
ORD-6581,22:38,Saturday,2,285,6,Low,2,1,3.8,Moderate,Clear,Urban,Experienced,No,22,36,Z5,Z1,No
ORD-6582,20:16,Tuesday,2,303,12,High,4,5,2.7,Heavy,Clear,Suburban,Moderate,Yes,32,40,Z4,Z8,No
ORD-6583,14:51,Monday,1,124,10,High,1,2,2.8,Severe,Clear,Dense Urban,Moderate,No,35,37,Z7,Z7,No
ORD-6584,14:18,Saturday,1,183,6,Moderate,3,7,2.1,Severe,Clear,Urban,Experienced,Yes,27,33,Z3,Z2,No
ORD-6585,23:00,Friday,3,1092,10,Moderate,1,3,3.7,Moderate,Rain,Urban,Moderate,No,30,41,Z1,Z4,No
ORD-6586,19:03,Sunday,5,532,13,High,14,7,4.9,Moderate,Rain,Suburban,Moderate,Yes,61,53,Z3,Z4,No
ORD-6587,12:38,Tuesday,3,512,14,High,3,1,5.9,Heavy,Rain,Suburban,Moderate,Yes,65,57,Z4,Z6,No
ORD-6588,21:39,Sunday,2,338,15,High,1,7,2.3,Heavy,Clear,Urban,Moderate,Yes,35,39,Z5,Z6,No
ORD-6589,11:34,Tuesday,3,373,6,Low,4,2,8.2,Moderate,Rain,Urban,Moderate,No,47,58,Z3,Z8,No
ORD-6590,21:14,Friday,3,435,22,High,1,2,2.3,Severe,Cold,Dense Urban,New,Yes,43,33,Z7,Z5,No
ORD-6591,15:04,Tuesday,5,842,19,High,2,5,4.9,Moderate,Fog,Dense Urban,Experienced,No,47,46,Z6,Z6,No
ORD-6592,17:28,Sunday,1,250,6,Moderate,2,4,2.6,Moderate,Cold,Dense Urban,New,No,27,33,Z6,Z1,No
ORD-6593,14:21,Friday,5,874,15,Moderate,9,2,2.6,Heavy,Rain,Dense Urban,Experienced,Yes,43,40,Z6,Z2,No
ORD-6594,11:31,Thursday,4,375,11,Low,1,4,5.5,Low,Hot,Urban,Experienced,No,31,46,Z8,Z8,No
ORD-6595,13:26,Friday,2,511,14,Moderate,1,5,1.2,Moderate,Clear,Urban,New,Yes,28,24,Z3,Z6,No
ORD-6596,22:12,Sunday,3,562,18,High,10,2,3.3,Heavy,Clear,Urban,Moderate,Yes,45,44,Z2,Z7,No
ORD-6597,17:57,Saturday,1,132,8,High,5,4,3.6,Low,Cold,Dense Urban,Moderate,No,40,36,Z4,Z6,No
ORD-6598,18:40,Thursday,2,375,16,Moderate,3,3,3.7,Low,Clear,Suburban,Moderate,No,33,35,Z7,Z4,No
ORD-6599,12:17,Saturday,7,1403,18,Moderate,6,2,4.0,Moderate,Clear,Urban,Moderate,Yes,44,49,Z7,Z5,Yes
ORD-6600,13:03,Monday,1,180,13,Very High,2,5,6.5,Moderate,Clear,Dense Urban,Moderate,Yes,46,51,Z7,Z3,No
ORD-6601,14:09,Thursday,3,791,11,Moderate,4,1,2.6,Moderate,Clear,Urban,Experienced,Yes,26,35,Z6,Z3,No
ORD-6602,19:20,Wednesday,2,245,12,High,5,3,6.6,Heavy,Rain,Urban,Moderate,Yes,48,56,Z8,Z4,No
ORD-6603,13:35,Wednesday,3,521,15,High,2,3,1.1,Heavy,Rain,Dense Urban,New,Yes,32,31,Z8,Z4,No
ORD-6604,20:25,Sunday,5,661,35,High,8,10,3.7,Low,Rain,Urban,New,Yes,66,60,Z3,Z5,No
ORD-6605,12:56,Friday,3,909,14,High,4,6,3.5,Severe,Clear,Dense Urban,Experienced,Yes,44,58,Z8,Z2,No
ORD-6606,12:46,Sunday,3,306,23,Very High,6,3,3.4,Heavy,Hot,Urban,Experienced,Yes,51,40,Z7,Z1,Yes
ORD-6607,13:13,Wednesday,6,998,9,Moderate,7,2,2.4,Heavy,Clear,Urban,Experienced,Yes,29,40,Z5,Z6,No
ORD-6608,20:59,Thursday,5,940,11,Moderate,3,5,1.3,Heavy,Clear,Suburban,New,Yes,27,30,Z5,Z7,No
ORD-6609,20:36,Sunday,4,572,27,High,12,4,4.3,Heavy,Rain,Dense Urban,Experienced,Yes,67,44,Z2,Z6,No
ORD-6610,19:47,Sunday,3,552,23,High,2,5,1.4,Heavy,Clear,Dense Urban,Moderate,Yes,41,29,Z8,Z2,No
ORD-6611,11:46,Saturday,9,1711,14,Low,5,1,13.3,Low,Clear,Suburban,Moderate,No,66,76,Z4,Z5,No
ORD-6612,22:18,Wednesday,2,497,12,High,6,3,1.1,Moderate,Clear,Suburban,New,Yes,45,31,Z3,Z7,Yes
ORD-6613,19:10,Saturday,5,874,21,Moderate,1,4,1.6,Low,Clear,Urban,Experienced,Yes,33,34,Z5,Z7,No
ORD-6614,13:04,Saturday,7,925,16,Moderate,5,3,5.1,Moderate,Clear,Dense Urban,New,Yes,45,52,Z4,Z6,No
ORD-6615,19:59,Friday,5,746,21,High,6,6,4.8,Severe,Rain,Urban,Experienced,Yes,65,71,Z2,Z7,Yes
ORD-6616,12:14,Saturday,9,1421,29,High,5,6,3.9,Low,Hot,Dense Urban,New,Yes,57,52,Z5,Z4,No
ORD-6617,14:32,Saturday,2,528,15,Moderate,3,4,3.3,Low,Clear,Urban,Experienced,No,52,31,Z4,Z5,No
ORD-6618,20:18,Tuesday,2,215,10,High,3,3,2.9,Heavy,Clear,Urban,Experienced,Yes,29,41,Z8,Z7,No
ORD-6619,21:50,Wednesday,3,509,17,High,4,2,5.2,Moderate,Hot,Urban,Experienced,Yes,41,43,Z3,Z1,No
ORD-6620,17:04,Monday,3,348,35,Very High,10,4,2.9,Low,Clear,Suburban,New,No,60,36,Z5,Z6,No
ORD-6621,22:03,Sunday,2,515,16,High,13,1,2.6,Severe,Rain,Urban,Moderate,Yes,49,39,Z4,Z7,No
ORD-6622,20:11,Monday,5,1178,30,Very High,20,8,1.4,Heavy,Clear,Dense Urban,Moderate,Yes,69,47,Z6,Z6,No
ORD-6623,21:17,Saturday,3,518,14,High,6,2,1.6,Moderate,Fog,Dense Urban,Moderate,Yes,34,37,Z5,Z1,No
ORD-6624,20:20,Friday,3,548,18,Very High,9,5,2.2,Heavy,Clear,Dense Urban,New,Yes,48,36,Z7,Z1,No
ORD-6625,23:45,Sunday,2,192,13,Very High,1,5,1.3,Heavy,Fog,Urban,New,No,28,26,Z2,Z8,No
ORD-6626,12:46,Wednesday,4,508,21,Very High,6,2,1.5,Heavy,Fog,Suburban,Experienced,Yes,42,35,Z7,Z7,Yes
ORD-6627,09:41,Sunday,3,575,11,Low,6,2,0.8,Low,Clear,Urban,Moderate,No,25,50,Z2,Z5,No
ORD-6628,12:36,Tuesday,3,481,15,Moderate,1,3,2.5,Moderate,Rain,Dense Urban,New,Yes,46,34,Z2,Z7,Yes
ORD-6629,11:45,Monday,1,300,19,High,1,9,2.7,Moderate,Clear,Dense Urban,Moderate,No,42,50,Z1,Z5,No
ORD-6630,13:05,Friday,2,349,16,High,12,5,4.4,Heavy,Clear,Urban,New,Yes,50,46,Z7,Z5,No
ORD-6631,13:17,Tuesday,3,721,20,Moderate,3,2,1.9,Moderate,Clear,Dense Urban,Experienced,Yes,36,34,Z5,Z6,No
ORD-6632,17:47,Wednesday,1,187,13,Moderate,4,3,3.9,Moderate,Rain,Urban,Experienced,No,53,31,Z6,Z8,Yes
ORD-6633,18:09,Thursday,3,949,7,Low,1,3,5.5,Low,Rain,Dense Urban,Moderate,No,32,40,Z1,Z5,No
ORD-6634,21:43,Friday,4,1019,26,Moderate,3,1,2.3,Moderate,Clear,Dense Urban,Moderate,Yes,43,37,Z3,Z1,No
ORD-6635,21:56,Friday,3,419,22,High,5,3,1.7,Low,Rain,Urban,Moderate,Yes,39,33,Z8,Z8,No
ORD-6636,19:31,Sunday,2,270,11,Low,3,4,5.2,Severe,Fog,Urban,Moderate,Yes,52,63,Z3,Z4,No
ORD-6637,11:18,Monday,3,711,7,Moderate,3,1,3.8,Low,Clear,Urban,Experienced,No,22,40,Z3,Z6,No
ORD-6638,13:18,Sunday,2,479,10,High,4,2,1.8,Heavy,Clear,Urban,Moderate,Yes,49,30,Z8,Z3,No
ORD-6639,22:20,Monday,3,500,22,High,2,2,1.2,Heavy,Clear,Dense Urban,Experienced,Yes,37,30,Z8,Z2,No
ORD-6640,18:23,Tuesday,1,213,6,Low,6,2,3.6,Low,Clear,Urban,Experienced,No,25,30,Z3,Z6,No
ORD-6641,12:07,Monday,5,1328,21,Very High,2,6,8.8,Heavy,Clear,Dense Urban,Moderate,Yes,69,65,Z8,Z5,No
ORD-6642,17:59,Thursday,2,605,9,Low,5,3,4.4,Low,Fog,Suburban,Moderate,No,29,52,Z4,Z3,No
ORD-6643,12:53,Saturday,1,194,13,Very High,3,5,2.7,Moderate,Rain,Dense Urban,New,Yes,36,37,Z3,Z8,No
ORD-6644,22:30,Monday,3,658,14,Moderate,1,2,1.2,Moderate,Rain,Dense Urban,Experienced,No,27,31,Z5,Z8,No
ORD-6645,13:07,Wednesday,1,295,7,Moderate,3,11,3.4,Severe,Fog,Dense Urban,Moderate,Yes,49,44,Z5,Z2,No
ORD-6646,22:04,Tuesday,5,941,29,Very High,3,1,7.5,Heavy,Fog,Suburban,New,Yes,68,64,Z2,Z2,No
ORD-6647,19:56,Monday,2,324,10,Moderate,7,9,2.5,Heavy,Clear,Dense Urban,Experienced,Yes,40,37,Z5,Z8,No
ORD-6648,19:16,Saturday,3,633,20,High,2,7,2.4,Moderate,Clear,Urban,Moderate,Yes,39,36,Z2,Z6,No
ORD-6649,17:58,Friday,7,1104,16,Moderate,8,2,3.5,Moderate,Clear,Urban,Moderate,No,38,42,Z8,Z6,No
ORD-6650,21:52,Monday,2,250,18,Very High,7,3,1.4,Heavy,Rain,Dense Urban,Moderate,Yes,40,36,Z5,Z3,No
ORD-6651,12:44,Wednesday,3,464,13,Very High,3,3,3.8,Heavy,Clear,Urban,Experienced,Yes,33,41,Z7,Z1,No
ORD-6652,12:01,Tuesday,3,388,15,Moderate,3,1,2.7,Moderate,Clear,Urban,Experienced,Yes,33,36,Z5,Z4,Yes
ORD-6653,12:29,Thursday,5,1387,17,Moderate,15,3,4.8,Moderate,Clear,Suburban,Moderate,Yes,48,44,Z3,Z1,No
ORD-6654,13:17,Monday,5,1419,23,High,8,2,3.8,Moderate,Cold,Suburban,New,Yes,47,41,Z3,Z3,No
ORD-6655,14:41,Sunday,2,464,14,High,2,2,1.8,Low,Clear,Urban,Moderate,No,37,24,Z3,Z7,Yes
ORD-6656,14:36,Saturday,3,543,10,Moderate,4,2,4.0,Heavy,Clear,Suburban,Moderate,No,33,37,Z1,Z6,No
ORD-6657,17:23,Thursday,3,734,17,Moderate,6,5,6.4,Moderate,Clear,Dense Urban,Experienced,No,50,42,Z7,Z8,No
ORD-6658,16:11,Friday,1,165,9,Moderate,4,3,8.7,Moderate,Clear,Suburban,Moderate,No,45,56,Z6,Z4,No
ORD-6659,13:26,Sunday,3,594,15,Moderate,6,4,2.0,Severe,Clear,Dense Urban,Experienced,Yes,39,32,Z2,Z8,No
ORD-6660,20:36,Wednesday,2,329,10,Moderate,17,6,4.1,Moderate,Clear,Suburban,Experienced,Yes,46,53,Z4,Z5,No
ORD-6661,20:32,Sunday,3,493,17,High,10,3,4.1,Severe,Hot,Dense Urban,Moderate,Yes,55,43,Z8,Z5,No
ORD-6662,19:39,Saturday,2,536,13,Very High,7,2,3.5,Heavy,Clear,Urban,Experienced,Yes,57,44,Z8,Z3,Yes
ORD-6663,21:43,Friday,3,678,16,Moderate,5,4,3.5,Heavy,Clear,Urban,New,Yes,45,37,Z2,Z4,Yes
ORD-6664,19:27,Monday,3,552,21,Very High,3,3,2.0,Severe,Rain,Urban,Moderate,Yes,41,38,Z5,Z7,No
ORD-6665,19:33,Sunday,2,498,9,Moderate,1,4,1.8,Moderate,Clear,Dense Urban,Moderate,Yes,25,29,Z5,Z4,No
ORD-6666,10:57,Wednesday,5,613,9,Low,13,3,3.3,Moderate,Rain,Suburban,Experienced,No,39,36,Z1,Z8,No
ORD-6667,20:34,Tuesday,1,144,9,High,2,7,0.9,Moderate,Rain,Urban,Experienced,Yes,24,26,Z4,Z5,No
ORD-6668,19:27,Wednesday,2,425,12,High,1,2,1.7,Heavy,Clear,Dense Urban,Moderate,Yes,28,55,Z6,Z7,No
ORD-6669,19:45,Monday,4,549,14,Moderate,2,6,3.6,Low,Clear,Suburban,Experienced,Yes,32,43,Z8,Z7,No
ORD-6670,18:23,Tuesday,1,183,12,Low,2,2,8.1,Moderate,Clear,Suburban,Moderate,No,39,55,Z5,Z7,No
ORD-6671,20:20,Thursday,5,962,25,High,5,3,3.4,Heavy,Hot,Urban,Moderate,Yes,48,45,Z7,Z1,No
ORD-6672,20:21,Monday,3,441,16,High,7,7,1.2,Low,Hot,Suburban,Moderate,Yes,40,35,Z6,Z7,Yes
ORD-6673,18:24,Thursday,1,138,9,High,2,2,3.8,Heavy,Rain,Urban,Experienced,No,28,38,Z7,Z7,No
ORD-6674,13:42,Saturday,3,383,24,High,3,5,2.1,Heavy,Clear,Urban,Experienced,Yes,45,37,Z6,Z8,Yes
ORD-6675,14:21,Saturday,3,211,23,High,1,5,5.8,Severe,Clear,Urban,Experienced,Yes,61,57,Z2,Z3,No
ORD-6676,18:19,Saturday,2,446,6,Low,5,1,3.5,Low,Rain,Urban,Experienced,No,24,30,Z8,Z7,No
ORD-6677,20:28,Sunday,6,803,13,Moderate,25,19,0.6,Severe,Rain,Dense Urban,New,Yes,67,33,Z7,Z4,No
ORD-6678,13:48,Thursday,2,637,7,Moderate,10,4,4.5,Low,Fog,Suburban,Moderate,Yes,36,42,Z5,Z6,No
ORD-6679,20:29,Friday,1,176,9,Moderate,6,6,2.2,Moderate,Rain,Dense Urban,Moderate,Yes,36,35,Z4,Z7,No
ORD-6680,20:55,Thursday,6,442,27,High,9,5,3.7,Heavy,Clear,Dense Urban,New,Yes,59,47,Z8,Z4,No
ORD-6681,23:05,Friday,4,484,24,High,2,3,0.9,Moderate,Clear,Dense Urban,Experienced,No,37,49,Z1,Z4,No
ORD-6682,17:09,Friday,3,652,12,High,4,1,5.1,Moderate,Rain,Urban,Moderate,No,44,46,Z3,Z5,Yes
ORD-6683,22:57,Monday,3,735,14,Moderate,1,5,1.9,Moderate,Clear,Urban,New,No,30,27,Z2,Z1,No
ORD-6684,21:52,Saturday,2,350,12,Moderate,9,5,6.7,Severe,Clear,Urban,New,Yes,67,72,Z7,Z3,No
ORD-6685,20:11,Thursday,2,245,17,Very High,3,2,4.5,Moderate,Clear,Suburban,Experienced,Yes,37,36,Z5,Z5,No
ORD-6686,15:12,Monday,2,445,10,Moderate,2,6,3.2,Low,Clear,Urban,Moderate,No,27,41,Z4,Z3,No
ORD-6687,14:01,Sunday,5,666,26,Very High,17,3,9.4,Moderate,Rain,Dense Urban,Moderate,Yes,85,63,Z4,Z8,No
ORD-6688,18:01,Wednesday,2,478,11,Moderate,6,2,2.1,Moderate,Clear,Suburban,Experienced,No,27,24,Z5,Z3,No
ORD-6689,12:03,Monday,2,431,12,Low,8,3,4.2,Severe,Clear,Dense Urban,Moderate,Yes,47,45,Z3,Z6,No
ORD-6690,11:33,Thursday,2,471,6,Low,6,2,0.7,Moderate,Hot,Dense Urban,Experienced,No,22,38,Z8,Z1,No
ORD-6691,19:57,Wednesday,3,648,11,High,6,6,2.6,Moderate,Clear,Urban,Experienced,Yes,34,36,Z8,Z3,No
ORD-6692,20:35,Friday,1,147,18,High,2,3,2.6,Heavy,Clear,Suburban,Moderate,Yes,34,49,Z8,Z7,No
ORD-6693,21:09,Saturday,2,290,7,Low,1,2,5.1,Moderate,Clear,Dense Urban,Experienced,Yes,41,55,Z7,Z4,No
ORD-6694,21:45,Wednesday,2,346,41,Moderate,3,1,5.8,Heavy,Hot,Urban,New,Yes,68,50,Z1,Z5,No
ORD-6695,11:21,Friday,3,721,13,Low,3,6,4.2,Moderate,Clear,Urban,New,No,39,46,Z1,Z3,No
ORD-6696,12:24,Sunday,2,296,16,Very High,5,2,1.7,Severe,Clear,Dense Urban,Moderate,Yes,36,38,Z6,Z5,No
ORD-6697,15:58,Sunday,3,643,13,High,6,3,3.0,Severe,Clear,Dense Urban,Experienced,No,42,40,Z2,Z7,No
ORD-6698,22:37,Thursday,2,433,10,Moderate,6,2,1.1,Low,Clear,Dense Urban,Moderate,No,26,23,Z3,Z7,No
ORD-6699,20:50,Sunday,2,417,18,Very High,5,4,5.0,Moderate,Clear,Suburban,Moderate,Yes,44,43,Z5,Z1,No
ORD-6700,15:12,Saturday,3,366,16,Moderate,1,6,6.1,Moderate,Clear,Suburban,Experienced,No,40,49,Z5,Z3,No
ORD-6701,21:09,Thursday,2,536,58,Moderate,6,1,3.4,Moderate,Hot,Suburban,Experienced,Yes,75,38,Z1,Z6,No
ORD-6702,20:58,Wednesday,5,436,20,High,1,2,4.8,Low,Rain,Urban,Experienced,Yes,36,44,Z8,Z6,No
ORD-6703,19:26,Wednesday,5,948,17,Very High,7,2,9.0,Severe,Clear,Suburban,Moderate,Yes,78,68,Z2,Z5,No
ORD-6704,19:32,Tuesday,7,1626,20,High,14,7,2.7,Heavy,Hot,Suburban,Moderate,Yes,56,38,Z2,Z3,No
ORD-6705,23:24,Tuesday,4,933,27,High,3,3,2.7,Low,Clear,Dense Urban,Experienced,No,58,37,Z5,Z8,No
ORD-6706,20:17,Monday,3,507,18,Moderate,5,6,6.8,Low,Clear,Suburban,New,Yes,51,49,Z5,Z7,No
ORD-6707,20:41,Monday,2,323,19,Very High,6,3,1.4,Moderate,Fog,Dense Urban,New,Yes,40,35,Z1,Z4,No
ORD-6708,12:07,Friday,3,392,19,High,8,5,5.2,Heavy,Clear,Dense Urban,Moderate,Yes,57,51,Z1,Z2,No
ORD-6709,13:10,Monday,2,363,8,Low,5,3,1.1,Heavy,Clear,Dense Urban,Experienced,Yes,26,28,Z7,Z7,No
ORD-6710,18:35,Saturday,3,431,10,Moderate,1,6,3.2,Low,Clear,Urban,New,No,29,36,Z2,Z8,No
ORD-6711,13:43,Saturday,4,870,15,Moderate,10,2,1.0,Severe,Clear,Dense Urban,New,Yes,38,34,Z6,Z2,No
ORD-6712,18:27,Sunday,7,1024,33,Very High,1,2,7.3,Low,Hot,Suburban,Experienced,No,54,52,Z6,Z3,No
ORD-6713,13:35,Sunday,1,123,13,High,3,3,4.2,Severe,Clear,Urban,Experienced,Yes,43,46,Z5,Z2,No
ORD-6714,17:42,Friday,5,512,20,Low,3,3,0.8,Low,Hot,Urban,Moderate,No,31,26,Z5,Z6,No
ORD-6715,18:00,Tuesday,4,520,8,Moderate,3,2,5.6,Moderate,Hot,Suburban,Experienced,No,39,48,Z5,Z5,No
ORD-6716,18:21,Thursday,5,831,12,Low,1,3,2.5,Low,Rain,Suburban,New,No,25,32,Z4,Z5,No
ORD-6717,13:10,Saturday,2,324,11,Very High,3,2,10.9,Severe,Rain,Suburban,Moderate,Yes,74,85,Z6,Z6,Yes
ORD-6718,12:56,Sunday,5,1178,38,Very High,4,3,8.2,Moderate,Clear,Suburban,Moderate,Yes,68,59,Z3,Z4,No
ORD-6719,21:52,Saturday,4,631,21,High,6,4,4.8,Severe,Clear,Urban,Experienced,Yes,56,53,Z4,Z3,No
ORD-6720,10:20,Sunday,3,342,8,Low,1,3,6.4,Heavy,Clear,Urban,Moderate,No,38,51,Z7,Z6,No
ORD-6721,15:51,Monday,2,417,14,Low,8,2,1.9,Low,Clear,Urban,Experienced,No,31,27,Z7,Z8,No
ORD-6722,12:30,Sunday,1,139,9,Moderate,9,3,5.2,Moderate,Hot,Urban,New,Yes,40,46,Z4,Z1,No
ORD-6723,12:07,Thursday,2,425,11,High,2,8,1.5,Moderate,Fog,Urban,Moderate,Yes,30,49,Z8,Z8,No
ORD-6724,14:57,Tuesday,2,241,19,Very High,4,3,3.3,Low,Clear,Suburban,New,No,36,35,Z5,Z3,No
ORD-6725,19:43,Tuesday,2,395,15,High,3,4,7.0,Moderate,Clear,Urban,Moderate,Yes,45,48,Z4,Z7,No
ORD-6726,19:29,Sunday,3,1265,11,Moderate,6,3,5.4,Heavy,Clear,Urban,Experienced,Yes,39,44,Z3,Z8,No
ORD-6727,20:45,Saturday,1,138,9,Moderate,2,2,0.8,Heavy,Rain,Urban,Moderate,Yes,20,29,Z3,Z5,No
ORD-6728,15:23,Tuesday,4,605,10,Low,2,3,2.8,Low,Rain,Urban,Experienced,No,25,36,Z2,Z6,No
ORD-6729,21:11,Saturday,2,619,16,High,4,3,5.5,Low,Cold,Urban,Experienced,Yes,43,59,Z5,Z6,Yes
ORD-6730,12:15,Sunday,2,367,6,Low,2,3,12.0,Moderate,Hot,Suburban,New,Yes,43,67,Z6,Z3,No
ORD-6731,12:01,Friday,1,117,7,Moderate,3,2,6.9,Heavy,Clear,Urban,Moderate,Yes,35,52,Z8,Z4,No
ORD-6732,14:59,Wednesday,10,2065,30,Moderate,1,3,1.2,Low,Clear,Urban,Experienced,No,40,34,Z5,Z5,No
ORD-6733,11:51,Wednesday,2,293,48,Very High,3,3,5.2,Moderate,Clear,Suburban,Moderate,No,68,46,Z6,Z3,No
ORD-6734,12:06,Tuesday,1,248,10,High,6,3,4.3,Low,Rain,Urban,Experienced,Yes,34,39,Z1,Z1,No
ORD-6735,21:41,Friday,3,346,13,Very High,5,2,4.5,Severe,Fog,Suburban,Moderate,Yes,45,47,Z8,Z3,No
ORD-6736,19:34,Saturday,2,398,14,Very High,5,8,5.9,Moderate,Rain,Urban,Experienced,Yes,50,50,Z3,Z6,No
ORD-6737,20:38,Saturday,4,775,16,Very High,7,3,3.7,Moderate,Rain,Suburban,New,Yes,41,47,Z8,Z2,No
ORD-6738,19:51,Wednesday,3,399,21,Very High,7,14,0.9,Moderate,Clear,Urban,Moderate,Yes,48,30,Z3,Z6,No
ORD-6739,13:18,Saturday,3,582,16,High,4,3,1.4,Heavy,Rain,Dense Urban,New,Yes,37,31,Z6,Z8,No
ORD-6740,12:49,Saturday,5,611,24,High,6,3,2.5,Heavy,Rain,Urban,New,Yes,46,68,Z2,Z7,No
ORD-6741,19:51,Wednesday,4,465,14,Low,9,1,8.6,Moderate,Clear,Suburban,Moderate,Yes,47,55,Z8,Z1,No
ORD-6742,19:42,Friday,2,512,12,Moderate,8,7,3.6,Moderate,Clear,Urban,Experienced,Yes,42,40,Z7,Z4,No
ORD-6743,12:13,Thursday,4,978,17,High,2,1,1.2,Moderate,Clear,Urban,Moderate,Yes,27,56,Z2,Z8,No
ORD-6744,20:29,Sunday,3,489,12,High,8,3,5.7,Severe,Clear,Dense Urban,Moderate,Yes,59,54,Z2,Z4,No
ORD-6745,18:54,Monday,2,406,12,Low,2,4,4.7,Moderate,Rain,Urban,Moderate,No,37,39,Z2,Z4,No
ORD-6746,22:05,Thursday,5,706,34,Very High,12,8,3.1,Heavy,Cold,Suburban,Moderate,Yes,71,40,Z4,Z1,Yes
ORD-6747,13:04,Friday,5,617,19,High,6,10,4.2,Moderate,Clear,Suburban,Experienced,Yes,49,46,Z6,Z1,No
ORD-6748,14:22,Sunday,3,623,19,Moderate,6,4,1.1,Heavy,Clear,Urban,Moderate,Yes,37,26,Z8,Z3,No
ORD-6749,17:56,Sunday,1,153,12,Very High,3,2,3.7,Low,Rain,Dense Urban,Moderate,No,34,37,Z1,Z1,No
ORD-6750,13:03,Friday,4,741,10,High,5,3,3.6,Low,Cold,Urban,Moderate,Yes,29,39,Z8,Z1,No
ORD-6751,22:16,Saturday,4,749,26,High,5,7,2.4,Moderate,Rain,Suburban,Experienced,Yes,52,37,Z5,Z2,Yes
ORD-6752,12:58,Wednesday,5,1330,18,High,3,2,6.9,Heavy,Rain,Urban,Moderate,Yes,54,61,Z1,Z2,No
ORD-6753,12:34,Monday,4,826,21,High,3,5,1.2,Heavy,Clear,Urban,Moderate,Yes,40,35,Z4,Z4,Yes
ORD-6754,13:14,Thursday,2,437,10,Moderate,10,2,5.9,Moderate,Clear,Urban,Experienced,Yes,40,48,Z6,Z1,No
ORD-6755,12:56,Tuesday,5,1302,20,Moderate,1,5,4.8,Moderate,Fog,Urban,New,Yes,46,42,Z2,Z4,No
ORD-6756,19:40,Wednesday,5,922,17,Moderate,1,9,3.7,Moderate,Clear,Urban,Moderate,Yes,40,62,Z5,Z2,No
ORD-6757,13:50,Friday,9,1846,30,Moderate,3,1,1.8,Moderate,Clear,Dense Urban,Experienced,Yes,45,43,Z5,Z6,No
ORD-6758,13:43,Wednesday,11,2463,31,Moderate,5,5,8.1,Moderate,Clear,Suburban,Moderate,Yes,80,68,Z1,Z3,No
ORD-6759,19:11,Thursday,2,533,9,Moderate,3,1,2.1,Moderate,Clear,Dense Urban,Moderate,Yes,25,28,Z3,Z3,No
ORD-6760,19:07,Saturday,3,404,19,High,14,5,4.1,Heavy,Rain,Suburban,Experienced,Yes,59,43,Z5,Z4,No
ORD-6761,15:43,Sunday,3,473,13,Moderate,7,5,3.0,Moderate,Clear,Suburban,Moderate,No,40,36,Z1,Z1,Yes
ORD-6762,10:38,Friday,3,444,13,High,3,1,2.5,Low,Clear,Urban,Moderate,No,26,35,Z4,Z6,No
ORD-6763,12:21,Sunday,1,127,10,Moderate,3,13,3.0,Heavy,Cold,Dense Urban,New,Yes,48,30,Z2,Z1,No
ORD-6764,11:38,Saturday,3,482,12,High,1,9,4.7,Moderate,Rain,Urban,New,No,41,40,Z2,Z5,No
ORD-6765,19:58,Saturday,2,300,11,High,5,2,4.8,Heavy,Rain,Urban,New,Yes,44,43,Z8,Z2,No
ORD-6766,12:14,Saturday,3,1057,8,Moderate,4,8,3.2,Low,Rain,Urban,Experienced,Yes,30,34,Z4,Z6,No
ORD-6767,10:26,Saturday,1,292,6,Moderate,3,4,2.3,Low,Clear,Urban,New,No,22,24,Z2,Z7,No
ORD-6768,11:59,Monday,4,626,15,Moderate,2,3,1.0,Heavy,Clear,Urban,Experienced,No,27,32,Z2,Z4,No
ORD-6769,14:58,Friday,2,301,17,Low,3,3,1.5,Low,Rain,Urban,Moderate,No,31,30,Z5,Z1,No
ORD-6770,14:02,Wednesday,1,254,13,High,6,9,1.9,Heavy,Rain,Dense Urban,Moderate,Yes,44,29,Z4,Z2,No
ORD-6771,14:39,Tuesday,3,410,10,High,3,5,3.2,Moderate,Cold,Suburban,Moderate,No,30,41,Z1,Z6,No
ORD-6772,13:55,Sunday,4,499,19,High,2,7,2.1,Moderate,Hot,Urban,Moderate,Yes,37,35,Z2,Z1,No
ORD-6773,16:48,Saturday,2,387,13,High,10,3,8.8,Low,Clear,Suburban,Moderate,No,45,54,Z5,Z6,No
ORD-6774,20:33,Friday,2,292,18,Very High,5,9,3.0,Severe,Hot,Dense Urban,New,Yes,65,43,Z8,Z8,No
ORD-6775,20:25,Sunday,3,473,12,High,6,13,3.3,Moderate,Rain,Suburban,New,Yes,46,58,Z3,Z3,No
ORD-6776,12:49,Wednesday,4,945,15,Low,1,7,4.8,Heavy,Clear,Urban,Moderate,Yes,46,42,Z6,Z2,No
ORD-6777,19:52,Monday,5,395,14,Very High,3,2,2.7,Heavy,Clear,Suburban,Experienced,Yes,31,63,Z8,Z3,No
ORD-6778,21:51,Tuesday,5,911,14,Low,1,6,1.2,Heavy,Clear,Urban,New,Yes,29,32,Z8,Z8,No
ORD-6779,21:53,Saturday,10,1214,24,Moderate,4,3,1.4,Heavy,Clear,Dense Urban,Moderate,Yes,45,41,Z5,Z7,Yes
ORD-6780,12:06,Friday,4,394,11,Moderate,12,4,6.1,Heavy,Hot,Dense Urban,Moderate,Yes,64,49,Z7,Z1,No
ORD-6781,19:02,Tuesday,3,459,17,Very High,5,6,4.2,Moderate,Hot,Urban,Experienced,Yes,49,49,Z3,Z6,No
ORD-6782,13:12,Monday,2,764,9,High,13,8,5.3,Heavy,Rain,Suburban,Experienced,Yes,52,45,Z7,Z2,No
ORD-6783,15:19,Friday,3,383,17,Moderate,2,11,3.3,Moderate,Rain,Urban,Experienced,No,47,37,Z5,Z4,No
ORD-6784,14:01,Thursday,1,210,11,Low,2,2,4.7,Severe,Hot,Suburban,Experienced,Yes,37,41,Z8,Z5,No
ORD-6785,13:14,Tuesday,4,541,11,Moderate,3,2,2.4,Heavy,Fog,Dense Urban,Experienced,Yes,33,38,Z5,Z8,No
ORD-6786,19:23,Thursday,3,861,14,High,3,4,1.4,Low,Clear,Suburban,Experienced,Yes,28,32,Z5,Z4,No
ORD-6787,11:40,Saturday,6,1488,22,Moderate,4,7,5.2,Low,Clear,Suburban,Experienced,No,46,45,Z8,Z7,No
ORD-6788,17:06,Tuesday,1,320,6,Low,2,4,5.1,Moderate,Clear,Dense Urban,Moderate,No,35,40,Z4,Z7,No
ORD-6789,20:08,Friday,1,206,8,Low,2,5,2.9,Severe,Rain,Suburban,Experienced,Yes,32,35,Z3,Z5,No
ORD-6790,20:27,Sunday,1,163,6,Low,6,3,4.7,Heavy,Clear,Dense Urban,New,Yes,40,43,Z2,Z6,No
ORD-6791,18:49,Monday,6,913,18,Low,3,5,7.4,Moderate,Rain,Dense Urban,Moderate,No,55,81,Z8,Z1,No
ORD-6792,22:37,Sunday,1,264,15,Very High,2,3,5.5,Severe,Clear,Dense Urban,Experienced,No,51,46,Z5,Z8,No
ORD-6793,14:16,Tuesday,4,505,16,High,1,7,5.2,Heavy,Rain,Dense Urban,Moderate,Yes,52,64,Z1,Z5,No
ORD-6794,15:10,Friday,2,379,20,High,2,6,3.0,Moderate,Clear,Dense Urban,Experienced,No,43,37,Z3,Z4,No
ORD-6795,20:41,Saturday,6,1590,22,High,7,4,3.7,Low,Clear,Urban,Moderate,Yes,45,46,Z6,Z7,No
ORD-6796,11:34,Tuesday,1,98,12,Low,1,2,3.7,Moderate,Clear,Suburban,Moderate,No,27,35,Z1,Z2,No
ORD-6797,12:57,Saturday,2,434,10,Low,11,2,4.2,Low,Clear,Suburban,Moderate,Yes,35,42,Z2,Z7,No
ORD-6798,19:03,Wednesday,3,396,26,Very High,6,10,4.0,Heavy,Clear,Dense Urban,New,Yes,65,40,Z5,Z1,No
ORD-6799,21:02,Thursday,4,553,22,Moderate,22,10,7.8,Heavy,Clear,Urban,Moderate,Yes,82,63,Z1,Z5,No
ORD-6800,18:50,Saturday,4,1048,16,High,9,3,0.8,Heavy,Clear,Dense Urban,Moderate,No,37,26,Z8,Z5,No
ORD-6801,13:09,Sunday,6,782,15,Moderate,4,1,0.6,Moderate,Clear,Urban,Moderate,Yes,26,28,Z8,Z6,No
ORD-6802,21:47,Monday,3,558,9,Moderate,9,3,4.3,Low,Fog,Suburban,Moderate,Yes,34,38,Z2,Z7,No
ORD-6803,15:00,Monday,3,262,14,Moderate,8,3,4.6,Low,Clear,Suburban,Moderate,No,39,41,Z7,Z7,No
ORD-6804,22:22,Friday,1,349,10,Moderate,2,4,7.7,Heavy,Clear,Urban,Experienced,Yes,42,52,Z5,Z6,No
ORD-6805,21:40,Tuesday,2,268,9,Moderate,3,5,3.2,Heavy,Hot,Urban,Experienced,Yes,31,35,Z2,Z8,No
ORD-6806,13:00,Tuesday,5,1281,15,Moderate,3,2,5.6,Moderate,Clear,Dense Urban,Experienced,Yes,43,47,Z6,Z7,No
ORD-6807,12:36,Friday,3,502,12,Moderate,3,5,3.6,Moderate,Rain,Urban,Moderate,Yes,39,52,Z5,Z5,Yes
ORD-6808,20:38,Sunday,4,965,34,Very High,7,3,2.6,Moderate,Clear,Suburban,Moderate,Yes,55,35,Z4,Z4,No
ORD-6809,12:43,Sunday,4,225,18,Moderate,3,5,2.2,Severe,Clear,Urban,Experienced,Yes,38,35,Z6,Z3,No
ORD-6810,21:26,Sunday,3,707,14,Moderate,2,2,1.6,Severe,Clear,Dense Urban,Experienced,Yes,31,28,Z2,Z1,No
ORD-6811,19:30,Saturday,6,1618,27,High,8,4,2.1,Severe,Clear,Dense Urban,New,Yes,57,38,Z4,Z3,No
ORD-6812,17:57,Friday,2,462,10,Moderate,2,4,3.4,Heavy,Rain,Urban,Moderate,No,34,35,Z2,Z5,No
ORD-6813,19:12,Tuesday,6,1566,9,Low,12,5,1.6,Moderate,Clear,Urban,New,Yes,49,33,Z5,Z7,No
ORD-6814,18:37,Saturday,1,181,6,Low,3,5,3.6,Heavy,Clear,Dense Urban,Experienced,No,36,36,Z8,Z7,No
ORD-6815,11:08,Friday,9,807,18,Low,3,5,2.4,Severe,Clear,Dense Urban,Experienced,No,46,43,Z8,Z8,Yes
ORD-6816,21:21,Sunday,3,445,20,Very High,2,4,2.6,Severe,Clear,Suburban,Experienced,Yes,37,44,Z3,Z2,No
ORD-6817,12:21,Friday,7,633,15,Moderate,5,2,2.9,Heavy,Clear,Suburban,Experienced,Yes,35,45,Z2,Z2,No
ORD-6818,12:50,Thursday,6,1124,14,Moderate,7,4,2.8,Moderate,Clear,Dense Urban,New,Yes,38,40,Z2,Z5,No
ORD-6819,20:43,Saturday,5,984,12,Moderate,4,6,3.7,Heavy,Clear,Suburban,New,Yes,40,46,Z6,Z1,No
ORD-6820,21:20,Monday,1,327,11,Moderate,4,3,4.2,Heavy,Cold,Urban,Experienced,Yes,34,39,Z3,Z4,No
ORD-6821,20:15,Sunday,4,439,20,Moderate,13,9,5.2,Moderate,Clear,Suburban,Experienced,Yes,56,47,Z4,Z8,No
ORD-6822,12:35,Saturday,5,1064,32,High,1,5,1.9,Heavy,Clear,Dense Urban,Moderate,Yes,52,37,Z4,Z7,No
ORD-6823,19:46,Tuesday,3,457,16,High,7,4,5.1,Heavy,Rain,Urban,Experienced,Yes,57,56,Z3,Z2,Yes
ORD-6824,21:35,Sunday,1,227,10,Moderate,1,2,4.6,Low,Clear,Urban,Experienced,Yes,27,42,Z8,Z7,No
ORD-6825,18:42,Monday,1,152,9,Moderate,1,2,4.6,Low,Clear,Urban,Moderate,No,35,34,Z6,Z8,No
ORD-6826,22:17,Sunday,3,481,30,Moderate,5,3,3.8,Low,Rain,Urban,Experienced,Yes,51,37,Z5,Z7,No
ORD-6827,18:18,Thursday,3,406,11,Low,2,2,5.9,Moderate,Clear,Urban,Experienced,No,35,46,Z2,Z3,No
ORD-6828,21:48,Thursday,3,745,13,Low,4,3,2.5,Moderate,Hot,Urban,Experienced,Yes,30,59,Z2,Z2,No
ORD-6829,11:52,Thursday,3,464,9,Low,4,2,1.2,Moderate,Clear,Dense Urban,New,No,31,24,Z3,Z1,No
ORD-6830,19:56,Monday,4,500,28,Very High,1,6,5.2,Heavy,Rain,Urban,New,Yes,64,59,Z8,Z2,Yes
ORD-6831,21:09,Friday,3,581,18,Very High,6,3,3.6,Moderate,Rain,Urban,New,Yes,47,43,Z4,Z8,No
ORD-6832,10:21,Wednesday,3,285,10,Low,2,2,3.3,Low,Fog,Suburban,Moderate,No,28,30,Z5,Z7,Yes
ORD-6833,18:47,Saturday,1,191,5,Low,1,2,3.0,Heavy,Rain,Urban,Moderate,No,25,34,Z7,Z2,No
ORD-6834,19:24,Monday,3,572,23,Very High,1,9,5.2,Moderate,Clear,Suburban,Moderate,Yes,50,59,Z6,Z8,No
ORD-6835,19:07,Monday,5,863,23,Moderate,4,8,2.2,Heavy,Clear,Suburban,Moderate,Yes,45,38,Z6,Z4,No
ORD-6836,11:38,Thursday,4,487,11,Low,1,3,2.5,Moderate,Clear,Dense Urban,Experienced,No,28,33,Z7,Z7,No
ORD-6837,13:39,Sunday,1,156,7,Low,7,5,3.7,Low,Clear,Suburban,New,Yes,30,39,Z2,Z1,No
ORD-6838,20:34,Tuesday,3,428,14,Low,11,3,3.1,Heavy,Clear,Urban,Moderate,Yes,49,38,Z3,Z3,No
ORD-6839,12:31,Monday,3,364,11,Moderate,6,5,8.1,Heavy,Hot,Dense Urban,Experienced,Yes,54,56,Z8,Z4,No
ORD-6840,11:33,Saturday,2,406,17,Moderate,1,4,4.2,Heavy,Clear,Urban,Moderate,No,40,38,Z8,Z1,No
ORD-6841,16:11,Saturday,5,1284,25,Moderate,7,4,1.0,Heavy,Clear,Dense Urban,Experienced,No,45,32,Z2,Z8,No
ORD-6842,22:15,Sunday,6,2307,29,High,4,1,2.7,Severe,Clear,Urban,Experienced,Yes,50,42,Z1,Z6,No
ORD-6843,13:19,Saturday,3,353,14,Very High,5,8,0.4,Severe,Rain,Dense Urban,Moderate,Yes,35,33,Z1,Z3,No
ORD-6844,13:20,Sunday,4,566,14,High,1,3,10.5,Low,Clear,Suburban,Moderate,Yes,41,64,Z6,Z8,No
ORD-6845,14:49,Saturday,8,950,17,Moderate,5,1,1.1,Low,Clear,Urban,Moderate,No,30,52,Z7,Z6,No
ORD-6846,20:54,Friday,3,432,22,Very High,2,9,3.6,Heavy,Rain,Urban,New,Yes,52,36,Z8,Z2,No
ORD-6847,20:34,Sunday,1,182,12,Moderate,7,3,5.8,Moderate,Clear,Urban,Moderate,Yes,41,48,Z7,Z2,No
ORD-6848,22:09,Friday,3,537,16,Moderate,5,3,2.0,Heavy,Clear,Urban,Moderate,Yes,34,37,Z6,Z8,No
ORD-6849,17:00,Saturday,2,200,16,Low,1,3,2.0,Severe,Rain,Dense Urban,Moderate,No,38,30,Z6,Z4,No
ORD-6850,21:47,Saturday,4,826,16,High,1,4,1.2,Heavy,Clear,Urban,New,Yes,29,34,Z2,Z5,No
ORD-6851,12:55,Saturday,6,1079,34,High,6,4,4.0,Heavy,Rain,Dense Urban,New,Yes,70,51,Z2,Z6,No
ORD-6852,22:10,Sunday,2,604,12,Moderate,7,8,6.3,Moderate,Hot,Suburban,Experienced,Yes,46,50,Z5,Z8,No
ORD-6853,22:06,Friday,3,413,24,Very High,7,2,2.7,Heavy,Hot,Urban,New,Yes,48,40,Z1,Z6,No
ORD-6854,13:33,Wednesday,4,452,19,High,11,7,3.1,Heavy,Rain,Urban,Experienced,Yes,56,47,Z1,Z1,Yes
ORD-6855,21:32,Wednesday,3,351,23,Very High,4,4,0.6,Heavy,Clear,Dense Urban,Experienced,Yes,46,35,Z5,Z2,No
ORD-6856,13:30,Saturday,1,194,10,Moderate,1,1,2.2,Severe,Clear,Dense Urban,Moderate,Yes,28,32,Z5,Z4,No
ORD-6857,12:59,Sunday,2,344,12,Very High,1,4,3.8,Moderate,Hot,Suburban,Experienced,Yes,30,38,Z8,Z7,No
ORD-6858,12:06,Tuesday,3,251,13,Low,7,6,0.5,Moderate,Clear,Urban,New,Yes,32,27,Z7,Z6,No
ORD-6859,21:59,Sunday,3,503,9,Moderate,9,3,2.3,Heavy,Clear,Dense Urban,Moderate,Yes,39,36,Z1,Z4,No
ORD-6860,21:10,Friday,5,1305,10,Moderate,4,4,3.8,Low,Clear,Urban,New,Yes,30,44,Z6,Z1,No
ORD-6861,13:25,Tuesday,3,1165,9,High,4,4,1.1,Heavy,Rain,Suburban,Experienced,Yes,25,37,Z8,Z3,No
ORD-6862,19:01,Saturday,2,183,19,Very High,2,2,4.0,Moderate,Clear,Urban,Experienced,Yes,34,38,Z8,Z4,No
ORD-6863,11:41,Sunday,2,428,8,Moderate,1,1,4.4,Moderate,Clear,Urban,Experienced,No,24,35,Z7,Z6,No
ORD-6864,21:10,Wednesday,2,345,62,Moderate,1,7,3.4,Heavy,Hot,Urban,Experienced,Yes,87,61,Z2,Z1,Yes
ORD-6865,19:31,Sunday,3,505,9,Low,4,7,1.3,Moderate,Clear,Dense Urban,New,Yes,30,27,Z4,Z6,No
ORD-6866,12:28,Friday,3,571,9,Moderate,7,3,1.9,Low,Clear,Suburban,New,Yes,27,31,Z5,Z8,No
ORD-6867,22:17,Saturday,2,440,9,Moderate,9,9,0.9,Low,Clear,Dense Urban,Moderate,Yes,39,25,Z6,Z2,Yes
ORD-6868,18:09,Thursday,3,417,20,Moderate,5,2,3.4,Low,Clear,Urban,Moderate,No,39,33,Z4,Z4,No
ORD-6869,19:13,Friday,6,1349,25,High,9,4,5.8,Severe,Clear,Urban,Moderate,Yes,69,55,Z3,Z3,Yes
ORD-6870,12:48,Thursday,6,830,10,Moderate,2,2,1.2,Severe,Fog,Urban,Moderate,Yes,23,36,Z5,Z1,No
ORD-6871,21:27,Tuesday,2,526,26,Very High,5,4,11.5,Severe,Clear,Suburban,Moderate,Yes,81,77,Z1,Z6,No
ORD-6872,16:11,Sunday,5,702,14,Moderate,3,2,3.7,Moderate,Clear,Dense Urban,New,No,39,42,Z2,Z4,No
ORD-6873,19:05,Friday,4,966,12,High,10,2,4.3,Moderate,Clear,Urban,Moderate,Yes,38,43,Z3,Z5,No
ORD-6874,18:01,Friday,9,959,17,Low,2,11,5.2,Low,Clear,Suburban,Experienced,No,43,51,Z5,Z2,No
ORD-6875,22:13,Monday,3,515,15,High,5,6,4.5,Moderate,Clear,Dense Urban,Moderate,Yes,43,42,Z1,Z7,No
ORD-6876,20:24,Sunday,2,358,11,Moderate,1,3,3.0,Heavy,Clear,Urban,Experienced,Yes,30,40,Z1,Z8,Yes
ORD-6877,13:09,Friday,2,313,10,Moderate,13,1,1.7,Heavy,Clear,Dense Urban,Moderate,Yes,48,26,Z1,Z4,No
ORD-6878,12:24,Thursday,3,600,25,Very High,1,10,6.3,Moderate,Rain,Urban,Moderate,Yes,73,48,Z2,Z5,Yes
ORD-6879,14:21,Wednesday,8,1109,31,Very High,13,12,4.3,Severe,Clear,Urban,Experienced,Yes,94,51,Z6,Z7,No
ORD-6880,13:47,Sunday,4,1048,17,Moderate,2,3,3.7,Heavy,Clear,Dense Urban,Moderate,Yes,41,44,Z6,Z1,No
ORD-6881,14:08,Wednesday,2,477,9,Moderate,2,2,6.0,Low,Hot,Suburban,Moderate,Yes,29,45,Z2,Z7,No
ORD-6882,21:56,Sunday,2,268,11,Very High,2,4,4.0,Heavy,Rain,Dense Urban,New,Yes,50,47,Z5,Z6,No
ORD-6883,20:44,Wednesday,2,304,14,High,3,3,2.3,Heavy,Rain,Urban,Experienced,Yes,32,31,Z8,Z3,No
ORD-6884,18:13,Tuesday,2,243,12,Moderate,4,4,5.9,Low,Clear,Suburban,Moderate,No,48,38,Z2,Z1,Yes
ORD-6885,15:05,Friday,2,411,8,Low,2,2,3.7,Heavy,Clear,Urban,New,No,29,37,Z3,Z7,No
ORD-6886,20:57,Sunday,2,405,16,High,3,2,1.3,Low,Fog,Suburban,Experienced,Yes,28,24,Z8,Z2,No
ORD-6887,21:29,Sunday,6,737,37,Very High,6,3,10.8,Severe,Clear,Urban,Experienced,Yes,85,80,Z8,Z5,No
ORD-6888,22:37,Tuesday,3,546,11,Moderate,3,2,0.7,Moderate,Clear,Dense Urban,Experienced,No,23,26,Z3,Z1,No
ORD-6889,19:00,Saturday,6,1100,16,High,1,4,6.0,Severe,Clear,Suburban,Moderate,Yes,49,60,Z5,Z5,No
ORD-6890,20:17,Saturday,3,446,24,Very High,5,1,4.0,Heavy,Clear,Dense Urban,Experienced,Yes,49,43,Z5,Z1,No
ORD-6891,19:48,Wednesday,2,423,19,Very High,1,4,9.2,Moderate,Clear,Urban,Moderate,Yes,50,61,Z6,Z6,No
ORD-6892,09:54,Sunday,3,333,16,High,5,1,3.8,Heavy,Clear,Urban,Experienced,No,38,39,Z1,Z2,No
ORD-6893,21:14,Monday,4,632,18,Very High,3,5,1.0,Heavy,Clear,Urban,Moderate,Yes,33,31,Z7,Z3,No
ORD-6894,12:44,Saturday,3,886,19,Moderate,4,6,4.0,Heavy,Cold,Urban,New,Yes,47,38,Z2,Z4,No
ORD-6895,20:21,Saturday,3,517,14,Low,4,4,5.6,Moderate,Clear,Dense Urban,Moderate,Yes,46,47,Z8,Z2,No
ORD-6896,13:16,Thursday,4,449,17,Moderate,15,4,1.9,Severe,Rain,Suburban,Moderate,Yes,48,34,Z3,Z4,No
ORD-6897,19:25,Sunday,3,615,17,High,2,9,3.7,Heavy,Clear,Urban,Experienced,Yes,47,43,Z7,Z7,No
ORD-6898,15:39,Monday,2,381,10,Moderate,1,5,3.4,Moderate,Rain,Urban,Moderate,No,27,38,Z3,Z2,No
ORD-6899,18:41,Wednesday,1,302,11,Moderate,7,8,3.0,Heavy,Clear,Urban,Moderate,No,39,33,Z7,Z7,No
ORD-6900,12:53,Friday,3,556,10,Moderate,4,6,1.4,Severe,Cold,Suburban,Experienced,Yes,29,30,Z1,Z6,No
ORD-6901,22:55,Saturday,4,800,12,Moderate,1,4,5.4,Moderate,Clear,Urban,Experienced,No,33,42,Z2,Z8,No
ORD-6902,12:26,Friday,3,338,22,Very High,3,3,3.0,Moderate,Rain,Suburban,Moderate,Yes,43,36,Z2,Z3,Yes
ORD-6903,19:10,Sunday,2,335,14,Moderate,3,2,3.7,Severe,Clear,Urban,Experienced,Yes,38,37,Z8,Z8,No
ORD-6904,21:12,Thursday,3,787,15,High,1,2,3.3,Low,Clear,Urban,Experienced,Yes,32,38,Z5,Z4,Yes
ORD-6905,12:37,Sunday,8,988,50,Very High,4,5,5.2,Heavy,Clear,Dense Urban,New,Yes,84,50,Z8,Z7,No
ORD-6906,18:07,Friday,2,278,10,Low,2,2,7.1,Moderate,Clear,Urban,Experienced,No,34,45,Z2,Z6,No
ORD-6907,19:48,Saturday,3,497,12,High,2,6,6.1,Low,Clear,Suburban,Moderate,Yes,37,48,Z6,Z2,No
ORD-6908,11:42,Friday,3,937,16,High,4,4,3.8,Moderate,Clear,Dense Urban,Moderate,No,39,37,Z4,Z3,No
ORD-6909,09:40,Wednesday,3,618,11,Moderate,3,7,1.6,Moderate,Clear,Urban,New,No,33,31,Z4,Z7,Yes
ORD-6910,10:47,Tuesday,4,715,20,High,11,9,3.8,Low,Rain,Suburban,Experienced,No,54,41,Z4,Z7,No
ORD-6911,13:19,Thursday,2,402,12,Moderate,1,1,1.2,Heavy,Clear,Urban,Experienced,Yes,22,29,Z3,Z2,No
ORD-6912,19:31,Monday,4,1153,14,Moderate,1,3,5.4,Moderate,Clear,Suburban,Moderate,Yes,36,66,Z2,Z8,No
ORD-6913,20:14,Saturday,3,402,14,Moderate,1,2,4.0,Moderate,Hot,Urban,Experienced,Yes,30,38,Z5,Z8,No
ORD-6914,14:19,Thursday,2,281,13,Low,5,8,3.1,Heavy,Clear,Urban,New,Yes,43,39,Z2,Z5,No
ORD-6915,13:39,Monday,3,581,16,Very High,4,3,1.2,Severe,Clear,Urban,Moderate,Yes,33,33,Z7,Z4,No
ORD-6916,13:30,Monday,1,198,5,Low,6,6,7.2,Low,Rain,Suburban,Moderate,Yes,37,54,Z5,Z7,No
ORD-6917,19:54,Sunday,2,262,15,Very High,2,4,0.8,Heavy,Rain,Dense Urban,Moderate,Yes,30,29,Z4,Z6,No
ORD-6918,12:07,Thursday,2,295,11,High,17,8,0.9,Heavy,Hot,Urban,Moderate,Yes,43,31,Z2,Z5,No
ORD-6919,23:10,Friday,3,552,7,Moderate,1,6,3.5,Heavy,Clear,Urban,Experienced,No,47,40,Z6,Z8,No
ORD-6920,23:16,Saturday,3,374,10,Low,2,3,3.6,Moderate,Hot,Suburban,Moderate,No,28,39,Z8,Z3,No
ORD-6921,15:04,Saturday,4,927,16,Moderate,4,2,4.3,Low,Clear,Dense Urban,Moderate,No,36,40,Z1,Z6,No
ORD-6922,20:44,Saturday,3,630,17,Moderate,11,4,2.6,Heavy,Clear,Suburban,Moderate,Yes,48,38,Z1,Z8,Yes
ORD-6923,21:08,Monday,4,996,16,Moderate,7,2,5.3,Moderate,Clear,Suburban,Moderate,Yes,40,48,Z1,Z3,No
ORD-6924,20:50,Saturday,1,248,10,Moderate,3,5,3.6,Heavy,Clear,Urban,New,Yes,35,38,Z3,Z2,No
ORD-6925,19:30,Saturday,2,328,15,Moderate,4,2,1.9,Moderate,Rain,Dense Urban,Moderate,Yes,33,28,Z8,Z6,No
ORD-6926,18:14,Monday,4,857,17,Very High,2,5,1.3,Severe,Rain,Urban,New,No,36,36,Z5,Z4,No
ORD-6927,18:26,Wednesday,3,366,16,High,2,3,2.4,Low,Clear,Urban,Moderate,No,30,52,Z3,Z1,No
ORD-6928,19:21,Saturday,4,606,11,Moderate,3,6,4.7,Heavy,Clear,Dense Urban,Experienced,Yes,41,41,Z7,Z2,No
ORD-6929,19:40,Thursday,3,612,24,Very High,17,15,6.9,Moderate,Clear,Urban,Moderate,Yes,80,53,Z6,Z6,Yes
ORD-6930,10:34,Friday,4,495,50,Low,2,4,3.1,Moderate,Rain,Suburban,New,No,70,41,Z6,Z6,No
ORD-6931,20:42,Saturday,3,817,20,Moderate,2,3,2.9,Heavy,Hot,Suburban,Moderate,Yes,41,42,Z2,Z4,Yes
ORD-6932,10:39,Wednesday,2,352,10,Moderate,3,7,1.1,Moderate,Clear,Urban,Experienced,No,26,25,Z4,Z8,No
ORD-6933,19:20,Tuesday,5,870,15,High,10,4,3.5,Moderate,Hot,Urban,Moderate,Yes,55,44,Z2,Z6,No
ORD-6934,12:01,Saturday,4,939,12,Moderate,2,3,1.4,Low,Clear,Urban,Moderate,Yes,24,33,Z8,Z3,No
ORD-6935,21:09,Monday,5,965,8,Moderate,1,3,2.1,Severe,Clear,Urban,Moderate,Yes,26,37,Z4,Z8,No
ORD-6936,21:35,Saturday,5,815,27,Very High,5,2,3.7,Moderate,Clear,Suburban,Experienced,Yes,44,49,Z1,Z7,No
ORD-6937,18:14,Thursday,3,414,13,Low,2,4,4.4,Low,Rain,Urban,Experienced,No,33,36,Z4,Z5,No
ORD-6938,12:45,Monday,3,616,18,Moderate,8,4,4.1,Moderate,Rain,Dense Urban,Moderate,Yes,55,45,Z6,Z1,Yes
ORD-6939,11:53,Saturday,3,526,10,Moderate,5,3,1.6,Low,Clear,Urban,Moderate,No,26,27,Z8,Z2,No
ORD-6940,19:40,Thursday,3,264,23,High,5,3,6.0,Heavy,Clear,Urban,New,Yes,54,47,Z4,Z8,No
ORD-6941,22:55,Thursday,5,682,15,Moderate,7,3,4.5,Moderate,Cold,Dense Urban,Experienced,No,41,43,Z4,Z1,No
ORD-6942,20:53,Monday,1,248,8,High,4,5,4.9,Heavy,Clear,Dense Urban,Experienced,Yes,37,43,Z7,Z3,No
ORD-6943,21:09,Sunday,5,904,18,Very High,2,4,3.1,Low,Clear,Urban,Moderate,Yes,35,40,Z4,Z1,No
ORD-6944,21:52,Sunday,5,657,21,High,3,7,0.8,Moderate,Clear,Dense Urban,Experienced,Yes,40,30,Z2,Z2,No
ORD-6945,14:33,Wednesday,1,110,10,Moderate,1,2,2.8,Heavy,Clear,Dense Urban,Moderate,No,29,31,Z5,Z3,No
ORD-6946,12:32,Tuesday,4,834,11,High,8,1,0.9,Heavy,Fog,Dense Urban,Moderate,Yes,31,29,Z3,Z5,No
ORD-6947,23:31,Sunday,3,1147,11,Moderate,6,2,3.5,Low,Clear,Dense Urban,Experienced,No,33,38,Z3,Z5,No
ORD-6948,14:50,Thursday,2,417,14,Moderate,4,6,2.6,Moderate,Clear,Dense Urban,New,No,39,27,Z3,Z3,No
ORD-6949,20:01,Saturday,6,1171,20,Moderate,4,2,4.4,Heavy,Clear,Suburban,Moderate,Yes,43,52,Z8,Z1,No
ORD-6950,19:55,Monday,5,1039,15,Moderate,4,6,4.5,Low,Clear,Suburban,Experienced,Yes,38,45,Z2,Z2,No
ORD-6951,21:23,Friday,8,3049,28,High,11,6,0.9,Moderate,Clear,Dense Urban,Experienced,Yes,54,33,Z8,Z4,No
ORD-6952,12:48,Wednesday,8,1131,28,High,3,2,8.1,Heavy,Rain,Suburban,Experienced,Yes,85,73,Z4,Z2,No
ORD-6953,14:12,Wednesday,4,781,38,High,5,4,1.8,Heavy,Clear,Urban,Experienced,Yes,56,35,Z1,Z6,No
ORD-6954,19:51,Sunday,4,616,23,High,10,3,3.6,Severe,Clear,Urban,New,Yes,59,61,Z5,Z2,Yes
ORD-6955,18:50,Monday,2,394,13,Moderate,5,2,6.7,Heavy,Clear,Dense Urban,Moderate,No,48,53,Z2,Z5,No
ORD-6956,13:59,Thursday,3,554,9,Low,7,2,1.7,Moderate,Clear,Urban,Moderate,Yes,26,33,Z1,Z8,No
ORD-6957,19:30,Friday,5,811,22,High,5,2,1.1,Severe,Cold,Dense Urban,Moderate,Yes,44,39,Z3,Z2,Yes
ORD-6958,13:49,Monday,3,982,31,Very High,1,5,5.8,Low,Clear,Suburban,Experienced,Yes,53,45,Z5,Z2,No
ORD-6959,20:02,Sunday,2,307,16,Very High,4,8,2.5,Moderate,Clear,Urban,New,Yes,40,36,Z7,Z2,No
ORD-6960,21:18,Sunday,3,514,16,Moderate,8,2,3.5,Severe,Clear,Dense Urban,New,Yes,58,41,Z4,Z6,No
ORD-6961,19:24,Sunday,4,700,20,Moderate,7,4,1.6,Heavy,Rain,Dense Urban,Moderate,Yes,47,34,Z4,Z3,No
ORD-6962,19:10,Sunday,5,667,37,Very High,11,13,5.0,Heavy,Hot,Dense Urban,Experienced,Yes,88,51,Z5,Z5,No
ORD-6963,20:25,Saturday,5,1301,16,Moderate,5,3,4.7,Severe,Clear,Urban,Moderate,Yes,46,49,Z2,Z5,No
ORD-6964,14:34,Thursday,2,421,18,High,11,3,5.1,Severe,Clear,Dense Urban,Experienced,No,58,45,Z3,Z6,No
ORD-6965,21:25,Thursday,3,669,33,Very High,9,5,2.6,Moderate,Clear,Urban,Experienced,Yes,57,36,Z2,Z3,No
ORD-6966,12:17,Monday,5,617,23,Moderate,5,8,4.0,Heavy,Clear,Urban,Moderate,Yes,52,42,Z5,Z6,No
ORD-6967,13:14,Tuesday,2,244,11,High,8,3,3.3,Heavy,Clear,Urban,Moderate,Yes,36,44,Z5,Z7,No
ORD-6968,12:08,Monday,5,455,14,Moderate,2,4,4.0,Moderate,Clear,Urban,Moderate,Yes,51,38,Z8,Z4,No
ORD-6969,13:45,Tuesday,3,544,10,Moderate,5,5,2.4,Severe,Cold,Dense Urban,Experienced,Yes,37,38,Z3,Z8,No
ORD-6970,13:27,Tuesday,5,1103,12,Moderate,2,1,5.8,Moderate,Clear,Dense Urban,Experienced,Yes,36,52,Z2,Z5,No
ORD-6971,14:00,Thursday,2,250,12,Moderate,3,2,3.8,Severe,Clear,Dense Urban,Moderate,Yes,42,39,Z3,Z1,No
ORD-6972,11:22,Thursday,3,507,9,Low,1,2,1.8,Low,Clear,Urban,Moderate,No,20,30,Z5,Z5,No
ORD-6973,19:26,Monday,3,574,17,High,12,4,4.0,Severe,Rain,Urban,New,Yes,63,47,Z4,Z5,Yes
ORD-6974,21:46,Sunday,2,329,21,High,4,2,5.9,Moderate,Rain,Urban,Moderate,Yes,51,47,Z7,Z7,No
ORD-6975,22:06,Monday,5,743,16,Moderate,4,4,1.6,Heavy,Rain,Dense Urban,New,Yes,38,35,Z8,Z4,No
ORD-6976,20:07,Thursday,2,270,17,High,3,5,3.4,Moderate,Clear,Urban,Experienced,Yes,37,36,Z7,Z6,No
ORD-6977,09:20,Friday,2,318,10,Low,1,5,1.6,Low,Hot,Suburban,New,No,24,45,Z4,Z3,No
ORD-6978,13:22,Sunday,4,1480,22,High,12,3,5.2,Moderate,Clear,Suburban,New,Yes,55,48,Z4,Z4,No
ORD-6979,21:06,Saturday,4,941,32,Very High,2,1,5.8,Moderate,Clear,Urban,Experienced,Yes,55,47,Z6,Z1,No
ORD-6980,21:18,Sunday,4,667,16,High,8,8,3.3,Moderate,Hot,Dense Urban,Experienced,Yes,51,42,Z4,Z8,No
ORD-6981,23:39,Friday,2,265,14,Moderate,5,1,11.9,Moderate,Clear,Suburban,New,No,55,66,Z3,Z6,Yes
ORD-6982,15:34,Friday,4,1099,17,Moderate,3,3,6.2,Moderate,Clear,Urban,Experienced,No,46,50,Z8,Z5,Yes
ORD-6983,20:47,Sunday,3,569,16,High,8,5,5.7,Low,Clear,Suburban,Experienced,Yes,42,49,Z7,Z1,No
ORD-6984,17:55,Friday,4,558,19,Low,2,1,1.9,Moderate,Clear,Suburban,Experienced,No,30,26,Z7,Z8,No
ORD-6985,14:12,Sunday,2,199,20,Very High,7,2,4.9,Moderate,Clear,Suburban,Experienced,Yes,44,50,Z3,Z6,No
ORD-6986,20:54,Monday,1,202,14,High,5,1,4.0,Moderate,Clear,Urban,Experienced,Yes,33,42,Z1,Z8,No
ORD-6987,22:51,Wednesday,4,626,15,High,1,9,2.0,Low,Clear,Dense Urban,New,No,36,35,Z2,Z1,No
ORD-6988,19:16,Thursday,6,1380,25,High,4,1,3.8,Heavy,Clear,Suburban,Moderate,Yes,45,46,Z5,Z4,No
ORD-6989,14:53,Tuesday,3,594,14,Low,1,6,2.0,Moderate,Clear,Urban,Experienced,No,29,31,Z8,Z2,No
ORD-6990,20:05,Friday,1,228,12,High,8,7,1.3,Moderate,Hot,Urban,New,Yes,35,31,Z5,Z5,No
ORD-6991,22:27,Sunday,6,1273,14,Low,5,3,2.2,Heavy,Hot,Urban,Moderate,Yes,32,37,Z5,Z1,No
ORD-6992,20:04,Friday,2,406,13,Moderate,2,5,3.4,Heavy,Clear,Urban,Moderate,Yes,37,42,Z7,Z3,No
ORD-6993,11:19,Sunday,2,348,14,High,3,6,2.3,Low,Clear,Urban,New,No,32,28,Z6,Z4,No
ORD-6994,13:32,Friday,2,424,17,High,14,3,1.5,Moderate,Rain,Dense Urban,Experienced,Yes,61,56,Z5,Z4,Yes
ORD-6995,13:44,Saturday,3,721,14,Very High,1,7,4.2,Moderate,Clear,Urban,Experienced,Yes,39,44,Z6,Z6,Yes
ORD-6996,19:45,Saturday,4,614,18,Low,11,4,1.4,Moderate,Hot,Urban,Moderate,Yes,44,33,Z5,Z6,Yes
ORD-6997,18:37,Saturday,5,845,11,Low,6,3,4.2,Low,Clear,Urban,New,No,34,40,Z7,Z8,No
ORD-6998,20:33,Thursday,2,670,18,Very High,6,2,2.9,Heavy,Rain,Urban,Experienced,Yes,39,59,Z4,Z4,No
ORD-6999,12:24,Friday,5,706,23,High,13,7,1.0,Severe,Clear,Dense Urban,Moderate,Yes,71,39,Z4,Z5,No
